ID,text,source_type,subject,topic,keywords,chapter,title,,冊數,待辦備註
1,| | |<br>| :--- | :--- |<br>| **分布區域** | 主要位於南太平洋群島，包括臺灣、海南島、越南南部、菲律賓、馬來群島，東達南美洲西方的復活節島，西到東非外海的馬達加斯加島，南抵紐西蘭 |<br>| **人口數** | 約3億多人 |<br>| **學理根據：語言上的同源詞** | 同源詞是指來自於同一個語源的詞彙，彼此間有著近乎相同的語意與密切關聯的語音，可藉此辨別南島語言間的親屬關係，甚至推測出過去與現在使用這些語言的族群的起源、分布、遷徙、人文活動、地理環境以及氣候狀況等。例如「藤、竹、芋頭、小米」等語詞，都是熱帶或亞熱帶的植物，可以推論該語族在此範圍內 |<br>| **臺灣原住民與南島語族的關聯** | 臺灣各原住民族的語言不僅互有關聯性，也與太平洋、印度洋島嶼上的民族使用的語言具有親屬關係。因此被學術界歸類為「南島語族」 |<br>| **觀念釐清** | 南島語族分布的範圍內，也有部分族群使用非南島語族的語言，例如臺灣除原住民各族語言外，亦有閩南語、客語等漢語方言 |<br><br>【改寫自：〈平埔族隸屬的大家庭—南島語族〉，中央研究院數位典藏 http://ianthro.ioe.sinica.edu.tw】,teachers_book,原住民,文化,"[南島語族, 同源詞, 臺灣原住民, 語言, 遷徙]",V.1/Ch.1/臺灣的原住民族,「南島語族」的共通性,,第一冊,最後text、title的中文標點符號要改成全形
2,有關南島民族的起源，除最受支持的「臺灣起源論」外，學界也存在不同看法。例如考古專家也發現，海南島東南部海岸出土的新石器時代遺址，與臺灣同時期的遺址十分相似。專家指出，這表示它們很有可能都來自共同的早期文化傳統，由此可說明南島語系可能經由中國華南到中南半島，再擴散至太平洋諸島嶼，這為南島語系「多元路徑擴散論」提供了更多證據，臺灣可能並非唯一出口。此外，南島語族至今仍流行的「樹皮布文化」，根據樹皮布原料構樹的 DNA 鑑定結果，華南與臺灣均為構樹遺傳多樣性最高的地區，足以說明南島語族的起源應不只有臺灣，也涵括華南地區。<br><br>【改寫自：南島語族「多元路徑擴散」新研究 臧振華：臺灣不是唯一出口，Ettoday新聞雲 https://www.ettoday.net/news/20171106/1046006.htm#ixzz5Yh3jJCvp】,teachers_book,原住民,文化,"[多元路徑擴散說, 臺灣起源論, 樹皮布文化, 構樹, 華南地區]",V.1/Ch.1/臺灣的原住民族,南島語族起源另一說——「多元路徑擴散說」,,,
3,19世紀以來，學者透過體質、語言與文化等特質去了解南島語族。像是在西太平洋與部分非洲地區均有普遍使用的樹皮布，是南島語族重要的文化代表物。雖然現在樹皮布已非生活必需品，然而樹皮布文化依舊深植於南島語族人的傳統中。例如樹皮布製作的樹皮衣，在玻里尼西亞地區的上層社會仍有極大的象征意義，直到現在，印尼蘇拉威西北部、東加、薩摩亞、斐濟及夏威夷等地都為了儀式而持續製作樹皮布。<br><br>【改寫自：鄧聰，〈古代香港樹皮布文化發展及其意義淺釋〉《東南亞文化》1997年第1期，pp.30～37】,teachers_book,原住民,文化,"[樹皮布, 南島語族, 文化代表物, 玻里尼西亞, 儀式]",V.1/Ch.1/臺灣的原住民族,樹皮布文化搭起南島語族之間的聯繫,,,
4,太平洋藝術節為「太平洋共同體秘書處」所舉辦之四年一度的盛會，從第一屆至今已經有40餘年的歷史。其成立起因於1960年代以後，南太平洋諸島嶼紛紛獨立為新興國家，欲擺脫區域外強權主導的想法日漸高升，因而在1972年於斐濟舉辦第一屆「南太平洋藝術節」，後更名為「太平洋藝術節」。太平洋上各島國的南島語族即透過此活動分享彼此的文化、樂舞、工藝、語言等等，加強對彼此的認識。臺灣自2004年起，由民間表演團體開始參加活動，至2016年由關島舉辦的第13屆太平洋藝術節，首次以國家名義組團參加南島民族的文化藝術饗宴。<br><br>【改寫自：官大偉，〈太平洋藝術節之歷史與現況〉《原教界·原住民族教育情報誌》，2016年10月號71期，p.12、14】,teachers_book,中華民國,文化,"[太平洋藝術節, 南島語族, 文化, 樂舞, 國家名義]",V.1/Ch.1/臺灣的原住民族,臺灣原住民族參與太平洋藝術節,,,
5,泰雅族族人自稱Atayal，意為「我們泰雅人」；布農族自稱 bunun tua，意指「真正的人」，以示與別族有所區別；鄒族稱 Tsou 取自北鄒語的tsou，是「人」的意思；排灣族人自稱先最早發跡於大武山的「ka-paiwan」。阿美族自稱是 Amis 和 Pangtsah 兩種。Amis適用於阿美族分布地域的南部，亦即「卑南阿美」和「恆春阿美」之中，意謂「北」，也就是「北方」。<br><br>【引用自：馬淵東一著、楊南郡譯註，《臺灣原住民族移動與分布》（臺北：行政院原住民族委員會，2014），pp.23～28】,teachers_book,原住民,文化,"[泰雅族, Atayal, 布農族, 鄒族, 阿美族]",V.1/Ch.1/臺灣的原住民族,原住民族的族名意義,,,
6,| 書名 | 作者 | 內容 |<br>| :--- | :--- | :--- |<br>| **東番記** | 陳第（1603） | 作者陳第以儒家「父權社會」的價值觀來衡量臺灣「東番」的母系社會現象，雖難免有失客觀，但其中記載西拉雅族的文化史料彌足珍貴，是目前所知描寫臺灣原住民最早的著作 |<br>| **福爾摩沙島略記** | 荷蘭傳教士甘治士（1627） | 記載西拉雅族的政治組織與社會風俗等，可對照《東番記》，比對不同文化背景下的紀錄視角 |<br>| **關於艾爾摩莎島情況的報告** | 西班牙傳教士艾斯奇維（1632） | 文中有述及北臺灣的礦產與原住民的互動貿易和文化觀察，並藉此提出對西班牙長官殖民臺灣的建議 |,teachers_book,大航海時代,文化,"[東番記, 陳第, 福爾摩沙島略記, 甘治士, 艾斯奇維]",V.1/Ch.1/臺灣的原住民族,透過文獻認識早期臺灣的原住民族,,,
7,清代以下列三項條件，將原住民進行分類：<br>| | |<br>| :--- | :--- |<br>| **遵從教化** | 服從官府政令，子弟進入私塾接受教育 |<br>| **服徭役** | 如遞送公文、搬運、抬轎、工事等勞役 |<br>| **納稅餉** | 按照鄭氏王朝的舊例，上繳丁口餉，若子弟能到鄉塾讀書，則可免除，以示鼓勵 |<br>未符合上述三者的化外之民為「生番」，又稱「野番」、「山番」。他們主要分布於淺山與高山地區，直到19世紀末清廷實施「開山撫番」以前，他們一直被隔離於「番界」之外，受外來文化的影響較小。至於同時具備三項條件者，則為「熟番」。<br><br>【改寫自：許雪姬總策劃，《臺灣歷史辭典》（臺北：文建會，2004），p.264】,teachers_book,清治臺灣,政治,"[生番, 熟番, 教化, 徭役, 納稅餉]",V.1/Ch.1/臺灣的原住民族,清代區別生番與熟番的方式,,,
8,由於1923年裕仁皇太子訪臺時，認為「生蕃」的稱呼有歧視之意，建議改為「高砂族」較恰當，當時的報紙《臺灣日日新報》因而開始多以「高砂族」稱呼原住民，直到1935年才正式落實在官方文書上。然而，將臺灣原住民進行學術上的分類，則始自日本學者。<br>| 學者 | 分類 |<br>| :--- | :--- |<br>| **伊能嘉矩**<br>**粟野傳之丞** | 分成泰雅、布農、鄒、排灣、澤利先（魯凱）、漂馬（卑南）、阿美、平埔等八族 |<br>| **鳥居龍藏** | 較伊能、粟野二氏多了邵族與雅美族（達悟） |<br>| **移川子之藏**<br>**宮本延人**<br>**馬淵東一** | 扣除平埔，將臺灣原住民分為九族，且其分類中清晰完整地列出各族內的亞群，成為原住民族的官方分類 |<br>| **鹿野忠雄** | 1939年提出另一種複雜分類法，頗似淺井惠倫之分類，涉及種族、語言、文化等廣泛基礎 |<br><br>【改寫自：高育仁，《重修臺灣省通志（卷3）：住民志・同冑篇》（南投：國史館臺灣文獻館，1995），pp.2～3】,teachers_book,日治臺灣,政治,"[高砂族, 伊能嘉矩, 鳥居龍藏, 學術分類, 官方分類]",V.1/Ch.1/臺灣的原住民族,日治時期針對原住民族的學術分類,,,
9,1895～1906年來臺進行調查，著有《臺灣蕃人事情》、《臺灣蕃政志》、《臺灣志》等書，返日後又繼續研究，最後完成《臺灣文化志》，是一本關於臺灣族群、文化、歷史、典章制度等的一本百科全書，故人稱「臺史公」。1898～1899年，伊能嘉矩依照各族文化、語言、風俗習慣等差異，將臺灣原住民分為泰雅、阿美、布農、鄒、澤利先、排灣、漂馬、平埔，共八族，打破以往籠統生番、熟番的劃分法，又將平埔族分為八族，為將臺灣原住民分類的第一人，他的分類法在日治時期一直被官方文書所採用。<br><br>【改寫自：伊能嘉矩原著、楊南郡譯註，《平埔族調查旅行：伊能嘉矩〈臺灣通信〉選集》（臺北：遠流，1996），pp.5～10】,teachers_book,日治臺灣,文化,"[伊能嘉矩, 臺灣文化志, 臺史公, 分類, 平埔族]",V.1/Ch.1/臺灣的原住民族,伊能嘉矩,,,
10,統治者基於統治的需求而對原住民進行分類，也讓原為各族群自稱的族名轉為以統治者意識的各類名稱。<br>| 時間 | 17世紀 | 清代統治時期 | 日治時期 | 中華民國政府 |<br>| :--- | :--- | :--- | :--- | :--- |<br>| | | | | **1954年** | **1994年** | **1997年** |<br>| **分類方式** | 未明確分類 | 依歸順程度 | 依照體質語言文化等概念 | 依分布區域 | 受世界正名運動影響 | 由個人擴大為群體 |<br>| **名稱** | 東番、土番 | 「生番」、「熟番」及「化番」三類 | 「平埔族」和「高砂族」 | 「平地山胞」、「山地山胞」 | 「原住民」 | 改為「原住民族」 |,teachers_book,原住民,政治,"[分類, 生番, 熟番, 高砂族, 原住民族]",V.1/Ch.1/臺灣的原住民族,臺灣歷史各時期對於原住民族的分類,,,
11,臺灣原住民的親族組織類別可分為兩大類：一、氏族社會。部落成員源自一個共同遠祖，但欠缺明確的追溯系譜，是故常以動植物作為氏族象徵的圖騰。二、世系群社會：成員能夠根據系譜追溯到一個共同的祖先。不論是父系抑為母系，都是以遠祖的姓氏作為標誌。<br>在氏族社會下，家族是財產和生活的基本單位，依照「財產繼承權」和「家長權」的掌控程度，而有「父系」或「母系」社會等區別。另也有「貴族社會」，如排灣族與魯凱族，土地均為貴族所有，但在繼承權上則為雙系社會，排灣族由長嗣（不論男女），魯凱族則是以男性繼承人為優先。<br><br>【改寫自：簡後聰，《臺灣史》（臺北：五南，2002），pp.138～140】,teachers_book,原住民,社會,"[親族組織, 氏族社會, 世系群, 父系, 母系]",V.1/Ch.1/臺灣的原住民族,臺灣原住民族的親族組織與家族組織,,,
12,| | |<br>| :--- | :--- |<br>| **功能** | 具有政治、經濟、軍事與教育的功能，是傳承部落文化與部落主體性的重要場域 |<br>| **建築** | 就地取材，展現各族群不同的文化特色 |<br>| **參與者** | 限男性，女性禁止進入 |<br>| **式微** | 1950～60年代，許多部落會所被「活動中心」所取代，但近年在原住民「文化復振」的風潮中，也有不少部落恢復會所，來凝聚部落的宗教精神與情感 |<br>| **舉例** | 魯凱族的男子在8歲時進入少年會所，15歲進入青年會所，並開始接受一系列訓練，如禁食、試膽量、服勞役等，21歲時可結婚生子，脫離會所生活 |<br><br>【改寫自：全國宗教知識網，https://religion.moi.gov.tw/Knowledge/Content?ci=2&cid=526】,teachers_book,原住民,社會,"[會所, 部落文化, 男性, 文化復振, 魯凱族]",V.1/Ch.1/臺灣的原住民族,原住民族的會所制度,,,
13,| 族群<br>類別 | 排灣族 | 魯凱族 |<br>| :--- | :--- | :--- |<br>| **雙系社會** | 由家中出生序位第一的小孩來繼承家庭，因為不分男女而又稱為雙系制度 | 由家中長男繼承家屋、家名，若是家中無男性則由女性招贅繼承 |<br>| **階級制度** | 分為頭目、貴族、巫師與祭司、士族、庶民五個階級，每個階級所能享受的權利不同。頭目與貴族社會地位較高，擁有最多資源。士族階級介於貴族與庶民之間。庶民則藉由個人成就表現，獲得頭目與部落青睞 | 分為傳統領袖、貴族、士族、平民四個階級，每個階級權利義務各不相同。傳統領袖與貴族社會地位最高，擁有最多資源。士族階級介於貴族與平民間，是具有優異功績或者特殊才能的村民。平民在進行各項工作前，都需要支付部分稅收給頭目 |<br>| **婚姻影響社會地位** | 排灣族透過婚姻關係界定社會地位，因此階級會因通婚而改變。例如平民與貴族或頭目通婚後成為近親，也會提升自己的身分地位 | 締結婚姻前首先考慮階級身分，結婚後可因嫁娶或入贅的對象，而讓子女階級產生改變，故以雙方階級相同的「同級婚」最為族人所接受 |<br><br>【改寫自：「排灣族社會制度」，臺灣原住民族文化知識網，https://knowlegde.gov.taipei/News_Content.aspx?n=5C6D65F83BD80BCF&sms=1D81A96ECBE66C8E&s=2BB425D636CE09AB。「魯凱族社會制度」，臺灣原住民族文化知識網，https://knowlegde.gov.taipei/News_Content.aspx?n=5C6D65F83BD80BCF&sms=1D81A96ECBE66C8E&s=402C4B90132A411E】,teachers_book,原住民,社會,"[排灣族, 魯凱族, 雙系社會, 階級制度, 頭目]",V.1/Ch.1/臺灣的原住民族,排灣族與魯凱族的社會結構,,,
14,依據居住地的差異，原住民族各自採取不同的營生方式，例如：達悟族因定居在島嶼，故以漁撈維生；至於分布在高山地區的布農、賽夏族，即以農耕與狩獵為主。而各族各部落之間皆有其特定的獵場，互不侵犯，也絕不捕殺與該族始祖傳說有關的動物；在動物繁衍後代的時節，也不從事打獵。更重要的是，對於漁獲與狩獵的需求僅止於生活無虞，不會肆無忌憚的捕撈，維持與大自然之間的供需平衡。<br><br>【改寫自：陳雨嵐，《臺灣的原住民》（臺北：遠足，2004）、pp.66、168～169】,teachers_book,原住民,經濟,"[維生方式, 達悟族, 漁撈, 狩獵, 供需平衡]",V.1/Ch.1/臺灣的原住民族,原住民族與自然共處的維生方式,,,
15,臺灣原住民住屋研究權威千千岩助太郎，於1934年到1944年在臺進行原住民部落的傳統家屋考察，從他的調查紀錄可知，臺灣原住民傳統住家的特徵包含以下特色：<br>| | |<br>| :--- | :--- |<br>| **就地取材** | 例如：南部魯凱排灣多石板屋，北部泰雅族則多以竹材建屋 |<br>| **順應氣候環境** | 例如：蘭嶼多颱風，達悟族為避風雨，往往下挖住家地基；其他族為防範毒蛇、老鼠，穀倉多採高架式 |<br>| **融入宗教風俗及宇宙觀** | 例如：魯凱族將先人葬在住家下方 |<br><br>【改寫自：陳凱劭，〈臺灣高砂族之住家〉《臺灣學通訊》（家屋），第78期，2013.11】,teachers_book,原住民,文化,"[千千岩助太郎, 住屋, 就地取材, 石板屋, 宇宙觀]",V.1/Ch.1/臺灣的原住民族,原住民的傳統住屋特徵,,,
16,達悟族的半穴居，因應夏季颱風、冬季冷冽東北季風的侵襲，排灣、魯凱和布農族的石板屋，則是因當地河床盛產石板頁岩，就地取材；泰雅、太魯閣、賽夏與鄒族則以木材、竹子為材料搭建家屋。<br><br>【改寫自：鳥居龍藏，《探險臺灣》（臺北：遠流，1996），pp.219～220】,teachers_book,原住民,文化,"[半穴居, 石板屋, 達悟族, 排灣族, 泰雅族]",V.1/Ch.1/臺灣的原住民族,原住民族因地制宜的住屋材料與建築樣式,,,
17,原住民族的衣飾因應不同的自然環境而有所差異，如達悟族男子為適應海上生活與熱帶氣候，穿著丁字褲；泰雅和太魯閣族，身上常有披肩，則是作為山區生活保暖之用；布農族男子常穿梭於山林間，為便於行動，以及避免被草類割傷，短裙與綁腿因而成為其服裝特色。此外，由服飾差異也反映出個人在族群中的階層，例如阿美族未成年男子只能穿著短裙，待成年才能穿著完整服飾。<br><br>【改寫自：陳雨嵐，《臺灣的原住民》（臺北：遠足，2004），pp.132、136～140】,teachers_book,原住民,文化,"[衣飾, 丁字褲, 泰雅族, 布農族, 階層]",V.1/Ch.1/臺灣的原住民族,原住民族衣飾特色,,,
18,| 族別 | 信仰 | 說明 |<br>| :--- | :--- | :--- |<br>| **賽夏族** | 矮靈祭 | 相傳古代矮人傳授農耕與建築技術給賽夏族，某次豐收祭之夜，矮人調戲賽夏族少女，賽夏族人用計害死矮人後，農作年年歉收，賽夏族為平息矮人的憤怒，因此決定每年農曆10月舉行矮靈祭以求平息消災 |<br>| **布農族** | 射耳祭 | 每年國曆4至5月舉行，長老率先射耳，接下來由長老陪著男孩一起拉弓射耳，展現男子的英雄氣概 |<br>| **鄒族** | 戰祭 | 祭拜天神和戰神，在會所及其廣場前舉行，舉行的時機有三：<br>1. 勇士征戰（出草）凱旋歸來時<br>2. 重建或修建會所時<br>3. 成年禮及男子週歲獻禮後<br>意義：是要勉勵鄒族人用自己全部的精神和生命來保護整個部落，並祈求戰神降臨保佑他們 |<br>| **拉阿魯哇族** | 聖貝祭 | 視「聖貝」為太祖（貝神）居住之所，每年舉行大祭典以求平安。每兩年舉行一次，於國曆元月1日至15日之間舉行。其中以「聖貝薦酒」儀式最為重要：將聖貝浸在酒裡，察其顏色變化，如果變成紅色，便代表祭典圓滿成功 |<br>| **卡那卡那富族** | 米貢祭 | 相傳地神曾拿餅款待族人，並給予大豆、樹豆等種子，成為族人的主要食物，故往後豐收後都會舉辦祭典，以表達對天、地神的感謝 |<br>| **排灣族** | 百步蛇信仰<br>五年祭 | 相傳排灣族的先祖是百步蛇卵孵出來的，所以百步蛇是「祖靈」的象徵。百步蛇所生為頭目祖先，龜殼花所生為平民，頭目與平民禁婚<br>藉由族人手持竹竿聚集在刺球場的方式，召喚神祇和祖靈歸來，並祈求祖靈所賜的祝福，能透過刺球活動降臨到自己和家人身上 |<br>| **達悟族** | 飛魚祭 | 約從2月下旬到10月舉行大船初漁祭、小船初漁祭、飛魚收藏季、飛魚終食祭等，統稱為飛魚祭 |<br>| **撒奇萊雅族** | 巴拉瑪火神祭 | 是對祖先的追思祭典，祭典中共有七道法禮，儀式中祝禱司為族人以酒沫蕉葉表示護身，而族人持火把巡禮繞圈。祈福儀式後，舉行火葬儀式燃燒火神太花棺，祈求火神的靈魂能與族人一起浴火重生 |<br>| **卑南族** | 少年猴祭 | 參加猴祭的主要成員，以13至18歲的男孩們為主，祭典前先進行馬拉松賽跑，鍛練體力，然後在長老指導下，以長矛刺死關在祭壇上的猴子，藉此訓練孩童膽識和狩獵技術 |<br><br>【改寫自：阮昌銳編著，《臺灣的原住民》（臺北：臺灣省立博物館，1996），pp.61～63。達西屋拉彎·畢馬（田哲益），《臺灣布農族的生命祭儀》（臺北：臺原，1992），pp.68～71。文化部國家文化資料庫，http://nrch.cca.gov.tw/twpedia.php?id=11096。拉阿魯哇族，臺灣原住民族委員會，https://reurl.cc/mY8R9。卡那卡那富族，臺灣原住民族委員會，https://reurl.cc/NxvNp。慧炬雜誌社，〈臺灣原住民與蛇〉《慧炬雜誌》580期（2013.2），pp.14～15。林建成，《後山原住民之歌》（臺北：玉山社，1996），pp.108～109。臺灣原住民族資訊資源網，https://reurl.cc/8nKbKX。林建成，《後山原住民之歌》（臺北：玉山社，1996），pp.40～41。】,teachers_book,原住民,文化,"[矮靈祭, 射耳祭, 戰祭, 五年祭, 飛魚祭]",V.1/Ch.1/臺灣的原住民族,原住民族文化祭儀,,,
19,阿立祖，是西拉雅族的祖靈與守護神，多以「祀壺」、「豬頭殼」、「將軍柱」等為象徵物，壺甕等容器內裝水，是祖靈洗淨休憩之所，所以沒有塑像與神位；但受到漢人影響，也出現變化，像屏東地區平埔族所祭祀的「老祖」，就約有三分之一改成神像。<br><br>【引用自：李亦園，〈臺灣平埔族的祖靈祭〉《中國民族學報》第1期（臺北：中國民族學會，1955），pp.125～137】,teachers_book,原住民,文化,"[阿立祖, 西拉雅族, 祖靈, 祀壺, 漢人影響]",V.1/Ch.1/臺灣的原住民族,阿立祖,,,
20,| 夜祭 | 是西拉雅族的傳統信仰祭典，又分為「夜祭正典」與「哮海祭」兩部分 |<br>| :--- | :--- |<br>| **夜祭正典** | 祭祀守護神阿立祖，每年農曆9月4日晚上，進行敬酒禮與請神，過火淨豬，將豬隻獻給阿立祖。最後尪姨與祭司帶領小女孩們展開「牽曲」，手交叉圍成圈，邊唱邊跳儀式歌謠 |<br>| **哮海祭** | 是祭祀渡海來臺的祖先與「海祖」，夜祭隔日午後，在大公廨西南方的稻海間，地上鋪了香蕉葉，上置祀壺與檳榔，象徵祖先渡海的情景，「哮海祭」結束前，尪姨會奔到前方，面向西南揮舞著象徵權威的尪祖拐，隨後倒地翻滾嚎啕著訓誡子弟，不可忘記先人恩德 |<br><br>【改寫自：劉還月，《尋訪臺灣平埔族》（臺北：常民文化，1997），pp.41～75。臺灣宗教文化資產，https://www.taiwangods.com/html/cultural/3_0011.aspx?i=49】,teachers_book,原住民,文化,"[吉貝耍, 夜祭, 西拉雅族, 阿立祖, 哮海祭]",V.1/Ch.1/臺灣的原住民族,吉貝耍夜祭,,,
21,| | |<br>| :--- | :--- |<br>| **社會地位** | 在傳達祖靈意向過程中，尪姨扮演最重要的中介角色，所以尪姨在西拉雅族社會中的地位高於一般人 |<br>| **職責** | 1. 主要工作是主持祭祀活動，例如：最著名有夜祭、哮海祭和驅趕邪靈，使用工具為手斧，因刀劍的砍劈可迫使邪靈躲到水中而溺斃<br>2. 告知眾人趨吉避凶的方法、預測吉凶與天氣狀況<br>3. 詢問日常生活適宜之事，如開路、姻緣、事業等，尪姨都可以透過巫術的力量，獲得解決 |,teachers_book,原住民,文化,"[尪姨, 祖靈, 西拉雅族, 祭祀, 巫術]",V.1/Ch.1/臺灣的原住民族,尪姨,,,
22,海祭之前，由部落男性開會決定拜海日期，通常是漲潮時間，因為浪會進來，彷彿把魚帶來之意。海祭沒有嚴格的禁忌，祭品主要是豬的內臟，當天殺一隻豬，將生的豬肝、豬心等切片，插在小竹竿上。長老們各自面海，手持竹杖唸禱詞，祈求捕魚豐收。傳統海祭活動，女性不能參與也不能接近海邊，活動結束，婦女們帶著食物來，大家坐在地上歡樂喝酒吃飯，最後各自散去。<br><br>【改寫自：劉璧榛，《認同、性別與聚落：噶瑪蘭人變遷中的儀式研究》（南投：國史館臺灣文獻館，2008），pp.325～331】,teachers_book,原住民,文化,"[噶瑪蘭族, 海祭, 祭品, 長老, 捕魚]",V.1/Ch.1/臺灣的原住民族,噶瑪蘭族的海祭,,,
23,荷蘭人利用一部分原住民去討伐另一部分原住民的作法，不僅能節省軍事支出，還可從中製造矛盾，便於居間控制。例如討伐麻荳社時就率領新港社原住民前往，並將捕獲的麻荳社原住民交付新港社自行處置；麻荳社被鎮壓後，又令他們對其他村社進行戰鬥。在討伐蕭壠社時，亦讓新港各村社4～500名原住民參與。<br><br>【改寫自：楊彥杰，《荷據時代臺灣史》（臺北：聯經，2000），p.89】,teachers_book,大航海時代,政治,"[荷蘭人, 分化, 麻荳社, 新港社, 蕭壠社]",V.1/Ch.1/臺灣的原住民族,荷蘭採取分化原住民族的政策,,,
24,| | |<br>| :--- | :--- |<br>| **長老** | 荷人為便於控制，要求每個村社選出長老，自行管理村內事務。荷蘭當局發給每位長老銀飾藤杖、荷蘭旗幟，作為權力的象徵。長老定期參加地方會議，報告轄區內的事，荷人加以考核並給予獎懲 |<br>| **地方會議** | 全臺分為四個地方會議區：北部地方會議區（大員以北）、南部地方會議區（大員以南）、卑南地方會議區（臺東）、淡水地方會議區。從1644年8月起，每年召開一次，時間一般落在3、4月，但只有北部和南部如期舉行，淡水和卑南則因控制力不強未能如預定規劃執行 |<br><br>【改寫自：楊彥杰，《荷據時代臺灣史》（臺北：聯經，2000），p.93～94。賴澤涵，〈荷、西、鄭氏王朝在臺的經營與臺灣的經濟、社會及文化的影響〉，收入賴澤涵主編，《臺灣經濟、社會與文化的變遷》（臺北：威仕曼文化，2008），pp.332～333】,teachers_book,大航海時代,政治,"[長老, 地方會議, 荷蘭, 管理, 藤杖]",V.1/Ch.1/臺灣的原住民族,荷蘭透過部落長老、地方會議管理各地原住民,,,
25,為荷蘭至清朝年間，原住民部落特有的賦稅承包制度。荷治初期，漢人可自行進入原住民部落進行買賣。1644年，荷蘭召開地方會議，規定漢人必須參與荷蘭東印度公司的競標，得標者必須向公司繳納稅金，才能進入部落進行交易。公司於每年的4至5月進行招標，出標最高者取得該部落的貿易壟斷權。而在進行貿易之前，社商必須先繳納一半的承包稅，另一半待承包期滿後再結算，此稱贌社制度。此制度一直延用至清代，於1737年（乾隆2年）廢除。<br><br>【改寫自：臺灣原住民族歷史語言文化大辭典，https://reurl.cc/Q3yALO。吳聰敏，〈贌社制度之演變及其影響，1644-1737〉，《臺灣史研究》第16卷第3期（2009.9），p.33】,teachers_book,大航海時代,經濟,"[贌社制度, 賦稅, 荷蘭東印度公司, 競標, 社商]",V.1/Ch.1/臺灣的原住民族,贌社制度,,,
26,傳教地區主要在大員附近，北部、東部則尚無暇注意。荷人對傳教是相當積極的，其目標是為使原住民服從荷人統治，因此當時的作法是強迫性的。無故不到教堂或上學者（學校亦為傳教之用）要處以罰款甚至鞭笞，當然，也有以實物、布料，甚或是津貼，補助優秀的原住民，希望他們能發揮功能繼續傳教，惟後來荷人被鄭成功驅逐後，不少原住民或漢人隨即改信原宗教，故成效並未如預期。<br><br>【引用自：賴澤涵，〈荷、西、鄭氏王朝在臺的經營與臺灣的經濟、社會及文化的影響〉，收於賴澤涵主編，《臺灣經濟、社會與文化的變遷》（臺北：威仕曼文化，2008），pp.333～334】,teachers_book,大航海時代,文化,"[傳教, 荷蘭人, 教堂, 學校, 基督教]",V.1/Ch.1/臺灣的原住民族,荷蘭人向原住民傳教,,,
27,由於原住民沒有文字，因此17世紀的傳教士便嘗試用羅馬字母教導西拉雅人拼寫自己的語言，以便於閱讀聖經，成為臺灣史上最早的原住民書寫文字——「新港文」（因新港社保留眾多的語言資料，故以此稱）。1636年正式成立學校；1659年，在蕭壠社成立基督教神學院，是臺灣第一間西式高等教育學校。由於新港社是西拉雅族中最早接受西方基督教的原住民，不少學校老師皆出身於此。這些新港人老師，在荷蘭人離開臺灣後，仍繼續扮演語言傳承的角色，直到1662年荷蘭人離臺後，「新港文」還持續使用了160～170年之久。<br><br>【改寫自：新港文書與臺灣史上的族群互動—研究成果問與答，中央研究院臺灣史研究所檔案館・館藏選粹 http://archives.ith.sinica.edu.tw/collections_con.php?no=1】,teachers_book,大航海時代,文化,"[新港文, 羅馬字母, 西拉雅人, 傳教士, 新港社]",V.1/Ch.1/臺灣的原住民族,「新港文」的產生,,,
28,1682年鄭氏政權為防守滿清入侵，欲北運軍餉，因此徵調原住民道卡斯族從事苦力工作，由於嚴厲對待，原住民不堪忍受，因此起來反抗。殺漢人通事、搶奪糧餉，新港（今苗栗後龍）、竹塹地區（今新竹）等地也跟著響應。鄭氏於是派遣陳絳率兵前來鎮壓，原住民逃入山區，部分接受鄭軍招撫，返回原居地香山，不願歸降鄭軍的竹塹社原住民，則繼續在新竹、苗栗一帶山中藏匿，最後定居下來，成為賽夏族的一支。,teachers_book,鄭氏臺灣,政治,"[鄭氏政權, 原漢衝突, 道卡斯族, 竹塹地區, 陳絳]",V.1/Ch.1/臺灣的原住民族,鄭氏時期原漢衝突,,,
29,康熙末期劃定番界後，至雍正年間近山地區仍有「番害」不斷，因此乾隆初期開始，於番界附近設立關隘加強控管，最初交由駐臺綠營官兵執行稽查工作，然因西部區域遼闊，礙於兵額有限不易增補人力，又有招募民間壯丁協助加強隘口防禦，而後更透過原住民土目、通事，派撥熟番巡防隘口，至1754年，全臺關隘制度已陸續形成。<br>1786年林爽文事件中，因平埔族（巴則海族）協助清軍作戰，至1788年，由福康安建議仿照四川屯練方式，雇用平埔族為守衛，稱為屯丁，實施屯防制度，沿山番界設置。然而，這套屯防制度至道光年間就已逐漸鬆弛了，1886年劉銘傳廢除原有隘制，再依屯營的制度召募隘勇，配備在中、南、北及東部，築上碉堡，形成一道道防線，稱為隘勇（丁）線，這套制度至日治時期繼續沿用。<br><br>【改寫自：桃園市政府文化局，《桃園市文化景觀「土牛溝調查研究暨保存維護計畫」成果報告書》（桃園：桃園市政府文化局，2017）、p.2-7、2-20。陳宗仁，〈十八世紀清朝臺灣邊防政策的演變：以隘制的形成為例〉《臺灣史研究》第22卷第2期，2015，p.11、16】,teachers_book,清治臺灣,政治,"[隘防制度, 番界, 屯丁, 隘勇線, 劉銘傳]",V.1/Ch.1/臺灣的原住民族,清代臺灣隘防制度,,,
30,| | |<br>| :--- | :--- |<br>| **漢人對原住民的傷害** | 1. 漢人以婚姻、借貸、買賣等方式巧取，或以武力豪奪<br>2. 原住民常受官府的不當差遣、剝削與欺凌<br>3. 1731年大甲西社事件，參與的原住民部落幾乎全被清廷消滅 |<br>| **平埔族人的遷移** | 1. 1804年，道卡斯、巴則海、拍瀑拉、貓霧揀等部分番社，越過中央山脈，進入蘭陽平原發展<br>2. 1823年，前述各族的部分番社進入到埔里盆地開發<br>3. 1840～1878年時，蘭陽平原噶瑪蘭族的加禮宛等社，曾沿臺灣東海岸南下遷移到花蓮與臺東一帶發展<br>4. 1829～1892年時，西拉雅族若干部落陸續遷移到中央山脈邊緣、屏東恆春與臺東一帶發展 |<br>| **原住民勢力的消退** | 1. 原住民（主要為平埔族）土地大幅縮減，為求生存需學習漢語與漢人的耕作技術<br>2. 同化於漢人，傳統文化與宗教信仰逐漸消失<br>3. 平埔族與漢人通婚，加上商品的交換買賣：原漢關係趨向緩和<br>4. 原住民被迫遷往內山、東部另謀新生存空間 |<br><br>【改寫自：李亦園，〈從文獻資料看台灣平埔族〉，《大陸雜誌》第10卷第9期（1955年4月），pp.285～295】,teachers_book,清治臺灣,社會,"[平埔族, 遷徙, 漢化, 土地, 蘭陽平原]",V.1/Ch.1/臺灣的原住民族,平埔族的遷徙與漢化,,,
31,| | |<br>| :--- | :--- |<br>| **背景** | 1731年，大甲西社原住民林武力等，因不堪淡水同知張弘章指派的沉重勞役，憤而武裝抗官，此次事件透過官方鎮撫後並未立即擴大。但隔年臺灣道倪象愷之表親為貪功，竟將幫助官兵運糧的5名大肚社原住民殺死，冒充作亂原住民之屍首，原住民因而再度抗官，以致事件擴大 |<br>| **經過** | 1732年，大肚社原住民聯合中部十餘社平埔族約二千人圍攻彰化縣城。至此大安溪到大甲溪之間，原屬於大肚王國領域的山谷都陷入動盪之中 |,teachers_book,清治臺灣,政治,"[大甲西社事件, 林武力, 勞役, 大肚社, 彰化縣城]",V.1/Ch.1/臺灣的原住民族,大甲西社事件,,,
32,潘敦仔（1705～1771年）為岸裡社的土官，在治理岸裡社時期，他積極漢化，除剃髮留辮外，也冠漢人姓氏，更與當時開墾臺中盆地的張達京合作，將水田技術引進岸裡社，並改變部落原有的財產公有制，推行土地私有化。岸裡社也因此逐漸改變為定居的農耕社會。,teachers_book,清治臺灣,社會,"[潘敦仔, 岸裡社, 漢化, 張達京, 土地私有化]",V.1/Ch.1/臺灣的原住民族,積極漢化的潘敦仔,,,
33,張達京（1690～1773）字振萬，號東齋，為廣東省潮州府大埔縣的客家人，渡海來臺後居岸裡社（今臺中市）。張氏熟悉番語，當時岸裡社發生流行疾病，張氏以其醫術救治不少人，受頭目阿穆賞識，而將女兒嫁給他，人稱「番仔駙馬」。1723年任岸裡社總通事，設立「張振萬」墾號投入開墾。後與土官潘敦仔簽訂墾約，用「割地換水」方式，即用開墾的貓霧揀圳一部分水源與原住民交換土地，順利開發臺中地區。1750年，因其勢力過大，遭清廷整肅，張達京遭革職遣回原籍。<br><br>【改寫自：張子文、郭啟傳、林偉洲撰，國家圖書館特藏組編輯，《臺灣歷史人物小傳-明清暨日據時期》（臺北：國家圖書館，2003年），pp.431～432】,teachers_book,清治臺灣,經濟,"[張達京, 岸裡社, 番仔駙馬, 割地換水, 貓霧揀圳]",V.1/Ch.1/臺灣的原住民族,張達京的生平事蹟,,,
34,平埔族大都漢化了，這是就文化與語言而言。其實頗有一些漢人流著他們的血液。清朝統治臺灣，前半期禁止攜眷，男多女少，本地漢人即使有能力成家，也很難找到漢人女子來婚配。俗話說：「有唐山公，無唐山媽。」指的就是在早期移民社會，許多漢人男子娶平埔族女子為妻的現象。語言學家李壬癸以族譜所記載之祖先遷居地，多與平埔族混雜，因而懷疑自己的祖先可能娶了「平埔媽」。<br><br>【改寫自：周婉窈，《臺灣歷史圖說——史前至一九四五年》（增訂本）（臺北：聯經，2009），pp.95～96】,teachers_book,清治臺灣,社會,"[原漢通婚, 平埔族, 有唐山公無唐山媽, 移民社會, 李壬癸]",V.1/Ch.1/臺灣的原住民族,原漢通婚,,,
35,| | |<br>| :--- | :--- |<br>| **政策** | 1758年，福建分巡臺灣道楊景素諭令平埔族「薙髮留辮」，同時賜「漢姓」 |<br>| **改姓** | 包括：潘、陳、劉、戴、林、黃、錢、江、廖、穆、莊、鄂、來、印、鍾、蕭、楊、朱、趙、孫、金、賴、余、巫、莫、文、米、葉、衛等 |<br>| **目的** | 1. 建立以「男性」為中心的父系制度社會，在儒家「同姓不婚」的規範下，社族外的婚姻將造成族群與原本母系社會的瓦解<br>2. 透過統治者賜姓，收編被賜姓者，加強認同 |<br><br>【改寫自：李筱峰，《臺灣史100 件大事》（臺北：玉山社，1999），pp.49～51】,teachers_book,清治臺灣,政治,"[漢姓, 楊景素, 薙髮留辮, 父系制度, 賜姓]",V.1/Ch.1/臺灣的原住民族,清代平埔族改漢姓經過,,,
36,| | |<br>| :--- | :--- |<br>| **時間** | 1867年3～6月 |<br>| **經過** | 1. 美船羅妹號在臺灣南部觸礁，船員在琅嶠附近登陸遭原住民攻擊，英國領事派駐安平的艦艇營救卻不敵原住民攻擊而返回<br>2. 美國駐廈門領事李仙得與臺灣官員進行洽談，希望與原住民頭目會面，但官員以「生番兇悍不可理喻、番地不歸地方官管轄」加以推諉<br>3. 李仙得自行與十八社總頭目卓杞篤達成協議，頭目答應往後如有中外船隻失事，應妥為救護 |<br>| **影響** | 1. 李仙得隨後發表「臺灣土著區是中華帝國的一部分嗎？」否定清廷對臺灣原住民族生活區域的統治主權<br>2. 日本後來發動的牡丹社事件，即是在李仙得指導下，以「番地無主論」作為侵略臺灣的理論基礎 |<br><br>【引用自：楊碧川編，《臺灣歷史辭典》（臺北：前衛，1997），p.170】,teachers_book,清治臺灣,政治,"[羅妹號事件, 李仙得, 卓杞篤, 番地無主論, 琅嶠]",V.1/Ch.1/臺灣的原住民族,羅妹號事件,,,
37,| | |<br>| :--- | :--- |<br>| **時間** | 1874年 |<br>| **經過** | 1. 1871年琉球漁民船難漂流到臺灣屏東滿州鄉，遭遇高士佛社與牡丹社排灣族攻擊，54人遇害，12人倖免於難回到琉球<br>2. 日本責問清廷船難之事，清廷以「番地為化外之地」而不予理會。在美國駐廈門領事李仙得擔任顧問下，1874年日軍由西鄉從道中將率領登陸琅嶠社寮，降服琅嶠附近番社。日軍旋以龜山為大本營，架橋開荒，做長期居留之計<br>3. 清廷向日本外務省抗議，並派沈葆楨為欽差大臣經略臺灣。加上英使居中協調，雙方在北京締結《北京專約》，條約第三條「該處生番，中國自宜設法妥為約束」，臺灣東南部領域的主權，明確獲得列強的承認，臺灣番地屬清國所有，打破之前「番地無主論」的主張 |<br>| **影響** | 沈葆楨奏請開發後山，改變歷來消極理番的政策，轉以撫化「生番」為要務 |<br><br>【引用自：戴寶村，《帝國入侵——牡丹社事件》（臺北：自立，1993），p.5】,teachers_book,清治臺灣,政治,"[牡丹社事件, 琉球漁民, 化外之地, 西鄉從道, 沈葆楨]",V.1/Ch.1/臺灣的原住民族,牡丹社事件,,,
38,| | |<br>| :--- | :--- |<br>| **設置** | 1875年廢除理番同知後，於1886年由劉銘傳設立撫墾總局，直屬於巡撫 |<br>| **管理** | 分臺灣「番地」為三路，自埔里社以北至宜蘭為北路，以南至恆春為南路，臺東一帶為東路。於大嵙崁設撫墾總局，下轄有8個局 |<br><br>【改寫自：許雪姬，《滿大人最後的二十年—洋務運動與建省》（臺北：自立，1993），pp.104～105。薛化元，《臺灣開發史》（臺北：三民，2008），p.97】,teachers_book,清治臺灣,政治,"[撫墾總局, 劉銘傳, 番地, 埔里社, 大嵙崁]",V.1/Ch.1/臺灣的原住民族,撫墾總局管理原住民,,,
39,佐久間是臺灣歷任總督中年紀最大、在位最久的總督，來臺時已經62 歲。由於任內致力於臺灣的理蕃事業，所以被稱為「理蕃總督」。他將統治觸角伸入山林，並希望藉此取得樟腦資源，因此在佐久間任內留下為數不少的山地巡視與征討紀錄。採取「北剿南撫」及「威撫並行」政策，原住民族的反抗力量因此被大為削弱。他甚至親自參與討伐工作，於1914年親自率領征伐太魯閣族，但於巡視前進路線時，不慎從斷崖墜落重傷，隔年5月辭去總督返日療養不久後過世。<br><br>【改寫自：張靜宜，《太陽旗下的臺灣》（臺中：莎士比亞文化，2006），pp.9～12】,teachers_book,日治臺灣,政治,"[佐久間左馬太, 理蕃總督, 樟腦, 北剿南撫, 太魯閣族]",V.1/Ch.1/臺灣的原住民族,「理蕃總督」佐久間左馬太,,,
40,第五任臺灣總督佐久間左馬太，於1906年到任後即定下五年「理蕃」計畫，1907年正式實施，以「掃蕩生蕃」促進「蕃地」開發，攫取臺灣山地資源為重要施政方針。五年「理蕃」計畫前後共分為兩次，第一次從1907年起，其攻伐策略是以引誘山區各部落「甘心承諾」在境內設置隘勇線，待警備線布署完成後，即發動大規模武力壓制；1910年為始的第二次「理蕃」，則主要採取強力的軍事討伐。以下補充「第一次五年理蕃計畫」內容：<br>| | |<br>| :--- | :--- |<br>| **政策** | 1907年1月6日，佐久間左馬太總督展開以征服蕃地為目的的理蕃五年計畫 |<br>| **實施** | 1. 開闢蕃地道路：北部蕃地開鑿10條包圍原住民村落的隘勇線和1條經中央山脈而貫通南北約70里的縱貫隘勇線；在南部蕃地則以授產生業的撫育方式促使蕃人從事開闢修補山徑小路<br>2. 隘勇線前進運動：總督府動員武裝軍警，大批往內山進行「隘勇線前進運動」鎮壓不服從的原住民 |<br>| | 3. 蕃地調查：由總督府技師野呂寧擔任蕃務課蕃地地形測量主任，調查隘勇線內地土地，預估5年後其土地調查範圍應擴及全臺蕃地 |<br>| **目的** | 將蕃地全部納入日本帝國的國有財產 |<br><br>【引用自：被觀看的容顏：「日本宮內廳書陵部所藏臺灣寫真」中的原住民，中央研究院臺灣史研究所檔案館，http://archives.ith.sinica.edu.tw/collections_con.php?no=105。藤井志津枝，《臺灣原住民史：政策篇（三）》（南投：國史館臺灣文獻館，2001），pp.87～89】,teachers_book,日治臺灣,政治,"[五年理蕃計畫, 佐久間左馬太, 隘勇線, 蕃地開發, 軍事討伐]",V.1/Ch.1/臺灣的原住民族,五年理蕃計畫,,,
41,| | |<br>| :--- | :--- |<br>| **經過** | 1914年，佐久間左馬太總督擔任總司令，親自率軍，兵分多路，深入太魯閣山區，完成對太魯閣族的包圍，迫使太魯閣族各社繳械投降 |<br>| **結果** | 佐久間左馬太於戰役中，墜落斷崖負傷，於隔年8月5日過世 |<br>| **影響** | 戰役後，日人進行橋梁、道路及警察駐在所之整備，槍械沒收和逃亡原住民族人之招撫等，並對山地原住民部落進行澈底控制 |<br><br>【引用自：柴辻誠太郎，《太魯閣蕃討伐寫真帖：日治時代太魯閣戰役戰地寫真》（臺北：南港山文史工作室，2016），譯序】,teachers_book,日治臺灣,政治,"[太魯閣戰爭, 佐久間左馬太, 討伐, 警察駐在所, 繳械]",V.1/Ch.1/臺灣的原住民族,太魯閣戰爭,,,
42,花岡一郎原是賽德克族荷歌社（今南投縣仁愛鄉春陽部落）原住民，改名花岡一郎後破例進入僅能日本籍兒童就讀的埔里小學校，畢業後考入臺中師範學校講習科，畢業擔任「乙種巡查」並兼任教師，任教於馬赫坡蕃童教育所。花岡二郎畢業於日本籍兒童就讀埔里尋常小學校高等科，回到霧社擔任警察。,teachers_book,日治臺灣,社會,"[花岡一郎, 花岡二郎, 賽德克族, 埔里小學校, 乙種巡查]",V.1/Ch.1/臺灣的原住民族,理蕃政策下的原住民樣板人物,,,
43,| | |<br>| :--- | :--- |<br>| **背景** | 1930年霧社事件爆發後，總督府於1931年12月28日發布《理蕃政策大綱》，確立「集團移住」（集體遷村）的政策 |<br>| **實施** | 原住民被迫從山地遷移至山腳地帶。先是布農族與泛泰雅族群（含賽德克族、太魯閣族），到了1940年代，轉向中央山脈南段的排灣族與魯凱族，至1945年日本戰敗退出臺灣，集團移住計畫只完成一小部分 |<br>| **影響** | 戰後政府仍然延續將山地原住民遷徙下山的政策，形成今日臺灣的原住民族聚落 |<br><br>【改寫自：葉高華，〈分而治之：日本時代原住民的集團移住〉，臺灣學系列講座（臺北：臺灣圖書館，2017.5），pp.22～23】,teachers_book,日治臺灣,政治,"[集團移住, 霧社事件, 理蕃政策大綱, 遷村, 布農族]",V.1/Ch.1/臺灣的原住民族,日治時期原住民的集團移住,,,
44,| | |<br>| :--- | :--- |<br>| **設置** | 1. 1936年臺灣總督府設立187所「高砂族國語講習所」，實施原住民族全民講日語運動<br>2. 1943年，原四年制教育改為六年制，並增設二年制補習科以利高砂族蕃童升學或就業<br>3. 1944年，針對國民學校畢業青年，另設「青年學校」，未就學者則進入「皇民煉成所」 |<br>| **目的** | 灌輸高砂族忠軍愛國、至誠奉公、促進文化提升的日本精神，以利未來國防之用 |<br>| **成效** | 1941年時高砂族蕃童的就學率已達 86.35% |<br><br>【引用自：藤井志津枝，《臺灣原住民史：政策篇（三）》（南投：國史館臺灣文獻館，2001），pp.147～148】,teachers_book,日治臺灣,文化,"[皇民精神, 高砂族國語講習所, 青年學校, 皇民煉成所, 日本精神]",V.1/Ch.1/臺灣的原住民族,透過教育機構培育皇民精神,,,
45,"| | |<br>| :--- | :--- |<br>| **籌編原因** | 日本進攻菲律賓時遭受挫折，原因之一即是不熟悉叢林作戰，而臺灣原住民族在種族及生活習慣上都和南洋原住民類似 |<br>| **方式** | 採「志願」方式募集，送至南洋主要負責搬運彈藥、修路、送補給品、修造機場、從事叢林戰等工作 |<br>| **人數** | 1941～1943年之間，共招募4,000人 |<br>| **成果** | 第一批高砂義勇隊曾參加巴丹島作戰，戰果輝煌。因高砂義勇隊能在沒有道路的叢林來回穿梭偵察，也可以分辨遠處聲音，從事伏擊。此外由於精於狩獵，提供日軍同僚缺糧補給，並且也傳授日軍在叢林生存之道 |<br>| **關注** | 戰爭時期，高砂義勇隊與原住民族志願兵傷亡比例頗高，但戰後並未獲得任何賠償，直到1974年原住民籍日本兵史尼育唔（李光輝）在印尼被發現後，才引發各界對臺籍日本兵與高砂義勇隊的關注。據媒體報導，若干日人私人募款補償部分高砂隊遺族200萬元新臺幣，但其具體涵蓋範圍還不清楚 |<br><br>【改寫自：楊碧川，《臺灣歷史辭典》（臺北：前衛，1997），p.70。孫大川，〈被迫讓渡的身體——高砂義勇隊所反映的意識構造〉《當代》95:213（臺北，2005），pp.120～122、125～126】",teachers_book,日治臺灣,政治,"[高砂義勇隊, 叢林作戰, 南洋, 志願, 巴丹島]",V.1/Ch.1/臺灣的原住民族,高砂義勇隊,,,
46,| | |<br>| :--- | :--- |<br>| **接收** | 1945年11月起，臺灣行政長官公署成立各州廳接管委員會，接收漢人及日治時代已居住於普通行政區之原住民族，並建立鄉、鎮、縣市等行政機關管理 |<br>| **原則** | 漢人、原住民分開治理 |<br>| **編制** | 將舊有「蕃地」依照地理環境，編組成為30個山地鄉、162個村，分別成立鄉公所及村辦公室等機關管理 |<br>| **範圍** | 山地鄉占臺灣地區總面積約45%，其中除蘭嶼孤立於臺東外海，其餘29個山地鄉都屬本島山地，由南至北居本島脊樑地帶，此30個山地鄉，均是專為原住民族所設計 |<br><br>【改寫自：臺灣省文獻委員會，《臺灣省通志稿（卷8）：同冑志》（臺中：臺灣省文獻會，1972），pp.146～147。藤井志津枝，《臺灣原住民史：政策篇（三）》（南投：國史館臺灣文獻館，2001），p.162】,teachers_book,中華民國,政治,"[山地鄉, 臺灣行政長官公署, 分開治理, 蕃地, 行政機關]",V.1/Ch.1/臺灣的原住民族,戰後設置山地鄉,,,
47,| | |<br>| :--- | :--- |<br>| **施行時間** | 1950～1960年代 |<br>| **法源依據** | 1. 山地人民生活改進：1951年，〈山地人民生活改進運動辦法〉<br>2. 定耕農業：1951年，〈獎勵山地實施定耕農業辦法〉<br>3. 育苗造林：1951年，〈獎勵山地育苗及造林實施辦法〉 |<br>| **成效** | 山地鄉原住民族人口死亡率1951年原有3.21%，至1962年已降至1.44% |<br>| **影響** | 1. 文化流失：生活改進運動雖具有現代化的意涵，不過卻是以漢文化為主的措施，原住民族傳統社會文化逐漸崩落<br>2. 土地權移轉給漢人；山地經濟對平地經濟產生依賴後，原住民族變賣土地換取現金，保留地遂逐漸由原住民族轉移至漢人手上<br>3. 出現都市原住民：耕地減少使原住民族大量移居都市尋覓工作，其遷移及適應都市的過程，成為政府原住民族政策另一有待解決的問題 |<br><br>【改寫自：藤井志津枝，《臺灣原住民史：政策篇（三）》（南投：國史館臺灣文獻館，2001），pp.189～191、204。林則彬，〈臺灣之橫貫公路與經濟開發〉《臺灣研究論叢》第63種，（臺北：臺灣銀行，1958），pp.117～118】,teachers_book,中華民國,經濟,"[山地三大運動, 生活改進, 定耕農業, 育苗造林, 都市原住民]",V.1/Ch.1/臺灣的原住民族,山地三大運動,,,
48,**影視史料：電影《太陽的孩子》（導演：鄭有傑；發行：牽猴子；年份：2015年）**<br>1. 訓練學生從議題討論原住民的問題：分組討論《太陽的孩子》所呈現的三個影視史學層次。<br>| 問題層次 | 答案與教學指引 |<br>| :--- | :--- |<br>| **（1）時代背景** | 時間：21世紀<br>地點：花蓮<br>族群：阿美族 |<br>| **（2）反映哪些都市原住民的困境（至少3點）** | 隔代教養；就業困難；醫療缺乏；漢人財團侵奪土地所有權；原住民文化流失的傳承問題 |<br>| **（3）價值觀** | 可引導的答題方向：臺灣的多元族群，應該如何在土地上共處？族群如何加強認同？面對資本主義強勢入侵，弱勢族群如何捍衛傳統文化？穿傳統服飾歌舞表演賺小費？抑或找回族群傳承（如豐年祭）的文化意涵？<br>參考答案：導演藉由電影傳達「傳承原住民部落精神與文化」的重要性。故事中的女主角藉由返鄉與族人協力修築灌溉土地的水圳古道，而找回土地復耕稻米的希望，成功阻擋財團的「怪手」侵奪土地蓋飯店炒觀光的機會。同時也在凝聚族人的感情後，重新正視阿美族社群維繫與豐年祭的傳承意義，而使更多青年找到重返部落的一線生機 |<br>2. 藉由交換角色找到多元族群對話的空間與相互理解。<br>作法：全班分成兩組討論，推派同學扮演電影中「希望開發土地的財團代表、希望保留土地使用權的頭目」進行對鄉民（同學）的遊說，進行完一輪後，再雙方交換角色重新提出論點，讓鄉民同學再表決一次提出最適合的土地利用方式。,teachers_book,中華民國,社會,"[都市原住民, 太陽的孩子, 隔代教養, 土地所有權, 文化流失]",V.1/Ch.1/臺灣的原住民族,透過活動操作理解都市原住民的困境,,,
49,| | |<br>| :--- | :--- |<br>| **族群比例** | 阿美族最高，1970年代，泰雅族、排灣族陸續加入 |<br>| **居住在城市的方式** | 1. 臨時居所：依據工作地點變換，如工廠宿舍、搭建違章建築，或寄宿親友的住所<br>2. 租賃或自購房屋定居 |<br>| **聚落的形成** | 1. 基於在原鄉的人際網絡，在都市多與來自同部落或同鄉鎮的人群居，進而形成社區或聚落：<br>（1）桃園大溪僑愛新村：以花蓮縣玉里、瑞穗等地的部落為主<br>（2）桃園楊梅高榮、大園與龜山等處：多為臺東縣關山、鹿野、池上的阿美族人<br>2. 因工作地點而聚居：如新北市土城頂埔社區因阿美族人投入鄰近海山礦坑工作而形成聚落<br>3. 其他因素：新北市溪洲社區、三鶯社區的阿美族人，因在河川行水區定點生活，日久形成聚落 |<br><br>【改寫自：詹素娟，《典藏臺灣史：臺灣原住民史》（臺北：玉山社，2019），pp.269～270】,teachers_book,中華民國,社會,"[都市原住民, 阿美族, 聚落, 違章建築, 人際網絡]",V.1/Ch.1/臺灣的原住民族,都市原住民的族群分布，以阿美族為例,,,
50,根據1980年代漁業局的統計，臺灣遠洋船員的組成，原住民族群呈現高度集中的現象，其中又以花東地區的阿美族人居多。這是因為在阿美族傳統文化裡，漁獵是該族人主要營生方式；事實上，早在日治時期，臺東成功新港漁港竣工後，就已經有阿美族人受僱於日本與琉球移民，從事新式漁業。1960至70年代，漁業公司為尋求人力，至花東地區招募船員，因遠洋漁業待遇相對於其他職業來得優渥，工作性質也與其傳統生計方式相近，故移居至高雄、基隆港區的阿美族人漸多；至1980年代，阿美族人已成為臺灣遠洋漁業人口的主力。<br><br>【改寫自：陳慧先，〈從高砂義勇隊到遠洋船員——原住民的海外經驗〉《臺灣學通訊》（臺灣人的海外經驗），第101期，2017.9】,teachers_book,中華民國,經濟,"[遠洋漁業, 阿美族, 船員, 新港漁港, 漁獵]",V.1/Ch.1/臺灣的原住民族,從事遠洋漁業的原住民,,,
51,| 時間 | 憲法增修原住民相關條文 | 說明 | 原住民運動訴求 |<br>| :--- | :--- | :--- | :--- |<br>| **1991** | 增修條文第1條第1項、第2條第1項 | 《憲法》首度明文保障原住民中央民意代表名額，將原住民區分為山地山胞、平地山胞 | 1. 山胞正名為「臺灣原住民族」<br>2. 立法委員、國大代表各族至少1人 |<br>| **1992** | 增修條文第18條第6項 | 《憲法》「基本國策」章增修原住民條款，保障原住民政治、經濟、社會、文化的發展，但與金門、馬祖「地區」人民保障並列 | 1. 山胞正名為「原住民」<br>2. 保障土地權<br>3. 設立部會級專責機構<br>4. 原住民自治 |<br>| **1994** | 再度增修條文第1條第1項、第2條第1項增修條文第9條第7項 | 山胞正名為「原住民」 | 1. 山胞正名為「臺灣原住民族」<br>2. 立法保障土地權<br>3. 立法保障自治權<br>4. 立法委員、國大代表各族至少1人<br>5. 行政院設立部會級專責機構 |<br>| **1997** | 增修條文第4條第1項、第10條第9項、第10條第10項 | 增加平地原住民及山地原住民各4名。原住民族條款增訂，擴張國家保障範圍，肯定多元文化，並明文依民族意願立法保障原住民族的發展 | 1. 「原住民」正名為「原住民族」<br>2. 保障自決權<br>3. 保障土地權、政治權、發展權<br>4. 廢除平地原住民及山地原住民 |<br><br>【整理自：林淑雅，《第一民族：臺灣原住民運動的憲法意義》（臺北：前衛，2000），pp.110～112。藤井志津枝，《臺灣原住民史：政策篇（三）》（南投：國史館臺灣文獻館，2001），pp.260～263】,teachers_book,中華民國,政治,"[原權運動, 憲法增修, 正名, 土地權, 自治]",V.1/Ch.1/臺灣的原住民族,原權運動的發展,,,
52,1983年5月1日，以泰雅族臺大學生伊凡·諾幹為首，和幾位原住民學生，共同以手寫草創名為「高山青」的刊物。這份刊物提出兩大訴求：一、臺灣高山族正面臨種族滅亡的重大危機；二、要提倡臺灣高山族民族的自覺運動。《高山青》不僅成為原住民運動的先聲，而後也與黨外運動結合，促使「黨外編輯作家聯誼會」於1984年4月成立「少數民族委員會」。<br><br>【引用自：謝世忠，〈原住民運動生成與發展理論的建立——以北美與臺灣為例的初步探討〉《族群人類學的宏觀探索：臺灣原住民論集》（臺北：國立臺灣大學出版中心，2004），p.39】,teachers_book,中華民國,政治,"[高山青, 伊凡·諾幹, 自覺運動, 原住民運動, 黨外運動]",V.1/Ch.1/臺灣的原住民族,《高山青》創刊背景與宗旨,,,
53,| | |<br>| :--- | :--- |<br>| **成立** | 1984年12月 |<br>| **宗旨** | 聯合所有關心少數民族的山地人與平地人，解決都市原住民族個案問題 |<br>| **成員** | 「少數民族委員會」會員、臺灣基督長老教會部分原住民族牧師及神學院學生、在都市工作的原住民族等 |<br>| **業務** | 包括勞資糾紛、車禍糾紛、急難救助及醫療問題等，期望能夠透過個案問題、免費服務的機會，灌輸原住民族對權利的觀念，宣揚原住民權利促進會的理念 |<br>| **發展** | 1987年3月發表〈臺灣原住民族權利宣言〉，前言即指出：「臺灣原住民族不是炎黃子孫，原住民族全屬南島語系，與認為是炎黃子孫且均屬於漢族的包括閩南人、客家人、外省人不同。」以增強「原住民族」集體權的概念。 |,teachers_book,中華民國,政治,"[臺灣原住民族權利促進會, 少數民族委員會, 權利宣言, 南島語系, 炎黃子孫]",V.1/Ch.1/臺灣的原住民族,臺灣原住民族權利促進會的成立與發展,,,
54,| | |<br>| :--- | :--- |<br>| **部落祭典重新舉辦** | 1991年：於布洛灣文化活動中第一次出現獵頭祭儀<br>1994年：花蓮縣太魯閣建設協會開始討論傳統祭儀重建事宜<br>1999年2月、5月：花蓮縣秀林鄉民間協會舉辦祖靈祭典<br>1999年12月底：秀林鄉公所整合鄉內熟悉祭典運作人士參與籌備文化展演活動 |<br>| **太魯閣族歷史追溯** | 2000年7月：舉辦「族群互動與泰雅族文化變遷學術研討會」但重點仍聚焦在探討事件後對太魯閣族群的影響，無法跳脫日本官方「理蕃志稿」的角度<br>2001～2003年：研討會改採以族老口述方式，期能釐清太魯閣族抗日十八年史事，翻轉當年被日本官方隱藏的事件真相 |<br>| **太魯閣族正名運動** | 1996～2001年：舉辦太魯閣族正名座談研討會，處理東、西部族對於「太魯閣族」的族稱認知差異甚大的問題<br>2004年1月14日：太魯閣族正名運動推動八年後終於成功正名 |<br><br>【改寫自：旮日羿·吉宏（Kaji Cihung），〈太魯閣族的族群復振〉《臺灣學通訊》（100週年館慶特別報導 太魯閣戰爭）第82期，2014.7】,teachers_book,中華民國,政治,"[太魯閣族, 祖靈祭, 歷史追溯, 正名運動, 族群復振]",V.1/Ch.1/臺灣的原住民族,太魯閣族推展主體性的三個族群運動,,,
55,| | |<br>| :--- | :--- |<br>| **背景** | 好茶部落原位於南隘寮溪北側支流旁之山腹上，海拔高度929公尺，具有600年左右歷史。1979年，政府基於「山地現代化」等主張，要求好茶部落遷村。1977年至1979年，舊好茶集體遷村到西方位於南隘寮溪北岸的河階臺地，海拔高度約250公尺，占地約8公頃，距離平地11公里，稱為新好茶 |<br>| **爭議** | 1994年，政府規劃在新好茶附近興建瑪家水庫，預期可提供高雄、臺南地區共50萬噸用水量，水庫完工後將會淹沒魯凱族新好茶與排灣族伊拉村，令好茶居民人心惶惶，引發對再度遷村與否的爭議，最後在臺灣史上第一次「全民公投」的決議下，部落投票否決遷村、政府放棄興建瑪家水庫，部落遷村爭執暫告一段落 |<br><br>【改寫自：〈好茶的（災後）遷村史〉，臺灣社會研究學會，http://www.atss.org.tw/Seminar/20111005/D1-2.pdf】,teachers_book,中華民國,政治,"[好茶村, 瑪家水庫, 遷村, 魯凱族, 全民公投]",V.1/Ch.1/臺灣的原住民族,屏東霧臺好茶村反對興建瑪家水庫,,,
56,臺灣擁有豐富的漁產資源，並發展出獨特的海洋歷史與文化。最著名者，應為每年冬至前後隨著親潮自北方南下的烏魚，其至臺灣西南部的沿岸時，最為肥美、並有魚卵。中國大陸福建、廣東的漁民，也因熟知烏魚洄游的特性，會於此時渡海來臺捕撈，並在臺灣搭建臨時住所。<br>【改寫自：〈誰知盤中飧 皆是臺灣史〉，國立海洋科技博物館，https://www.nmmst.gov.tw/chhtml/publication_detail/519/5/20】,teachers_book,大航海時代,經濟,"[烏魚, 漁產資源, 福建, 廣東, 渡海]",V.1/Ch.2/移民社會的形成,烏魚與早期臺灣的漁民,,,
57,顏思齊為福建漳州海澄人，字振泉，據傳他因犯案潛逃日本平戶，此後從事日本、中國與菲律賓間的海上貿易，成為海外漢人領袖。顏思齊在荷蘭人來臺之前，已經在臺南、嘉義（魍港與笨港）一帶占有據點，進行走私等活動，荷蘭檔案稱他為海盜「中國彼得」（Pedro China）。他也與著名海商李旦等人關係密切，荷蘭人到臺南時，仍得透過他們的協助。明末活躍於中國東南海上的海盜，幾乎都是顏思齊的部眾，權傾一時。顏思齊死後，勢力漸為福建泉州南安系統的鄭芝龍所接收。迄今，嘉義一帶民間仍傳言顏思齊曾率眾到嘉義與臺南一帶開墾，共有「十寨」。<br>【引用自：許雪姬總策劃，《臺灣歷史辭典》（臺北：文建會，2004），p.1322】,teachers_book,大航海時代,政治,"[顏思齊, 海上貿易, 中國彼得, 鄭芝龍, 十寨]",V.1/Ch.2/移民社會的形成,顏思齊的生平簡介,,,
58,**位置**<br>今雲林縣北港鎮與嘉義縣新港鄉南港村一帶<br>**販米崛起**<br>據巡臺御史黃叔璥所撰《臺海使槎錄》所載，當時近海港口，哨船可入者，只鹿耳門及南路之打狗港，北路之蚊港、笨港、淡水港、小雞籠、八尺門等處。又謂當時臺米販運內地，北路米由笨港販運，南路米由打狗販運<br>**郊商林立**<br>笨港得以迅速發展，肇因於當地郊行林立，郊行最大者，為經營笨港、泉州間貿易之泉州郊商組合金合順；經營笨港、廈門間貿易之廈門郊商組合金正順；經營笨港、漳州以南地區貿易之龍江郊商組合金晉順，此外尚有糖郊、米郊、布郊及甚多之船行、油車，列肆甚盛<br>**經濟地位**<br>1717年的《諸羅縣志》謂：「笨港：商船輳集，載五穀貨物」、「臺屬近海市鎮，此為最大。」雍正至乾隆中葉，為笨港地區發展最速時期，笨港三郊已與府城三郊同樣取得郊商領袖的地位，也合資創建水仙宮以為公所處理闔港郊商有關問題，兼祀水仙尊王<br>【改寫自：蔡相煇，《臺灣的媽祖信仰》（臺北：獨立作家，2018），pp.156 ~ 157】,teachers_book,清治臺灣,經濟,"[笨港, 臺海使槎錄, 郊商, 諸羅縣志, 水仙宮]",V.1/Ch.2/移民社會的形成,清代笨港的崛起與發展,,,
59,1625至1631年臺灣鹿皮的價格上漲，起因於日本須使用鹿皮製成甲冑或背心，臺灣鹿皮依等級可分成上等、中等、下等，價格與質量均優於暹羅與柬埔寨出產的鹿皮，至於鹿脯、鹿角與鹿骨則銷往中國。17世紀以來，日本透過戎克船與朱印船進口臺灣鹿皮，鄭氏政權建立後，鹿皮與蔗糖仍持續銷往日本。<br>【改寫自：鹿皮，臺灣歷史博物館，斯土斯民——臺灣的故事，https://the.nmth.gov.tw/nmth/zh-TW/Item/Detail/93770edc-1cd8-4f01-b6f1-55a5ba9e87ef】,teachers_book,大航海時代,經濟,"[鹿皮, 甲冑, 朱印船, 鄭氏政權, 蔗糖]",V.1/Ch.2/移民社會的形成,17世紀臺灣鹿皮外銷,,,
60,豐臣秀吉統一日本後，大量開採白銀並進口中國的絲綢、皮毛、砂糖等，例如日本武士亟需臺灣原住民族部落所產的鹿皮作為甲冑內裡。但此時明帝國對日本的貿易仍未正式開放，臺灣因而成為對日走私的中繼站。1593年，豐臣秀吉派遣使者來臺招諭臺灣原住民族，但未成功。後因豐臣秀吉死亡，擴張行動也隨之結束。,teachers_book,大航海時代,政治,"[豐臣秀吉, 鹿皮, 走私, 招諭, 原住民族]",V.1/Ch.2/移民社會的形成,豐臣秀吉招諭臺灣原住民,,,
61,**背景**<br>1568年荷蘭獨立戰爭爆發，1581年尼德蘭北方七省（以「荷蘭」簡稱之）宣布脫離西班牙統治，遭到西班牙報復，截斷荷蘭進出里斯本的航線；加上亞洲商品取得受限於少數契約商人，荷蘭必須另闢前往亞洲的航路<br>**前身**<br>16世紀末，荷蘭船隊首次自東方返抵，激起前往東方的熱潮，許多公司相繼成立，卻也分散了東方航線的利益<br>**成立**<br>1602年荷蘭成立「聯合東印度公司」，整合各公司作為統一對外窗口，解決了內部的相互競爭，同時也獲得聯省議會的特許證，代表荷蘭在亞洲發展。為與西班牙、葡萄牙相對抗，聯省議會也賦予公司發動戰爭與簽訂條約的權力<br>**運作**<br>公司總部設在巴達維亞，由高級議會統治，總督為當然議長，指揮在亞洲的20多個據點。每個據點的行政首長名稱稍有差異：在占領區一般稱為「長官」；未占領區，則稱「商館長」。各地區也都會設置議會來輔助行政長官<br>【改寫自：林偉盛，《典藏臺灣史（三）・大航海時代》（臺北：玉山社，2019），pp.24、25、54】,teachers_book,大航海時代,政治,"[荷蘭東印度公司, 荷蘭獨立戰爭, 聯省議會, 巴達維亞, 商館長]",V.1/Ch.2/移民社會的形成,荷蘭東印度公司的成立與運作,,,
62,"**1630年代**<br>1631年4月2日之《巴達維亞城日記》記載公司運載漢人170人來臺<br>**1640~1650年代**<br>1. 1640年9月1日統計，住在大員的漢人人數為3,568人，若連居住在公司勢力範圍內之漢人計算，則約為1萬至1.1萬人之間<br>2. 1648年因中國大陸戰亂頻繁，臺灣漢人驟增為2萬人<br>3. 1650年，漢人人數約有1.5萬人<br>4. 1652年發生郭懷一事件，1.6萬漢人中，被屠殺、被捕者約5,000人<br>**1660年代**<br>在臺漢人約有2.5萬人。至於臺南及其以外的地區有多少漢人，實無由得知。荷蘭在其統治末期，雖在臺灣南北均有據點，但漢人尚未形成較大聚落，故其人口不致太多<br>【改寫自：陳紹馨：《臺灣省通志稿》（臺北：臺灣省文獻會，1964），pp.102 ~ 107】",teachers_book,大航海時代,社會,"[漢人移民, 巴達維亞城日記, 大員, 郭懷一事件, 人口]",V.1/Ch.2/移民社會的形成,荷治時期的漢人移民人數,,,
63,**徵稅背景**<br>1630年代晚期，為支付龐大的行政開銷，臺灣荷蘭長官奉命設法增加稅收<br>**什一稅**<br>鹿肉、米酒、鹽、酒、烏魚、磚塊、水泥、房屋和建築等交易，一律徵收「什一稅」<br>**執照**<br>對獵鹿和捕魚皆以出售執照的方式徵稅<br>**出售徵稅權利**<br>為了徵收新稅，荷蘭聯合東印度公司出售部分徵稅權利。如將徵收稻米的「什一稅」權利，出售給這些漢人經營者<br>【引用自：戴月芳，《再現臺灣：荷蘭人在臺灣》（臺中：暢談國際文化，2009），pp.22 ~ 23】,teachers_book,大航海時代,經濟,"[稅收, 什一稅, 執照, 獵鹿, 荷蘭聯合東印度公司]",V.1/Ch.2/移民社會的形成,名目繁多的稅收,,,
64,**徵收概況**<br>1640年8月、9月，開始徵收人頭稅，每月15日向每個漢人居民徵收1/4個里爾銀元<br>**徵收對象**<br>住在熱蘭遮城、赤崁一帶的男丁<br>**實質效益**<br>1. 增加收入<br>2. 監視漢人：持有稅單的漢人，若想搬遷，就必須知會官方，官方也可藉此掌握漢人動向<br>【引用自：戴月芳，《再現臺灣：荷蘭人在臺灣》（臺中：暢談國際文化，2009），pp.23 ~ 24】,teachers_book,大航海時代,經濟,"[人頭稅, 里爾銀元, 熱蘭遮城, 赤崁, 監視漢人]",V.1/Ch.2/移民社會的形成,徵收人頭稅,,,
65,"**徵人頭稅**<br>1650年以後臺灣的稻米、甘蔗生產大量降低，但荷人卻持續課徵人頭稅，甚至不惜派稅吏和士兵挨家挨戶搜索，漢人因此對荷蘭人更為反感<br>**密謀反抗**<br>住在赤崁附近的農民首領郭懷一，因不滿荷人欺壓漢人，號召農民反抗<br>**遭人洩密**<br>原訂中秋節宴請荷人乘機殺之而攻入赤崁，但為大員附近村長普仔及其弟郭保宗密告，被迫於1652年9月7日晚上提前起義<br>**反抗失敗**<br>荷人很快地動員軍隊，並且利用原住民對付反抗的農民。農民起義太過倉促、參與的農民平時沒有訓練，加上武器簡陋，很快就被打敗，郭懷一中箭而亡<br>**屠殺漢人**<br>荷人利用機會大肆屠殺這些反抗的漢人，據說有5,000多人死亡、被捕<br>【引用自：賴澤涵，〈荷、西、鄭氏王朝在臺的經營與臺灣的經濟、社會及文化的影響〉，收於賴澤涵主編，《臺灣經濟、社會與文化的變遷》（臺北：威仕曼文化，2008），pp.337 ~ 338】",teachers_book,大航海時代,政治,"[郭懷一, 人頭稅, 赤崁, 起義, 屠殺漢人]",V.1/Ch.2/移民社會的形成,郭懷一事件,,,
66,**占臺動機**<br>1. 為擴大其傳教範圍<br>2. 確保西班牙主要殖民地：菲律賓的安全<br>3. 在東亞的貿易考量<br>**日人企圖**<br>菲律賓與日本間的關係逐漸惡化，故在菲律賓的西班牙人聽聞日本有襲臺之意，認為這是攻擊呂宋的先聲，頗為重視<br>**攻臺計畫**<br>總督達斯馬里尼亞斯（Dasmariñas）在1596年7月8日、1597年5月14日、同年6月19日，三次上書其本國的國王，建議要先占據臺灣，以制敵機先，而維護其中菲間的貿易。同年6月22日西班牙人在馬尼拉召開軍事會議，27日第・洛斯・里奧斯（Hernando de los Ríos）亦附加彩色地圖一張，上書國王，進言有占據臺灣之必要<br>**受阻**<br>1598年菲律賓的西班牙總督派薩摩蒂奧（Don Juan de Zamudio）率船二艘，兵二百餘名往臺灣，因風期不合，未果<br>**計畫轉變**<br>豐臣秀吉歿，日菲間的關係，較前稍為鬆弛，菲律賓西班牙人占領臺灣的企圖遂消失<br>【整理自：曹永和，〈荷蘭與西班牙佔據時期的臺灣〉《臺灣早期歷史研究》（臺北：聯經，1997），p.27】,teachers_book,大航海時代,政治,"[西班牙, 攻臺計畫, 菲律賓, 達斯馬里尼亞斯, 豐臣秀吉]",V.1/Ch.2/移民社會的形成,16世紀末時西班牙人的攻臺計畫,,,
67,**首次登臺**<br>1626年5月，來自馬尼拉的西班牙水軍進入雞籠，船上人員包括了神父巴多羅米和五位修士，巴多羅米除了擔任軍中神父外，也對淡水和雞籠一帶的原住民宣教<br>**傳教成果**<br>1630年，神父艾斯奇維接續傳教工作，他冒險進入大八里社，對該社的原住民施以福音，並在戰爭不斷的原住民部落蓋了幾所教堂。後來艾斯奇維以淡水為中心，將福音擴散到今日的北投、八里、臺北和新莊一帶。西班牙人占據北臺灣的16年當中，據統計先後來臺傳教的教士有30多人，使當時臺灣北部信天主教的原住民人數不下4000人<br>【引用自：林佩欣，《圖解臺灣史》（臺北：書泉，2011），p.24】,teachers_book,大航海時代,文化,"[西班牙, 天主教, 雞籠, 艾斯奇維, 原住民]",V.1/Ch.2/移民社會的形成,西班牙人在北臺灣傳播天主教,,,
68,**第一次占領**<br>為與明朝貿易，1604年由韋麻郎率領的荷蘭艦隊登陸澎湖，準備長期占領。消息傳到福建後，明朝官員決定派遣浯嶼（今金門）都司沈有容前往驅離<br>**被沈有容諭退**<br>沈有容除備戰外，還親至澎湖與韋麻郎談判，並告知如強占澎湖，中國非但不和他們做生意，更不惜一戰。韋麻郎在衡量荷軍實力不足抗衡的情形下，率軍撤離澎湖<br>**第二次占領**<br>1622年，由雷爾生（Cornelis Reijersen）所率領的荷蘭艦隊攻擊澳門失敗後，轉占澎湖，並興建城堡。明朝再次展開談判，要求荷蘭軍隊離開澎湖<br>**一度陷入僵局**<br>福建政府希望荷蘭人先離開澎湖，再談通商；荷蘭人則希望先行通商，再離開澎湖。雙方陷入僵局，荷蘭決定訴諸武力<br>**兩軍對戰**<br>1623年，荷蘭軍隊攻擊浯嶼，摧毀明朝艦隊。明軍敗陣後，表示願意和談，但荷蘭派去的代表都被逮捕或殺害，艦隊也在毫無防備下遭受重創。雙方仍為對峙之勢<br>**退出澎湖**<br>雙方均對長期戰爭感到厭倦。因此荷蘭請海商李旦調解，轉達允諾退出澎湖、轉往臺灣之意，明軍也答應不再追擊<br>【引用自：王御風，《圖解臺灣史》（臺中：好讀，2010），pp.39 ~ 40】,teachers_book,大航海時代,政治,"[荷蘭, 澎湖, 韋麻郎, 沈有容, 李旦]",V.1/Ch.2/移民社會的形成,荷蘭人從占領澎湖到退居大員的過程,,,
69,**西人築城**<br>為有效經略北臺並加強對中、日的貿易往來，西班牙人遂在1629年率艦入駐淡水，並在當時奎柔山築城鎮守，控制淡水河口和附近海面。城名取為「聖多明哥城」，與稱為「聖薩爾瓦多城」的基隆城互為犄角<br>**荷人占領**<br>1642年，荷蘭人乘機攻占淡水。1644年重新築城，命名為「安東尼堡」。由於中國人稱荷蘭人為「紅毛」、「紅夷」，此城因而被民間稱為「紅毛城」<br>**鄭氏占領**<br>1662年鄭成功驅逐大員的荷蘭人，淡水之荷蘭人也因而撤走。後鄭氏為防清軍進攻北臺，命何祐駐防此地<br>**清朝開港**<br>《天津條約》後，淡水成為通商港口，英國人在1867年租得此地，作為領事館,teachers_book,大航海時代,政治,"[紅毛城, 聖多明哥城, 西班牙人, 荷蘭人, 天津條約]",V.1/Ch.2/移民社會的形成,淡水紅毛城的沿革,,,
70,**反清復明**<br>鄭成功以福建沿海為據點，擴大軍事實力，志在恢復明代的江山<br>**收復失土**<br>1652年，鄭成功攻下海澄，圍攻漳州半年始克，逐步恢復福建的明代失地<br>**圍攻南京**<br>1659年，鄭成功聯合張煌言等，發動二十三萬大軍大舉北攻寧波、瓜州、鎮江而包圍南京<br>**敗守廈門**<br>清廷援軍趕來而前後受敵，慘敗撤退廈門，改稱思明州。此時鄭成功已不易立足大陸，這才積極部署進據臺灣<br>【改寫自：許極燉，《臺灣近代發展史》（臺北：前衛出版社，1996年），p.28】,teachers_book,鄭氏臺灣,政治,"[鄭成功, 反清復明, 南京, 張煌言, 思明州]",V.1/Ch.2/移民社會的形成,鄭成功南京之役失敗,,,
71,**出身**<br>泉州南安人，曾任荷蘭通事、亦為漢人領袖<br>**與鄭成功談判**<br>1656年，鄭成功與荷蘭產生商貿糾紛，下令中斷與臺灣的貿易關係。隔年，荷方派何斌進行談判<br>**勸鄭成功進攻臺灣**<br>1659年因與鄭成功私下往來，遭荷蘭解除職權，隔年便前往廈門，並勸鄭成功攻臺。除獻出臺灣海圖，告知荷人在臺部署之虛實外，並稱：「臺灣沃野千里，實霸王之區。若得此地，可以雄其國；使人耕種，可以足其食。上至雞籠、淡水，硝磺有焉。且橫絕大海，肆通外國，置船興販，桅舵、銅鐵不憂乏用。移諸鎮兵士眷口其間，十年生聚、十年教養，而國可富、兵可強，進取退守，真足與中國抗衡也。」<br>**擔任嚮導**<br>1661年鄭軍攻臺，何斌擔任嚮導與翻譯<br>**未受重用**<br>攻臺後期，與鄭成功交惡，故未受重用。鄭經執政後，始擔任與荷、英交涉的工作<br>【改寫自：簡後聰，《臺灣史》（臺北：五南，2002），p.413】,teachers_book,鄭氏臺灣,政治,"[何斌, 荷蘭通事, 鄭成功, 臺灣海圖, 霸王之區]",V.1/Ch.2/移民社會的形成,何斌,,,
72,**1661年4月**<br>鄭成功登陸鹿耳門，包圍普羅民遮城<br>**1661年5月**<br>1. 鄭軍大勝，普羅民遮城投降<br>2. 鄭軍包圍熱蘭遮城，駐守城內的荷蘭人派使者向鄭成功談判，最後談判破裂，鄭成功決定長期圍困<br>**1662年2月**<br>1. 熱蘭遮城的荷蘭守軍陷於彈盡援絕的困境中<br>2. 鄭成功發動總攻擊，荷軍決定投降<br>3. 雙方於1662年2月1日協議簽約，荷人離臺,teachers_book,鄭氏臺灣,政治,"[鄭成功, 鹿耳門, 普羅民遮城, 熱蘭遮城, 荷蘭人]",V.1/Ch.2/移民社會的形成,鄭成功攻臺,,,
73,"揆一為荷蘭治臺最後一任長官（1656 ~ 1662年），1661年，鄭成功攻臺。隔年，孤立無援的揆一同意投降，並回到巴達維亞，1665年荷蘭東印度公司認為他須為丟失臺灣負責，1666年將他流放到印尼的小島上。1674年，揆一的子女和朋友以25,000盾將他贖出，得以返回荷蘭，並於1675年以匿名形式完成《被遺誤的福爾摩沙》一書，譴責公司因決策失誤，未及時救援，才導致臺灣失守。<br>【改寫自：戴月芳，《明清時期荷蘭人在臺灣》（臺北：臺灣書房，2012），pp.253 ~ 254、pp.327 ~ 328】",teachers_book,鄭氏臺灣,政治,"[揆一, 荷蘭長官, 巴達維亞, 被遺誤的福爾摩沙, 臺灣失守]",V.1/Ch.2/移民社會的形成,離臺後的揆一,,,
74,鄭成功入臺不久，叛將黃梧向清廷獻上沿海五省劃界遷民之策，指出鄭成功之所以能夠抗拒清軍，是因為沿海人民提供物資接濟。若是能將山東、江蘇、浙江、福建、廣東等沿海居民全部內遷三十里，設下邊界嚴格管制，並且還要將沿海船隻全數燒毀，連一塊木板都不許下海，貨物不可越過邊界，違者殺無赦，如此經過半年之後，鄭氏將面臨後援不足，不攻自破。然而，這樣的封鎖，首當其衝的卻是沿海居民，遷界令迫使他們拋棄家產故業，有人遠離故里，顛沛流離，有人則選擇投入鄭成功的旗下。,teachers_book,鄭氏臺灣,政治,"[遷界令, 黃梧, 清廷, 鄭成功, 封鎖]",V.1/Ch.2/移民社會的形成,清廷實施遷界令的原因及影響,,,
75,**初期**<br>鄭軍最盛之時，擁有中國東南地區汀、漳、泉、興、邵、潮、惠等七府及金門、廈門兩島<br>**1677年**<br>清軍逐步反攻，三藩勢力漸衰，清軍轉而攻打鄭軍，逐步收復閩粵失土。最後，鄭經占領的七府全失。迫使鄭經退守金、廈兩島<br>**1678年**<br>鄭經發動最後一次反攻，由劉國軒領軍，攻下海澄。清廷再次厲行遷界令，以打擊鄭經，結果造成「濱海數千里，無復人煙」的荒涼景象<br>**1679年**<br>清廷閩浙總督姚啟聖在漳州設「修來館」，以豐厚報酬吸引鄭軍歸順<br>**1680年**<br>清軍發動大軍攻打金、廈，鄭經見勢不可為，主動撤守，下令全師回臺<br>【改寫自：夏琳，《閩海紀要：東寧王國明鄭興亡始末》（南投：國史館臺灣文獻館，1995），pp.95 ~ 96】,teachers_book,鄭氏臺灣,政治,"[鄭經, 三藩, 劉國軒, 遷界令, 姚啟聖]",V.1/Ch.2/移民社會的形成,鄭經反攻大陸失敗,,,
76,**鄭經敗歸**<br>1680年，鄭經以福建海戰失利，退回臺灣，水師精銳喪失大半<br>**克塽監國**<br>鄭經回臺後，意志消沉，無心政事，乃下令世子克塽監國秉政，凡文武奏疏一切事宜，悉由監國決斷。當時諮議參軍陳永華大權在握。馮錫範、劉國軒等權臣欲奪權，乃設計解除陳永華兵權，鄭經竟許之，陳永華因此抑鬱以終<br>**東寧政變**<br>1681年，鄭經病故，傳位世子鄭克塽。鄭克塽果決剛正，因此招馮錫範等所忌。故其與劉國軒發動政變，襲殺鄭克塽，擁年僅十二歲的鄭克塽繼位，以利繼續掌權<br>【改寫自：黃秀政、張勝彥、吳文星，《臺灣史》（臺北：五南，2006年），pp.71 ~ 72】,teachers_book,鄭氏臺灣,政治,"[鄭經, 陳永華, 馮錫範, 劉國軒, 東寧政變]",V.1/Ch.2/移民社會的形成,鄭氏晚期的動盪,,,
77,**澎湖海戰**<br>1683年6月16日一早，施琅船隊大舉來犯，兩軍大戰於馬公外海。由於風向不利，在鄭氏水師奮擊下，施琅自己受了輕傷，退至望安島<br>**鄭軍敗績**<br>22日，施琅再度發起攻擊。鄭軍兵力不足，再加上軍隊被切割無法互相支援，遂逐一被擊滅<br>**戰爭結果**<br>劉國軒眼看大勢已去，急忙換小船由馬公水道往北穿過吼門（今跨海大橋附近），直奔東寧。此役中，鄭氏各級軍官投降的共165員、兵4800多名，脫出重圍回到東寧的鎮將只有4位<br>【引用自：戴月芳，《再現臺灣：東寧風雲》（臺中：暢談國際文化，2009），pp.37 ~ 38】,teachers_book,鄭氏臺灣,政治,"[施琅, 澎湖海戰, 劉國軒, 鄭氏水師, 東寧]",V.1/Ch.2/移民社會的形成,施琅進攻澎湖,,,
78,澎湖之役後，施琅並未苛虐戰俘，而是對負傷者加以醫治，有願回東寧者備小船遣送，這批人一回來都成了敵人的義務宣傳員，施琅既然寬大仁厚，何必堅持對抗以自尋死路。鄭軍的作戰意志因此瓦解，許多將領都密遣人員表達投降意願，甚至約為內應。在馮錫範、劉國軒的堅持下，鄭克塽只得派人赴澎湖洽降。<br>【引用自：戴月芳，《再現臺灣：東寧風雲》（臺中：暢談國際文化，2009），p.39】,teachers_book,鄭氏臺灣,政治,"[鄭克塽, 施琅, 澎湖之役, 馮錫範, 劉國軒]",V.1/Ch.2/移民社會的形成,鄭克塽投降,,,
79,**辦法**<br>1. 留勇衛和侍衛守安平鎮和承天府，其餘諸鎮，按鎮分地，按地開墾，鄉仍稱社<br>2. 地墾三年後，依地之肥瘠，定為上、中、下則，用以立賦稅；地墾三年內，有收成者，官府借其3/10，以供正用<br>3. 農閒時，則從事軍訓；有警訊時，則武裝以備應戰；無警訊時，則操農具以事耕作；平日以1/10人力為瞭望，以便相互接應<br>**功能**<br>**解決軍糧問題**：鄭氏占領臺灣之前，臺灣雖有農業發展，但主要範圍為臺南地區，其他地區甚少開墾，因之無法在短期內提供鄭氏軍隊所需之軍糧<br>**保障漢人安全**：實施寓兵於農，派軍於各地屯墾，可就近監視原住民的動靜，以防原住民之突襲，有利保障漢人安全<br>**促進農業發展**：鄭成功派軍屯墾各地，等於將一大批少壯勞動力，計畫性的投入農業行列，自然對農業發展產生促進作用<br>【引用自：戴月芳，《再現臺灣：國姓爺鄭成功》（臺中：暢談國際文化，2009），p.38】,teachers_book,鄭氏臺灣,經濟,"[寓兵於農, 屯墾, 軍糧, 賦稅, 承天府]",V.1/Ch.2/移民社會的形成,寓兵於農的辦法與功能,,,
80,林圯（？~1662），福建同安人。早年投軍鄭成功麾下，後因屢建戰功，升為參軍。1661年，隨鄭成功渡海來臺，驅逐荷蘭人。鄭成功平定臺灣後，實行寓兵於農的政策，命各部隊開墾荒地。林圯奉命帶兵至斗六門（今斗六）一帶墾荒。當時斗六門是進入水沙連山區的路口，山區內有眾多的原住民部落。林圯開墾的地區，從斗六門進一步往山區推進到今天竹山一帶，與當地原住民發生許多衝突。後來在一次原住民的突襲中被殺。這塊林圯帶頭拓墾的地方，後來就被稱為「林圯埔」，也就是今天南投縣的竹山鎮。<br>【引用自：吳密察監修，《臺灣史小事典》（臺北：遠流，2000），pp.30 ~ 31】,teachers_book,鄭氏臺灣,社會,"[原漢衝突, 林圯, 寓兵於農, 斗六門, 林圯埔]",V.1/Ch.2/移民社會的形成,鄭氏治臺時期的原漢衝突,,,
81,**荷蘭強擄漢人築城**<br>17世紀初，荷蘭兩次進入澎湖並修建城堡，奪取停泊澎湖漁船600艘，使役漢人1500人，假使1500人皆為壯丁，則其人口當達數千<br>**明末動亂流民遷入**<br>荷人入侵澎湖前後，大陸動亂漸形嚴厲，至1628年流寇四起，由現存的民間族譜資料，可知此時自大陸遷入澎湖者漸增<br>**鄭氏時期人口漸增**<br>在澎湖設治安撫司，政治較為安定，施琅在其〈盡其所見疏〉中云：「查自故明時，原住澎湖百姓，有五、六千人，其估計大體合理」<br>**人口移入澎湖分析**<br>《澎湖縣志》曾就澎湖十大姓之現存族譜，查出其入澎湖之年代，最早是岐頭陳氏在萬曆末年自漳州府遷入，最晚是竹灣吳氏約在嘉慶年間遷入，但絕大多數是在臺灣成為清國版圖前便已遷入<br>【改寫自：陳紹馨，《臺灣省通志稿》（南投：臺灣省文獻會，1964），pp.44 ~ 45】,teachers_book,大航海時代,社會,"[澎湖移民, 荷蘭, 明末動亂, 鄭氏時期, 族譜]",V.1/Ch.2/移民社會的形成,早期的澎湖移民,,,
82,1629年，寒潮襲擊中國大陸，氣溫驟降，並持續到1640年代，1632年更發生大饑荒。這一年，朝堂上的奏疏一封接一封遞上來，滿紙都是全國各地的極端氣候和隨之而來的社會紊亂。一位派往西北的巡撫寫道：「不意天未悔禍，荒旱五年，致彼遍地皆賊，日甚一日」；而一位被派往京杭地區視察災情的巡撫則說：「南北往來幾於斷絕。」另一封有關該地區的報告則寫道：「貧者流而為盜，富者乘間潛移。商賈不通，道路梗塞。」至1635年，蝗蟲開始大量出現。1637年，乾燥的天氣導致了大規模的旱災。明朝遭受了長達七年史無前例的大旱。<br>【改寫自：卜正明，《掙扎的帝國》（臺北：麥田，2016），pp.239 ~ 240】,teachers_book,明清,社會,"[極端氣候, 寒潮, 大饑荒, 旱災, 明朝]",V.1/Ch.2/移民社會的形成,極端氣候導致的災害,,,
83,**清代中國土地劃分**<br>可按人口多寡、土地利用程度與初級工業技術水平等條件，劃分成三種區域：<br>1. 已開發：指農業資源已充分開發，人地比例甚高，手工業比較發達的地區，以華中、華南為主<br>2. 開發中：指人地比例較低，農業資源正在逐漸開發的地區，如東北、陝甘、湖南、湖北、四川、雲南、貴州、臺灣<br>3. 待開發：指人地比例極低，游牧經濟占重要地位的中國西北部地區，如內外蒙古、新疆、西藏、青海諸地<br>**閩粵人民渡臺**<br>1. 閩、粵山多田少、人口稠密，臺灣地廣人稀，擁有較多開墾機會<br>2. 「臺灣好賺食」、「臺灣錢淹腳目」加深閩粵居民渡臺的動力<br>3. 閩、粵距臺不遠，順風航行一天一夜即可抵達<br>4. 閩、粵移民多向海外謀生，有冒險犯難精神，亦熟知臺灣航路<br>**人口移動潮流**<br>閩粵地區屬於第一種地區，臺灣屬於第二種，閩粵兩省人民往臺灣遷移，便是區域性人口流動的潮流之一<br>【改寫自：何炳棣，《中國人口研究》第7章；周谷城，《中國文明史・清代前期》上（臺北：地球，1995），p.237】,teachers_book,清治臺灣,社會,"[人口外移, 閩粵, 渡臺, 人地比例, 臺灣錢淹腳目]",V.1/Ch.2/移民社會的形成,中國人口外移,,,
84,**頒布**<br>清廷取得臺灣後，本欲解除海禁，但施琅以鞏固東南海防、恐海外結黨營私為由，奏請清廷設限管制，清廷遂於1684年頒布渡臺相關的禁令<br>**第一條**<br>渡臺者須向政府申請許可<br>評論：此法看似合理，但事實上官方多所刁難，常需金錢打通關係。故一般窮困的民眾多偷渡來臺<br>**第二條**<br>單身男子得申請來臺，已來臺者禁攜眷<br>評論：為防範來臺者另有企圖，清廷留其親屬在內地使其有顧忌，但卻造成男女比例失衡，常出現一村僅有一、二位女子的情形<br>【改寫自：簡後聰，《臺灣史》（臺北：五南，2003），pp.463 ~ 464】,teachers_book,清治臺灣,政治,"[渡臺禁令, 施琅, 海禁, 偷渡, 禁攜眷]",V.1/Ch.2/移民社會的形成,渡臺禁令的頒布,,,
85,**協助偷渡者**<br>客頭→即人蛇集團首領<br>**偷渡風險**<br>1. 人為因素：餌魚、種芋、放生<br>2. 自然因素：臺灣海峽素有「黑水溝」之稱，船隻常遇風浪而沉沒,teachers_book,清治臺灣,社會,"[偷渡, 客頭, 餌魚, 黑水溝, 臺灣海峽]",V.1/Ch.2/移民社會的形成,偷渡的風險,,,
86,**名稱**<br>〈渡臺悲歌〉<br>〈偷渡詩〉<br>《臺灣通史》<br>**作者**<br>不詳<br>藍鼎元<br>連橫<br>**內容**<br>「勸君切莫過臺灣，臺灣恰似鬼門關，千個人去無人轉，知生知死誰都難……。」<br>「纍纍何為者？西來偷渡人，鋃鐺雜貫索，一隊一酸辛。嗟汝為饑軀，謂茲原濕昀。舟子任無咎，拮据買要津。寧知是偷渡，登岸禍及身，可恨在舟子，殛死不足云。汝道經鷺島，稽察司馬門。司馬有印照，一紙為良民。汝愚乃至斯，我欲淚沾巾。哀哉此厲禁，犯者仍頻頻。奸徒畏盤詰，持照竟莫嗔。茲法果息奸，雖冤亦宜勤。如其或未必，寧施法外仁。」<br>「埋冤」其實就是閩南語「臺灣」的初譯<br>**意義**<br>說明渡臺的慘狀<br>說明渡臺過程的辛酸<br>因渡臺移民冤死的人很多，所以閩南移民便以怨嘆的語氣說：「這是埋冤（ㄉㄞ ㄨㄢ）的地方。」,teachers_book,清治臺灣,文化,"[渡臺悲歌, 偷渡詩, 藍鼎元, 臺灣通史, 埋冤]",V.1/Ch.2/移民社會的形成,渡臺艱辛,,,
87,**東征集**<br>1. 南、北路兩地的婦女人數不過數百人<br>2. 提到大埔莊79戶中，只有1名女性<br>**諸羅縣志**<br>1. 男多於女，有村莊數百人而無一眷口者<br>2. 因為女性人數少，故娶妻通常需花費大量金錢,teachers_book,清治臺灣,社會,"[男多女少, 東征集, 諸羅縣志, 婦女, 眷口]",V.1/Ch.2/移民社會的形成,清初關於臺灣男多女少的相關記載,,,
88,**在位皇帝**<br>康熙<br>雍正<br>乾隆<br>光緒<br>**年代**<br>1684年<br>1719年<br>1732年<br>1740年<br>1746年<br>1748年<br>1760年<br>1761年<br>1788年<br>1875年<br>**禁/弛**<br>禁<br>禁<br>弛<br>禁<br>弛<br>弛<br>弛<br>禁<br>弛<br>廢<br>**內容**<br>施琅上奏限制人民渡臺，清廷頒布渡臺禁令<br>閩浙總督覺羅滿保奏請嚴禁偷渡，清廷再度重申禁令<br>廣東巡撫鄂爾達上奏，希望清廷准許渡臺者可攜眷<br>閩浙總督郝玉麟認為開禁後弊病再起，上奏禁止<br>清廷再度允許渡臺人民可攜眷來臺<br>閩浙總督喀爾吉善奏請攜眷，但以一年為限<br>福建巡撫吳士功奏請開禁，但以一年為限<br>攜眷期限期滿後，閩浙總督楊廷璋奏請嚴禁偷渡、攜眷<br>陝甘總督福康安奏請廢止攜眷的禁令<br>清廷正式廢除渡臺禁令,teachers_book,清治臺灣,政治,"[渡臺禁令, 攜眷, 施琅, 康熙, 光緒]",V.1/Ch.2/移民社會的形成,渡臺禁令的演變,,,
89,胡傳在初掌臺東直隸州時，曾說「臺東官無城，民無壘；田則水利未修，海則商船罕至；兇番則惡意萌生，通事則惡習難改：在在急需整頓經理。」反映出官方治理東臺灣時，在環境、原住民等問題上，皆遇到困境。另據其所著之《臺東州采訪冊》記載，1890年代的東臺灣「民莊34處，番社176社」，可見清代東臺灣的漢人拓墾區域，仍有其侷限性。,teachers_book,清治臺灣,社會,"[胡傳, 臺東直隸州, 臺東州采訪冊, 拓墾, 番社]",V.1/Ch.2/移民社會的形成,胡傳所記載的開墾概況,,,
90,**先來後到說**<br>由伊能嘉矩所提出，其認為泉人先來，占到最好的地區，漳人次到，所以往內陸住，客家人最晚到，只剩下靠山的丘陵地<br>**分類械鬥說**<br>尹章義教授以新莊三山國王廟為例，認為福、客移民早期共墾共處，後來因為人口漸多、為爭奪墾地等經濟資源而爆發分類械鬥，使得移民出現再度遷徙的情形<br>**原鄉生活說**<br>根據施添福教授的研究，漳、泉、客民之所以定居於不同的地區，與他們的原鄉生活方式有關<br>【改寫自：周婉窈，《臺灣歷史圖說——史前至一九四五年》（增訂本）（臺北：聯經，2009），pp.69 ~ 73】,teachers_book,清治臺灣,社會,"[先來後到說, 分類械鬥說, 原鄉生活說, 伊能嘉矩, 施添福]",V.1/Ch.2/移民社會的形成,清治時期來臺拓墾的移民地理分布,,,
91,三山國王為客家人的守護神。客家人原居於中原，遷居粵東嶺南一帶時，將中原的自然崇拜風俗帶至該地，並以該地之獨山、明山和巾山三座名山作為崇拜的對象，尊稱三山國王，並建廟奉祀。清代客家人移民臺灣後，將三山國王的信仰帶至臺灣，因此凡是客家人的分布區都建有三山國王廟。新莊的廣福宮就是一個很好的例子。1763年，來自廣東潮州的客家人在新莊拓墾，客籍移民也逐漸在此聚集。1780年，當地的潮州客家人集資，於今日的新莊廟街上興建三山國王廟——廣福宮。乾隆年間，此廟是新莊潮州客家人的信仰中心。道光年間，新莊閩、粵械鬥轉趨頻繁，當地客家移民因安全、經濟因素遷走，廣福宮從此乏人照料香火頓衰。<br>【改寫自：黃秀政、張勝彥、吳文星，《臺灣史》（臺北：五南，2002），p.108】,teachers_book,清治臺灣,文化,"[三山國王, 客家人, 廣福宮, 閩粵械鬥, 信仰]",V.1/Ch.2/移民社會的形成,三山國王,,,
92,**時間**<br>1853年（咸豐3年）<br>**背景**<br>清代艋舺地區以閩人為主，包含泉州三邑人（晉江、南安、惠安）、泉州安溪人、泉州同安人。其中，三邑人、同安人雙方因為以下因素，常有衝突：<br>**商業利益**：三邑人較早定居艋舺，掌握沿岸一帶碼頭，同安人的商業利益因此受到限制<br>**宗教信仰**：三邑人於1738年興建龍山寺後，逐漸在此形成信仰圈，並將頂郊設置於廟內；同安人到艋舺後，亦將原鄉的霞海城隍帶來，信仰不同導致雙方隔閡日漸加深<br>**經過**<br>1853年8月，三邑人欲率先攻擊同安人<br>↓<br>三邑人、同安人居住地間，隔著安溪人的清水祖師廟<br>↓<br>三邑人向安溪人借道，商議燒毀清水祖師廟，再協助重建<br>↓<br>三邑人從龍山寺出發，燒毀清水祖師廟，偷襲同安人<br>↓<br>同安人最後落腳於大稻埕，並重建霞海城隍廟<br>**結果**<br>1. 三邑人並未依約重建清水祖師廟，安溪人被迫自行募款重建<br>2. 1860年代後，艋舺沿岸因河砂淤積逐漸沒落，商業重心逐漸轉到大稻埕,teachers_book,清治臺灣,社會,"[頂下郊拚, 艋舺, 三邑人, 同安人, 大稻埕]",V.1/Ch.2/移民社會的形成,頂下郊拚,,,
93,"1831年，淡水同知李嗣鄴為了強化防番並增闢耕地，他諭令從事防番開墾工作多年的姜秀鑾，與新竹的閩籍墾戶周邦正共同開墾新竹東南地區的北埔、峨眉、寶山一帶。為了使開墾荒地更為順利，經過一番協商之後，廣東籍的姜秀鑾與福建籍的周邦正兩人，各出資12,600兩銀元，加上李嗣鄴提供官銀1,000銀元，共組「金廣福」墾號，開墾新竹東南部。「廣」意指廣東的客家人，「福」則是福建的福佬人，而「金」則是因當時商人喜歡以「金」字冠號，代表開墾順利，取個好彩頭的意思。<br>【引用自：林佩欣，《圖解臺灣史》（臺北：書泉，2011），p.52】",teachers_book,清治臺灣,經濟,"[金廣福墾號, 李嗣鄴, 姜秀鑾, 周邦正, 防番開墾]",V.1/Ch.2/移民社會的形成,金廣福墾號的成立,,,
94,1. 性別比例失衡，男多女少。<br>2. 祖籍械鬥頻繁。<br>3. 以原鄉宗教信仰為主。,teachers_book,清治臺灣,社會,"[性別比例, 男多女少, 祖籍械鬥, 原鄉, 宗教信仰]",V.1/Ch.2/移民社會的形成,清治臺灣移墾社會的特色,,,
95,隨著漢人移民在臺居住時間漸久，其後代的祖籍地觀念也轉趨淡薄，從原來的唐山人、漳州人、泉州人等祖籍認同，轉為臺灣人、下港人、宜蘭人等地域認同。臺灣社會進入較為穩定的時期，亦即逐漸轉型為「定居社會」，此轉變約於1860年代完成。<br>轉型過程中，以往各分畛域的祖籍地緣關係組合逐漸消失，轉而以本地地緣、血緣而建立的組織為主，以來臺第一代祖先為祭祀對象的開臺祖宗族組織，便是最好的例子。<br>【改寫自：尹章義，《臺灣開發史研究》（臺北：聯經，1989），p.17、552。陳其南，《臺灣的傳統中國社會》（臺北：允晨，1988），p.149】,teachers_book,清治臺灣,社會,"[在地化, 定居社會, 祖籍認同, 地域認同, 開臺祖]",V.1/Ch.2/移民社會的形成,從移墾社會到在地化社會,,,
96,**唐山祖型宗族組織**<br>出現較早，大約在乾隆末期至嘉慶年間，因移墾早期少有舉族遷徙來臺，在相近地域同姓之移民者，遂以唐山原鄉較顯赫之祖先為祭祀對象，以入股金購買田地出租，作為每年祭祀之用，成員是採自願加入，不一定有清楚的系譜關係，又稱合約字宗族組織<br>**開臺祖型宗族組織**<br>出現在開墾一段時間之後，大約在咸豐年間以降，社會經濟逐漸繁榮，在事業稍有成就、子孫繁衍較多的家族，當鬮分家產之際，特別保留一部分家產之收入作為祭祀之花費，以開臺祖為祭祀對象，成員為其後裔，彼此間有清楚的系譜，又稱鬮約（分）字宗族組織。這是在地化之後才會出現的宗族組織,teachers_book,清治臺灣,社會,"[唐山祖, 開臺祖, 宗族組織, 合約字, 鬮約字]",V.1/Ch.2/移民社會的形成,唐山祖與開臺祖宗族組織,,,
97,**設置目的**<br>學者認為有二，一是為了使祖先在後世子孫中保持鮮明的記憶而不被遺忘，一是使後世子孫緊密結合<br>**主要功能**<br>雖在支付祖先祭祀的經費，但亦有提出部分財產充做子女婚嫁費、長孫額或養贍費等<br>**數量**<br>最早有宗親團體的統計資料，為1908年臺灣舊慣調查會所做的調查，當時臺灣祭祀公業有22199個。其中嘉義為當時各地公業數最多的地區，達6309個<br>**鼎盛**<br>祭祀公業的組織在明治年間達於鼎盛，乃因當時臺灣為日本殖民統治，臺民回大陸祭祖困難，於是祭祀開臺祖或上一兩代祖先漸為普遍，數量因此大幅度增加<br>**衰微**<br>日治晚期，受皇民化運動的影響，導致組織走向衰微的命運，宗族的祭祀公業無論在管理、規模或數量等方面，現今皆已大不如前<br>【引用自：施懿琳等著，《臺閩文化概論》（臺北：五南，2013），p.71】,teachers_book,日治臺灣,社會,"[祭祀公業, 宗親團體, 臺灣舊慣調查會, 開臺祖, 皇民化運動]",V.1/Ch.2/移民社會的形成,祭祀公業,,,
98,**農村問題與人口壓力**<br>1. 日本自19世紀後半起，人口成長速度快，不僅農戶平均耕地愈趨狹小，而明治維新後展開的「地租改正」，更使占日本人口79%的農民淪為佃農，沉重的地租讓農民苦不堪言<br>2. 福澤諭吉等學者由馬爾薩斯的《人口論》開始，注意到西方的殖民思想，主張向外殖民，以解決當時日本的經濟社會危機<br>3. 1863年幕府解除鎖國政策與海外禁航，1868年第一批「官約移民」前往夏威夷；1894年日本制定《移民保護規則》，政府將移民政策列為重要國策。自1868 ~ 1945年，移民臺灣的日本人約九千餘人<br>**殖民地的統治**<br>1. 殖民地的取得，使日本成為亞洲第一個帝國主義國家<br>2. 母國人民移居，有征服他地與宣示統治權的意味<br>3. 母國農民移入殖民地後，能形成勞動階級的一部分，淡化殖民地人民抗爭的強度，並且產生同化的作用<br>**國際局勢的演變**<br>1. 甲午、日俄戰爭後，日本躍升東亞強國，引起歐美列強的戒心，美加澳等國都有排日運動，對日本移民限制甚多<br>2. 日本國內多餘人口因而轉向移入臺灣、朝鮮、滿洲、樺太等殖民地與東南亞地區<br>【改寫自：張素玢，《未竟的殖民：日本在臺移民村》（臺北：衛城，2017），pp.40 ~ 45】,teachers_book,日治臺灣,社會,"[日本移民, 人口壓力, 地租改正, 福澤諭吉, 官約移民]",V.1/Ch.2/移民社會的形成,日治初期日本移民臺灣的背景,,,
99,**移民之始**<br>1895年6月17日，臺灣總督府舉行始政式，為了施政之便，自日本國內徵聘各種公職人員來臺<br>**移民人數**<br>1895年自日本國內引進1035名官吏（警察官770人、收稅官與會計官62人、技術人員19人以及軍人若干）。為了進行施政之準備，在始政式之前，各地官吏已先後抵達臺灣。由於各地局勢尚未穩定，知事以下各官吏均滯留於臺北和基隆兩地<br>【引用自：臺灣總督府民政局，《臺灣總督府民政事務成績提要第一編》（臺北：成文，1985），pp.22 ~ 24、31、35 ~ 36】,teachers_book,日治臺灣,政治,"[統治階層, 臺灣總督府, 始政式, 公職人員, 官吏]",V.1/Ch.2/移民社會的形成,日治初期來臺的統治階層,,,
100,"**第一期**<br>私營移民時期（1895 ~ 1908）：拓墾花蓮地區的加禮宛（新城）、賀田村（吳全城、壽豐）、馬黎馬憩原野（鳳林）、加路蘭（豐濱）等地，開墾面積約19822公頃<br>**第二期**<br>花蓮港廳官營移民時期（1909 ~ 1917）：拓墾花蓮地區的吉野村、豐田村、林田村，是《灣生回家》主角們的生活場域<br>**第三期**<br>臺東廳私營移民時期（1917 ~ 1945）：包含鹿野村、旭村、鹿寮，開墾面積達150平方公里，發展製糖事業，1930年代再增加瑞穗村等<br>**第四期**<br>官營移民時期（1932 ~ 1945）：轉向西部（多位於河床地），包含濁水溪（約3,500甲，俗稱「溪底」）與高屏溪的河床地",teachers_book,日治臺灣,經濟,"[農業移民, 私營移民, 官營移民, 花蓮港廳, 吉野村]",V.1/Ch.2/移民社會的形成,農業移民的階段,,,
101,**移民機構**<br>日本政府為了推行臺灣的移民事業，在臺灣總督府下特設移民事業委員會及移民課，在移民指定地設置移民指導委員會等機構，專管移民事宜<br>**移民補助**<br>1. 指導並協助整理墾地、建築道路、教育及民生設施、防獸柵以及灌溉和排水溝等<br>2. 平價供應各項物品、免費教育<br>**遭遇困境**<br>當地土地貧瘠、河川常氾濫成災、夏季颱風暴雨頻繁、時有地震、相對日照較少。1912年9月14日，颱風侵襲臺灣，15日，暴風中心通過花蓮港廳一帶，使交通為之中斷，狂風暴雨持續到16日，摧毀了住家、農作及一切地上物，東部平原了無生色，吉野村陷入慘境<br>**計畫失敗**<br>1. 總督府規劃欠缺完善<br>2. 醫藥缺乏，致使罹患疾病比例過高<br>3. 1911年吉野小學校校舍遭原住民放火燒毀,teachers_book,日治臺灣,社會,"[官營移民村, 移民事業委員會, 移民補助, 花蓮港廳, 吉野村]",V.1/Ch.2/移民社會的形成,花蓮港廳的官營移民村,,,
102,1. 分配荒蕪之地給移民：以日本人成熟的耕種技術開荒，無異浪費人力資源，從事集約式農耕才符合邊際效益。日本人善於精耕細作，從事開荒則不如臺灣人，如果配與熟田，移住之初便可以開始播種，生產米糧，迅速改善生活。<br>2. 分配土地過多：勞動力單薄的移民，配與水田1甲、旱田5分、宅地3分已足夠。過多的土地超過他們勞力負擔。<br>3. 日本移民太過依賴政府：移民過於依賴政府，以致喪失自我開創的精神。<br>4. 選擇環境：東部環境不佳，也是造成花蓮港廳移民失敗的原因。<br>【引用自：張素玢，《未竟的殖民：日本在臺移民村》（臺北：衛城，2017），pp.142 ~ 152】,teachers_book,日治臺灣,經濟,"[移民計畫, 荒蕪之地, 土地, 依賴政府, 花蓮港廳]",V.1/Ch.2/移民社會的形成,第二期移民計畫失敗的主因,,,
103,第三期的臺東廳私營移民時期（1917 ~ 1945），是由臺東製糖株式會社負責。臺東製糖株式會社招募移民開墾鹿野、旭、鹿寮、池上等地，其最大目的在於推廣植蔗區域，以獲得充足的原料——甘蔗；故對於移民之耕作，專門指導移民（甚至強迫）栽培甘蔗，導致糧食不足，最後仍告失敗。1921年臺東製糖株式會社遂將開拓事業與製糖事業分開，設立臺東開拓會社，繼續辦理開拓事業，並通過拓殖事業實行計畫，總督府也積極協助，特別是水利灌溉工程方面。<br>【引用自：矢內原忠雄，《日本帝國主義下之臺灣》（臺北：帕米爾，1987），p.127。陳正祥，《臺灣地誌・人口》（臺北：南天，1997），p.1218】,teachers_book,日治臺灣,經濟,"[臺東製糖株式會社, 私營移民, 甘蔗, 臺東開拓會社, 拓殖事業]",V.1/Ch.2/移民社會的形成,臺東製糖株式會社主導移民事業,,,
104,**時期**<br>荷據<br>鄭氏<br>清治<br>日治<br>**目的**<br>貿易土地開發<br>勞動力墾殖<br>開山撫番經營後山<br>同化調節人口熱帶開墾擴張基地<br>**經營本質**<br>栽培<br>屯墾、寓農於兵<br>軍事政治<br>栽培移住根據地<br>**公共投資**<br>穀倉<br>少數水圳<br>道路隘碉<br>農業環境水利交通醫療教育<br>**徵選條件**<br>無（大陸移民）<br>無（大陸移民）<br>無（大陸、本島移民）<br>職業健康財力品行家庭（日本移民）<br>**獎勵辦法**<br>1. 貸與耕牛、種子<br>2. 收購作物<br>不明確<br>1. 授與耕地<br>2. 補助口糧、生活費<br>3. 供耕牛、農具、種子<br>1. 授與耕地<br>2. 補助旅費、生活費、住宅費、經營費、醫療費、學費<br>**聚落型態**<br>無<br>屯兵散村<br>散村<br>封閉型移民集村<br>**土地所有權**<br>佃墾<br>官耕<br>自耕<br>自耕<br>**地區**<br>南部為主<br>西部為主<br>東部<br>前期東部後期西部為主<br>【引用自：張素玢，《未竟的殖民：日本在臺移民村》（臺北：衛城，2017），p.385】,teachers_book,日治臺灣,社會,"[官營移民, 荷據, 鄭氏, 清治, 日治]",V.1/Ch.2/移民社會的形成,臺灣各時期官營移民類型一覽表,,,
105,**來臺的日本農民**<br>多數為經濟情況不佳的貧農、佃農階級。雖然渡臺有得到政府奧援，但經濟狀況與居住在城市的日本人仍無法相比<br>**移民村的生活環境**<br>早期移民住宅的施工十分簡陋，建材也使用日本的杉木，易遭蟲害，每遇颱風侵襲便有損壞。儘管花蓮港廳移民村災後重建時，建材已有改善，但是與日式官舍或都市住宅（如臺中大和村）相比，良窳立判。官方在規劃移民村時，只提供一個遮風避雨的住所，並不注重環境的美化，即使移民並非出身富裕之家，對這樣如沙漠般的家園還是非常失望<br>**與其他族群的互動**<br>離開故鄉的日本農民移住臺灣之後，由於民族不同及殖民者的優越感，參與地方活動的機會大減，因而產生文化與生活上的孤立感，使得孤島式的移民村與外界更為疏離<br>【改寫自：張素玢，《未竟的殖民：日本在臺移民村》（臺北：衛城，2017），pp.420 ~ 421】,teachers_book,日治臺灣,社會,"[移民村, 日本農民, 佃農, 生活環境, 孤立感]",V.1/Ch.2/移民社會的形成,移民村裡的日本人,,,
106,日治之後，殖民政府基於殖產興利之目的，積極開發以往國家力量較少觸及的邊緣地帶，或藉由改善耕種條件，拓展可使用之土地面積。新的開發機會以及與此相應的勞動力需求，促使島內移民的形成，尤其是北部客家人的二次移民現象最為顯著，也因此在不同地域因為不同的移入族群，使得東部族群的組成及比重產生變化。,teachers_book,日治臺灣,社會,"[客家人, 東部, 殖產興利, 島內移民, 二次移民]",V.1/Ch.2/移民社會的形成,客家人移居東部,,,
107,**清代**<br>清中葉即有漢人移入臺東地區，其中客家人以南部六堆客庄移至者為主<br>**日治**<br>1. 北部客家人：新竹州之北客在大正、昭和年間，為採樟製腦或植蔗製糖而受僱遷徙臺東，主要聚居關山、鹿野、池上等地<br>2. 南部客家人：以商務為主，如販賣民生必需品、經營碾米廠等<br>**居住情形**<br>因為聚落開發時間較晚，人口規模小，再加上本籍多是新竹州，遷移過程多是親友的接引或作伴，加上語言仍有差異，故同鄉或親友聚居情形普遍<br>**族群關係**<br>移居東部的閩客關係較平和，可能因閩客皆為後至者，以及當地原住民族較占優勢等<br>【改寫自：林正慧，〈日治臺灣的福客關係〉《民族學界》39，2017.4，p.47。江美瑤：《關山鎮志・住民志》下（臺東：關山鎮公所，2002），pp.519 ~ 520、531】,teachers_book,日治臺灣,社會,"[客家移民, 臺東, 採樟製腦, 閩客關係, 新竹州]",V.1/Ch.2/移民社會的形成,臺東的客家移民史,,,
108,賀田金三郎於1899年開始在東部從事蔗作、樟腦等事業，1906年時自日本福島縣與愛媛縣移入百餘名日人，開墾範圍主要在花蓮廳的吳全城、鳳林與加禮宛一帶。此時，饒永昌也來到東臺灣擔任賀田組翻譯員，直到1908年才離開，遷到今日鳳林庄一帶發展樟腦事業，並帶來客家籍腦丁。因與原住民產生衝突，故設置隘勇建築樟腦寮，數戶人家組成群體，一可互相照顧、防衛以策安全，二能互助合作提高工作效率。而後這些腦丁轉從事農墾工作，成為鳳林居民。<br>饒永昌在日治時期大批客家籍墾民進入鳳林地區拓墾時，扮演著關鍵性的角色。日治時期臺灣的區長、庄長與街長幾乎都由日人所擔任，但他卻以「本島人（即臺灣人）」身分擔任鳳林區長（1916 ~ 1937）。並曾從西部招募大量客家移民前來拓墾，使大量客家移民於日治時期入墾鳳林地區，也帶動鳳林地區的發展。饒永昌成為日治時期東臺灣社會中地位極高的「本島人」政治菁英。<br>【參考自：邱嘉圓，《臺灣慢城創生與客家鳳林慢活》，國立中央大學客家社會文化研究所碩士論文，2018年，pp.6、59、60】,teachers_book,日治臺灣,社會,"[饒永昌, 鳳林, 賀田金三郎, 客家移民, 樟腦]",V.1/Ch.2/移民社會的形成,饒永昌與鳳林客籍移民的拓墾,,,
109,1945年日本戰敗，戰後初期陸陸續續有人民由中國大陸移入臺灣，有研究者稱這段時期為「非政治性移民時期」，時間為1946至1947年，此時期的移民兼具永久性移民與暫時性移民，多數移入者是基於有地緣、血緣關係而前來謀生或經商，也有部分是國民政府派遣來臺接收的官員。<br>1949年蔣介石主導的國民黨政府，因國共內戰而流亡到臺灣，隨著國民黨政權的潰敗，大批軍民逃入臺灣，一時人口遽增。這些大量隨著國民黨軍隊撤退來臺的軍民，多數集中在都市地區，其中尤以定居於國民黨政府所在地臺北市人數最多。在非政治性移民時期，大陸籍人士占臺北總人口比例尚不足10%，但是在政治性移民時期，卻旋即擴增為30%以上，呈現出大陸籍人口高度集中於臺北市的景況。這批人在臺灣通貨膨脹最嚴重的時期遷入，直接帶給臺灣更大的壓力。<br>【引用自：戴寶村，《簡明臺灣史》（南投：國史館臺灣文獻館，2007），p.100】,teachers_book,中華民國,社會,"[戰後移民, 非政治性移民, 國共內戰, 國民黨政府, 臺北市]",V.1/Ch.2/移民社會的形成,戰後移民潮,,,
110,"**人數近百萬**<br>根據學者結合日治時期人口紀錄與1956年普查結果（不含國軍），推算出1947 ~ 1965年間移入臺灣的外省人約有908,500人，若再加上1945 ~ 1946年間已來到臺灣的50,000名外省人，總數將近100萬<br>**集中都會區**<br>1. 65%居住在都會區，其中將近40%的外省人集中在臺北與鄰近地區，25%則分布於高雄、基隆、臺中、臺南等都會區<br>2. 被遣返的日人在城市留下大量空屋，城市也是中國大陸政府公家機關組織遷移處，加上大批外省人隻身來臺一無所有，在都市中較易借助同鄉力量找到住處、工作，因此多落腳在城市<br>**性別比例失衡**<br>1956年外省籍男女人口比例為二比一，此情況在30 ~ 64歲的區間最為顯著，這是因為眾多的中年外省男性將妻子與女性親人留在大陸獨自來臺所致<br>【改寫自：楊孟軒著，蔡耀緯譯，《逃離中國》（臺北：臺大出版中心，2023），pp.79 ~ 81】",teachers_book,中華民國,社會,"[外省人口, 普查, 都會區, 性別比例失衡, 遣返日人]",V.1/Ch.2/移民社會的形成,戰後二十年間移入臺灣的外省人口（不含軍人）,,,
111,民國89年1月28日報導：「近百位泰緬地區無國籍之華僑難民，前往內政部警政署入出境管理局陳情，請求協助解決身分問題，彼等部分為僑委會安排來臺讀書，部分經內政部同意嫁到臺灣，但均經政府核准來臺者，十年來卻始終領不到居留證，淪為只能非法打工，致生存不易……。」經深入調查後，發現當年我政府自大陸撤軍來臺之際，尚有部分國軍退守泰緬邊境，並成立「雲南反共志願軍」，隨時等著配合國軍反攻大陸，彼等不得不在泰緬邊境建立家園，以借地養兵之方式，為我政府執行邊界騷擾及情報作戰。民國51年間，我政府迫於國際壓力，在四國會議中曾向聯合國承諾，撤出在泰緬邊境打游擊之國軍部隊，政府曾三度將部分泰緬孤軍接回臺灣定居。<br>【引用自：監察院，《監察院人權保障工作彙總報告》（臺北：行政院研究發展考核委員會，2005），p.120】,teachers_book,中華民國,政治,"[孤軍, 泰緬地區, 雲南反共志願軍, 聯合國, 國軍]",V.1/Ch.2/移民社會的形成,滇、泰、緬孤軍來臺,,,
112,1955年2月8日展開，四天之內，撤退了大陳島上所有的居民共一萬餘人，加上軍隊共計兩萬八千人，並於基隆市登陸，來臺的大陳人則被分配到全臺各地共36處的大陳新村。包括臺東、花蓮、宜蘭、基隆、新北、桃園、新竹、高雄、屏東等地。,teachers_book,中華民國,社會,"[大陳義胞, 撤退, 大陳島, 大陳新村, 基隆]",V.1/Ch.2/移民社會的形成,大陳義胞撤退來臺,,,
113,「外省人」居住在營區四周類似軍營的木造房子裡，和軍方部隊保持著密切的關係，這是官方「集中居住、集中管理」的策略，也是為了配合可能因為戰事而起的緊急動員。眷村居民以近乎難民的姿態來到臺灣，住在臨時搭建的屋舍裡，使得眷村像是在陌生土地、陌生文化包圍下的安全避風港，也促使眷村形成近似隔離的社區特性。此外因為語言、生活背景和習慣與原居者不同，為了自我保護，他們自然產生一種較為團結的眷村性格；加上眷村的「中國人意識」頗為強烈，這是他們用來對抗不同文化衝擊所衍生的防衛機制，其結果使得眷村的空間性格更為封閉與排外。久而久之，居民多安於如此封閉的生活領域，變得難以接收生活環境的不確定性，且較不願意改變既有的生活方式。<br>【引用自：戴寶村，《簡明臺灣史》（南投：國史館臺灣文獻館，2007），p.104】,teachers_book,中華民國,社會,"[眷村, 外省人, 集中管理, 隔離, 中國人意識]",V.1/Ch.2/移民社會的形成,眷村的形成,,,
114,回到「眷村文化」或「眷村神話」的討論上，眷村之形成本來就有階級性。軍人被拉伕、被禁婚，即使是低階非自願從軍者，亦絕無可能攜家帶眷來臺。在分配間的種種不公，長久無償居住的不義，還有後來眷村改建帶來的天價利益！無論對未配舍的軍人與其他非軍職的臺灣人民，都非常不合理，也違反世代及土地正義。如果眷村制度本身就是一個極其不公不義的產物，其背後充滿著階級壓迫與歧視，那眷村文化就可將「鬼話」變成「神話」。固然眷村人其生活可能充滿了許多「真、善、美」，但那是建築在其他未配眷村、未婚軍人的犧牲之上。以國家力量要求其他人紀念眷村與歌頌眷村，除了一種記憶殖民外，亦是一種階級犯罪。眷村神話與懷舊情緒常壓倒一切，明明眷村族群享盡免費居住利益數十年，改建後又有高樓大廈可住，對其他未能分配到眷村的老兵是否公平呢？<br>事實上，能住在眷村中的算是不錯的待遇，並非每個外省軍民都能分配到入住眷村，他們有些聚居在眷村外圍的違建屋內，如臺北市七號公園、十四號公園及十五號公園，前身均為以違建為主的外省族群居住地；而臺北公館附近的「寶藏巖」，則是少數被保留下來的「違建」眷村，所以對這些外省移民而言，「眷村的形成是有階級性的」。<br>【改寫自：楊書育、廖青揚，《論臺灣族群與二二八、白色恐怖、眷村訴訟戰：臺灣228，白色恐怖，原住民，外省人與眷村研究》（桃園：楊書育，2014），pp.232 ~ 237】,teachers_book,中華民國,社會,"[眷村神話, 階級性, 眷村改建, 土地正義, 寶藏巖]",V.1/Ch.2/移民社會的形成,眷村神話,,,
115,位於高雄鳳山的黃埔新村，為臺灣第一座眷村。黃埔新村最早又稱誠正新村，是孫立人將軍將日治時期日人軍官的營舍改建而成的眷村。國民政府來臺之後，陸軍軍官軍校（成立於廣州黃埔，最初稱黃埔軍校）也隨著政府遷來臺灣，並落腳在誠正新村旁，誠正新村也因此改名為「黃埔新村」。雖然「誠正新村」被改名為「黃埔新村」，但是直到現在，位於眷村內的誠正國小仍沿用最初的名字。今日，黃埔新村已被高雄市政府劃定為文化景觀，部分建築物除成為文化園區之外，高雄市政府更推動「以住代護」的計畫，希望透過熱愛眷村的個人、工作室或團體，以實際入住的方式，將新的生命力注入眷村，藉此延續其歷史文化。<br>【改寫自：高雄市政府文化局，http://khvillages.khcc.gov.tw/home02.aspx?ID=$2001&IDK=2&EXEC=L】,teachers_book,中華民國,文化,"[黃埔新村, 眷村, 孫立人, 文化景觀, 以住代護]",V.1/Ch.2/移民社會的形成,黃埔新村,,,
116,1950年代，由於冷戰形勢的確立，大陸籍退除役官兵受限於海峽兩岸的敵對與隔絕，因此無法進行「復員」（軍人在戰爭結束後「回到」自己的國家與家園）。在此同時，臺灣甫經過戰爭洗禮，經濟凋敝，政府在安置大陸籍退除役官兵上，不僅要衡量財政情形，也要兼顧他們在臺灣普遍沒有社會關係的特殊狀況。<br>1954年退輔會成立，協助榮民在異鄉開展新的平民生活。由於這些退伍軍人多來自大陸農村，退輔會接收國防部轄下六個兵工墾區，作為安置退伍軍人的農場。1950年代，臺灣可耕地的開墾幾近飽和，退輔會只能利用尚未開墾的河床地、山坡地或是中央山脈來設立農場，例如清境農場、福壽山農場即是此時所成立。這些農場土地所有權均為國有，待榮民年老退休後，即離開農場至榮民之家，其耕作多年的土地則由新退伍的榮民承繼。<br>【改寫自：范郁文，〈榮民成為農民：退輔會農場的歷史分析（1954-1989）〉《中央研究院近代史研究所集刊》第60期，2008.6，pp.130 ~ 132、160】,teachers_book,中華民國,社會,"[榮民, 復員, 退輔會, 清境農場, 榮民之家]",V.1/Ch.2/移民社會的形成,戰後復員與榮民,,,
117,**背景**<br>因「反攻大陸」政策所致，軍法不允許未婚來臺的士官兵結婚<br>**限制**<br>1. 民國45年以前：年滿28歲的軍官才可以結婚<br>2. 民國45年起：允許有技術（如通訊技術人員）、滿28歲的士官結婚<br>3. 民國48年起：所有的士官滿28歲可結婚<br>4. 民國50年後：年滿28歲的士兵可結婚<br>**以花蓮縣為例**<br>1. 已婚者：由於結婚禁令解除時，大部分士官兵都已三、四十歲以上，超出一般適婚年齡。因此多數為老夫少妻，平均年齡差為18歲。妻子籍貫以原住民（阿美族）為大宗，閩南與客家人為少數。在此之中，也有寡婦再嫁或身體殘疾者<br>2. 未婚者：許多退伍士兵一方面期待「反攻大陸回家團圓」而不願結婚，另一方面也因軍中待遇低，無財力成家立業，加上人地生疏，難以找尋結婚對象<br>【改寫自：胡台麗，〈芋仔與蕃薯：臺灣「榮民」的族群關係與認同〉《中央研究院民族學研究所集刊》，第69期，1990年春季，pp.119、122】,teachers_book,中華民國,社會,"[榮民, 婚姻限制, 反攻大陸, 士官兵, 老夫少妻]",V.1/Ch.2/移民社會的形成,榮民的婚姻限制,,,
118,在菲律賓移工眼中，西方男人與臺灣男人是較受歡迎的伴侶，因為貧窮家鄉的菲律賓男人甚至可能需要仰賴妻子出國工作，而變成「去勢」的「家庭煮夫（houseband）」。Luisa解釋她較想嫁給外國人的原因：「我不想嫁給菲律賓男人，他們沒有錢，薪水又低。如果他跟我說：『妳什麼時候回臺灣，寄錢給我？』我會殺了他！」Luisa除了擔心會有個依賴成性的丈夫之外，她也擔心自己的遷移經驗造成不利於她在故鄉覓婚的條件：「我曾在日本跟臺灣工作，所以我很難嫁給菲律賓人，因為人家會覺得我是一個虛榮、時髦的都市女郎！他們一定會想我一定很重物質，但我不會。」事實上，菲律賓女性移工的形象在臺灣男性與其他外籍配偶的眼裡，相較於已從傳統性別角色「解放」的臺灣和西方女性，虔信天主教且保有傳統家庭價值的菲律賓女性是最佳的妻子候選人。<br>【引用自：藍佩嘉，《跨國灰姑娘——當東南亞幫傭遇上臺灣新富家庭》（臺北：行人，2008），pp.210 ~ 211】,teachers_book,中華民國,社會,"[外籍移工, 菲律賓, 婚姻, 家庭煮夫, 遷移經驗]",V.1/Ch.2/移民社會的形成,女性外籍移工的婚姻難題,,,
119,這幾年來，開始有機會接觸到「新住民二代」，經觀察後發現這些學童普遍學業成績較為低落，社經地位也多屬中、低階層。研究發現，許多娶外籍配偶的男子屬於社會、經濟地位較不佳的人士，其中還包括身心障礙族群；又加上嫁來臺灣的新移民女性大都是來自低度開發、經濟較落後的國家，更使得她們處於種族、階級和性別的三重弱勢，對生活造成許多不利的影響。而先生又是社經、身心處於弱勢的族群，隨著子女的出生，這樣的家庭組合產生的教養問題該如何解決？成為一個急需處理的問題。,teachers_book,中華民國,社會,"[新住民二代, 外籍配偶, 社經地位, 三重弱勢, 教養問題]",V.1/Ch.2/移民社會的形成,許多新住民二代遭遇的困境,,,
120,臺灣勞動市場由於1950年代及1960年代所誕生的大規模嬰兒潮，而能提供廉價、受過較高教育又年輕的勞力，因而滿足過去臺灣密集產業快速發展。同時，1960年代晚期和1970年代中期之間出生的人口世代，也在1980年代之後才陸續到達他們的工作年齡，由於人數較少，而且教育程度持續升高，臺灣的年輕勞力將不再像以前那麼豐富。因此，很自然地對於一向仰賴年輕價廉的勞力密集業而言，在勞動力的供給面上將形成年輕勞力短缺的趨勢，因此需從其他地區引進勞動力。<br>【引用自：林忠正，〈臺灣勞動市場的最近發展〉，《光復後臺灣地區發展經驗》（臺北：中研院中山人文社會科學研究所，1991），pp.241 ~ 244】,teachers_book,中華民國,經濟,"[國際移工, 勞動市場, 嬰兒潮, 勞力密集業, 勞力短缺]",V.1/Ch.2/移民社會的形成,國際移工來臺原因,,,
121,在臺灣引進外籍移工，已成為鞏固國民經濟的方式之一，但其逃逸所形成的問題也日漸嚴重。2023年，在臺行蹤不明的國際移工已達到8.6萬人。<br>藍領外籍移工人數（至2022年12月）<br>**產業移工**<br>印尼: 88488<br>菲律賓: 126643<br>泰國: 66512<br>越南: 228577<br>合計: 510220<br>**社福移工**<br>印尼: 165626<br>菲律賓: 28163<br>泰國: 464<br>越南: 27605<br>合計: 221858<br>**合計**<br>印尼: 254114<br>菲律賓: 154806<br>泰國: 66976<br>越南: 256182<br>合計: 732078<br>【引用自：勞動部勞動力發展署，http://statdb.mol.gov.tw/html/mon/212030.htm】,teachers_book,中華民國,社會,"[國際移工, 藍領, 產業移工, 社福移工, 越南]",V.1/Ch.2/移民社會的形成,國際移工在臺人數,,,
122,2023年12月底政府核准超過4.8萬人次的專業人員人數，主要包含日本、美國、加拿大、英國、馬來西亞、菲律賓等國。<br>【引用自：勞動部勞動力發展署，http://statdb.mol.gov.tw/html/mon/212030.htm】,teachers_book,中華民國,社會,"[白領移工, 專業人員, 日本, 美國, 馬來西亞]",V.1/Ch.2/移民社會的形成,臺灣的白領移工人數,,,
123,| | 放棄臺灣派 | 保留臺灣派 |<br>| :--- | :--- | :--- |<br>| **代表** | 以康熙皇帝為首 | 以施琅為首 |<br>| **立場** | 認為臺灣是孤懸海外的彈丸之地，一來統治不易，二來收入版圖與否對大清帝國也沒多大影響，因此主張放棄臺灣，並將漢人遷回中國大陸 | 認為臺灣土地富饒，而且對中國東南海防非常重要，因此主張保留臺灣 |<br>| **結果** | 康熙皇帝在國防、經濟、人民等因素多方考量之下，態度轉變，接受施琅的主張，在1684年將臺灣正式納入清版圖 | |<br><br>【改寫自：張素玢，〈清代臺灣的政治與社會發展（1684～1858）〉，數位典藏觀察室，https://content.teldap.tw/index/blog/?p=3575】,teachers_book,清治臺灣,政治,"[康熙, 施琅, 棄留, 版圖, 海防]",V.1/Ch.3/帝國的邊陲,臺灣棄留爭議,,,
124,| 分類 | 理由 | 原文 |<br>| :--- | :--- | :--- |<br>| **國防** | 地理位置優越 | 北連吳、會，南接粵、嶠，延袤數千里，山川峻峭，港道迂迴，乃江、浙、閩、粵四省之左護 |<br>| | 重要軍事要地 | 守臺灣則所以固澎湖。臺灣、澎湖，一守兼之。沿邊水師，汛防嚴密，各相犄角，聲氣關通，應援易及，可以寧息 |<br>| | 避免荷人占有 | 一為紅毛所有，則彼性狡黠，所到之處，善能蠱惑人心。重以夾板船隻，精壯堅大，從來乃海外所不敵 |<br>| **經濟** | 物產豐富 | 野沃土膏，物產利薄，耕桑並耦，魚鹽滋生，滿山皆屬茂樹，遍處俱植修竹。硫磺、水藤、蔗糖、鹿皮，以及一切日用之需，無所不有 |<br>| **交通** | 距離澎湖近 | 隔離澎湖一大洋，水道三更餘遙 |,teachers_book,清治臺灣,政治,"[國防, 澎湖, 紅毛, 物產, 恭陳臺灣棄留疏]",V.1/Ch.3/帝國的邊陲,施琅在〈恭陳臺灣棄留疏〉中保臺的理由,,,
125,| | |<br>| :--- | :--- |<br>| **目的** | 防止臺灣人民私自擁有武器 |<br>| **作法** | 1. 管制中國大陸鐵器輸入臺灣的數量<br>2. 允許臺島設立「鑄戶」（打鐵舖），以配合臺民的日用需求，但對鑄戶進行管控，防止島上鐵器外流，或私鑄、改造成軍械 |<br>| **成效** | 臺灣民間鐵器私鑄、走私情形嚴重，由朱一貴事件、林爽文事件、戴潮春事件等亂事皆以私鑄鐵器起事，可見清廷對鐵器的管制是失敗的 |<br><br>【改寫自：林榮盛，〈清代臺灣的鐵器管制初探（1706～1875）〉，收入《迴瀾春秋》第8期，2011年10月，pp.17～41】,teachers_book,清治臺灣,社會,"[鐵器, 鑄戶, 朱一貴事件, 林爽文事件, 管制]",V.1/Ch.3/帝國的邊陲,鐵器管制,,,
126,| | |<br>| :--- | :--- |<br>| **背景** | 1. 對臺民的猜忌：清廷認為臺民為效忠明帝國的遺民，為防範他們叛亂，故不以臺民來防守臺灣<br>2. 節省兵費：抽調福建原有駐軍來臺，即可不增加軍餉守住臺灣<br>3. 使福建官兵熟悉臺灣：以做未來平亂的準備 |<br>| **作法** | 防衛臺灣的軍隊由中國大陸（福建為主）派駐，定以3年輪調1次，稱為換班，故稱班兵 |<br>| **特色** | 1. 遇缺不准在臺募補<br>2. 班兵來臺後分營零散而居：武官與兵丁彼此不熟悉，兵與兵也互不相識，使得訓練困難重重<br>3. 漳州與泉州籍班兵分散於各營：班兵常因駐守於不同籍貫的村莊而欺壓莊民，進而引發漳泉械鬥 |<br>| **影響** | 班兵紀律敗壞、戰鬥力低落，無法應付叛亂事件，進而促使臺灣團練鄉勇制度的興起 |<br><br>【改寫自：溫振華、戴寶村，《典藏臺灣史（四）漢人社會的形成》（臺北：玉山社，2019），pp.50～55】,teachers_book,清治臺灣,政治,"[班兵制, 輪調, 漳泉械鬥, 鄉勇, 福建]",V.1/Ch.3/帝國的邊陲,班兵制,,,
127,| | |<br>| :--- | :--- |<br>| **游民（羅漢腳）特多** | 他們「嫖賭、摸竊、械鬥、樹旗，靡所不為。……游食四方，隨處結黨，………臺灣之難治在此」，游民是械鬥的要角 |<br>| **地方為「總理」所掌控** | 總理「流品混淆，清濁不分…………，變亂黑白，武斷鄉曲」。他們「變亂黑白，武斷鄉曲」，與今天的某些地方勢力，古今輝映 |<br>| **「富戶不重讀詩書、講禮義」** | 富人只想與官府勾結，而「貧人謀生又勢不能學」。也就是說，有錢人不學，窮人不能學，以至於「學校不振，文風日衰」 |<br><br>【引用自：周婉窈，《臺灣歷史圖說——史前至一九四五年》（增訂本）（臺北：聯經，2009），pp.82～83】,teachers_book,清治臺灣,社會,"[游民, 羅漢腳, 總理, 械鬥, 移墾社會]",V.1/Ch.3/帝國的邊陲,清治臺灣移墾社會的特色,,,
128,| | |<br>| :--- | :--- |<br>| **地理位置孤懸** | 駐臺官員因朝廷長官遠在中國大陸難以監督，故權力甚大，姑息苟且之事也就更肆無忌憚 |<br>| **官民間語言不通** | 清廷設有官員迴避本籍制度，因此來臺官員多為福建以外的省籍，不通臺灣方言，難以深入了解地方 |<br>| **官員俸祿低** | 官員收受規費來應付開銷，貪汙受賄情事層出不窮 |<br>| **官衙辦公經費缺乏** | 官員為應付公事的龐大開銷，賢者從正規賦稅收入中挪用應急，不肖者便貪汙索賄 |<br><br>【改寫自：溫振華、戴寶村，《典藏臺灣史（四）漢人社會的形成》（臺北：玉山社，2019），pp.37～38】,teachers_book,清治臺灣,政治,"[吏治, 迴避本籍, 俸祿, 貪汙, 官衙]",V.1/Ch.3/帝國的邊陲,清代臺灣吏治不良的原因,,,
129,| | |<br>| :--- | :--- |<br>| **政治方面** | 人事政策上，任官制度導致事權互相牽制。官員俸祿相當微薄，造成差役魚肉百姓的事端層出不窮，加上班兵的弊端不少，使得械鬥易生、惡行不斷 |<br>| **經濟方面** | 官方一遇戰事，軍需費用大，於是變相徵收稅金，此舉造成百姓生活困苦，直接反映出來的是百姓不滿的情緒，「民變」就此產生 |<br>| **社會方面** | 臺灣社會的移墾特性，造成閩粵、漳泉械鬥、地方豪強爭鬥頻繁，再加上家族恩怨與私人地方武力普遍，提高了社會衝突的必然性 |<br>| **文化方面** | 民間講求合作互助，身處社會邊緣的游民、羅漢腳便互相結盟拜把，由拜把起而結會，如名為小刀會、父母會的會黨出現，造成紛爭不斷 |<br><br>【改寫自：吳青霞，〈臺灣三大民變書寫研究——以古典詩文為主〉（臺南：國立成功大學臺灣文學研究所，2008），pp.21～25】,teachers_book,清治臺灣,社會,"[民變, 械鬥, 羅漢腳, 會黨, 移墾]",V.1/Ch.3/帝國的邊陲,清代臺灣民變頻仍的因素,,,
130,| | |<br>| :--- | :--- |<br>| **類別** | 1. 社會發生動亂時，部分百姓選擇站在官方那方，稱為「義民」。政府頒發「義民」證明文件，造冊列管，納入地方平亂策略的一環<br>2. 動亂平定後，政府賞賜匾額給特定村落，該村落的居民從此自稱「義民」 |<br>| **嘉獎** | 官員將立功的義民往上呈報，頒發證明，擁有以軍功任官的資格 |<br>| **案例** | 朱一貴事件時，鳳山縣粵民領袖李直三即自稱義民，地方官員在動亂期間也賞賜米糧與武官職銜。亂平後，李直三得到官方認可核發的「義民」箚付（證書） |<br>| **記載** | 乾隆中葉《重修鳳山縣志》中，收錄閩浙總督覺羅滿保的〈題義民效力議敘疏〉，講述朱一貴事件中鳳山縣義民的表現，為清代官方最早敘獎「有功人員」為義民的記載 |<br>| **發展** | 自朱一貴事件起，清廷為了有效分化地方反叛勢力，採取對義民進行旌賞，而民眾為了爭取基層武官任用資格，也使得「義民政策」得以長期施行於臺灣社會 |<br>| **結論** | 「義民」並非是以族群作為分類，而是根據立場而定，漳州、泉州、粵籍都有可能成為「義民」 |<br><br>【改寫自：李文良，〈清代朱一貴事件後的義民議敘〉《臺大歷史學報》第51期，2013年6月，pp.82～83、111】,teachers_book,清治臺灣,社會,"[義民, 朱一貴事件, 旌賞, 箚付, 義民政策]",V.1/Ch.3/帝國的邊陲,「義民」概念的形成,,,
131,| | |<br>| :--- | :--- |<br>| **起因** | 1. 1786年夏天，諸羅縣楊光勳、楊媽世兄弟為爭家產，各自結會相鬥，地方官員以搜捕會黨為由，大肆清鄉<br>2. 彰化大里杙（今臺中市大里區）為林姓聚族而居之地，多有參加天地會黨者，於是人人自危，遂擁林爽文等人抗官 |<br>| **經過** | 1. 1786年11月，林爽文等人在茄荖山（南投縣草屯）豎旗起事，進攻大墩營盤（今臺中市南屯），旋陷彰化、諸羅兩城，臺灣知府以下文武官員多人被殺，林爽文被推為順天大盟主<br>2. 南路會黨以莊大田為首，攻陷鳳山縣，12月會黨南北會攻府城未果，與清軍展開對峙 |<br>| **結果** | 清廷為平民變，屢調大軍來臺，最後派遣協辦大學士福康安抵臺督戰，1788年初攻破大里杙，林爽文、莊大田先後被捕，事件始告平定 |<br>| **評價** | 此事件波及甚廣，平定費時耗力，乾隆自詡為其「十大武功」之一 |<br><br>【引用自：「林爽文事件」，文化部國家文化資料庫，http://nrch.cca.gov.tw/twpedia.php?id=5469】,teachers_book,清治臺灣,政治,"[林爽文, 天地會, 莊大田, 福康安, 十大武功]",V.1/Ch.3/帝國的邊陲,林爽文事件,,,
132,| | 林爽文陣營 | 官府 |<br>| :--- | :--- | :--- |<br>| **事件初期** | 曾有山區未歸化清廷的原住民協同作戰 | 整編官民及熟番進剿起事群眾，並透過番社通事聯繫內山各社生番頭目，與官方合作圍堵 |<br>| **事件中期** | 林爽文曾利用未歸化原住民不明情勢的弱點，來蒙騙其對抗清軍 | 官方鎮壓的兵力大半仍仰賴內附朝廷的熟番 |<br>| **事件後期** | 1. 逃亡中的林爽文亦曾尋求未歸化原住民的協助<br>2. 南路莊大田陣營亦有原住民的投入，如鳳山縣上淡水社番金娘 | 福康安率精兵抵臺督戰之際，採納本地官員建議，以「立重賞、示軍威」為策略，以期內山生番協助搜捕逃入山區的林爽文等人 |<br><br>【改寫自：何孟侯，〈清代林爽文事件中的臺灣原住民〉，收入《故宮學術季刊》第26卷第4期，2009年，pp.111～137】,teachers_book,清治臺灣,社會,"[原住民, 林爽文事件, 熟番, 生番, 福康安]",V.1/Ch.3/帝國的邊陲,原住民在林爽文事件中扮演的角色,,,
133,| | |<br>| :--- | :--- |<br>| **背景** | 1720年，鳳山縣縣令出缺，由臺灣知府王珍自攝縣政，但並未親理該縣政事，而是令其次子代理。王珍次子貪橫苛刻，激起民眾強烈不滿 |<br>| **起事** | 1721年，朱一貴在岡山號召民眾起事，隨後攻破府城，席捲臺灣南部，自立為「中興王」，定年號「永和」 |<br>| **分裂** | 朱一貴與另一起事領袖杜君英分道揚鑣，還與南部的客家村落爆發衝突，使客家族群倒向清軍 |<br>| **結果** | 朱一貴陣營大敗於清軍，隨即被捕，隔年在北京遭凌遲處死 |<br><br>【改寫自：〈過於歡樂，妄想過頭？一鴨母王的傳奇和寓意〉，典藏臺灣，https://digitalarchives.tw/Exhibition/4745/1.html】,teachers_book,清治臺灣,政治,"[朱一貴, 中興王, 永和, 杜君英, 凌遲]",V.1/Ch.3/帝國的邊陲,朱一貴事件,,,
134,| | |<br>| :--- | :--- |<br>| **起源** | 朱一貴事件期間，下淡水地區（今屏東平原）粵民聚落糾集組成護莊組織，投效清廷，號為「六堆」 |<br>| **嘉許** | 事件平定後，清廷授予有功人員武職官銜，並賜名當地「懷忠里」 |<br>| **後續** | 此後六堆義民屢次助清廷平定亂事，如林爽文事件 |<br><br>【改寫自：吳密察監修，《臺灣史小事典》，（臺北：遠流，2013），p.44】,teachers_book,清治臺灣,社會,"[六堆, 朱一貴事件, 粵民, 護莊組織, 懷忠里]",V.1/Ch.3/帝國的邊陲,六堆,,,
135,| | 無城牆 | 木柵城牆 | 土城牆 |<br>| :--- | :--- | :--- | :--- |<br>| **時間** | 康熙年間 | 1725年（雍正3年） | 1791年（乾隆56年） |<br>| **背景** | 清廷為防臺，對臺實施不築城政策 | 朱一貴事件：事件平定後，官員體認到不論是保民或自保，府城起碼要設立基本的城牆，以強化防護 | 林爽文事件：事件平定後，乾隆皇帝有感木柵城牆防守能力不足，因此諭令臺灣府廳各縣改建城垣 |<br><br>【改寫自：林偉仁，〈從無牆到土牆—清初地圖裡的臺灣府城〉，收入《白沙歷史地理學報》第5期，2008年4月，pp.80～82；〈清代臺灣城郭〉，臺灣歷史文化地圖，https://thcts.sinica.edu.tw/themes/rc20.php】,teachers_book,清治臺灣,政治,"[城牆, 不築城政策, 朱一貴事件, 林爽文事件, 防護]",V.1/Ch.3/帝國的邊陲,清治臺灣城牆的演變,,,
136,清治時期採取「防臺治臺」策略，由福建、廣東抽調軍隊來臺的班兵負責維持治安，不讓臺人入伍；歷次民變均會招募地方臺勇協助作戰。1860年太平天國亂興，清廷調派霧峰林家出身的林文察，率領臺勇前往征伐，由於戰果豐碩，「臺勇」名號始被注意。<br><br>【參考自：「臺勇」，文化部國家文化資料庫，http://nrch.culture.tw/twpedia.aspx?id=5802】,teachers_book,清治臺灣,政治,"[臺勇, 班兵, 民變, 太平天國, 林文察]",V.1/Ch.3/帝國的邊陲,臺勇,,,
137,| | |<br>| :--- | :--- |<br>| **時間** | 1868年（同治7年） |<br>| **背景** | 清廷對樟腦實施專賣，不許外商與民間直接交易，然因利之所趨，外商仍時常違反禁令，私自開採樟腦 |<br>| **經過** | 1. 英商怡記洋行在臺灣中部私運樟腦，遭清政府查扣<br>2. 洋行代理人必麒麟赴臺談判時，與駐臺官員發生嚴重衝突並受傷<br>3. 英國駐安平領事吉必勳得知後，隨即電請英國軍艦派兵保護<br>4. 英艦砲轟安平，並上岸偷襲安平軍營<br>5. 在臺南紳商繳納保證金後，英軍方退兵離去 |<br>| **結果** | 清廷與英國簽訂《樟腦條約》，內容包括：<br>1. 清廷開放樟腦買賣<br>2. 清廷賠償怡記洋行損失<br>3. 清廷撤換事件相關官員<br>4. 清廷同意傳教士有在臺傳教與居住的權利<br>5. 發生華洋糾紛由清英共同裁判 |,teachers_book,清治臺灣,經濟,"[樟腦, 專賣, 怡記洋行, 必麒麟, 樟腦條約]",V.1/Ch.3/帝國的邊陲,樟腦事件,,,
138,| | |<br>| :--- | :--- |<br>| **琉球船難** | 1871年，一艘琉球船隻遭遇船難，漂流到今屏東滿州一帶，船員上岸後遭當地原住民殺害，生還者則在漢人幫助下護送到福州 |<br>| **日本出兵** | 1874年，日本藉口琉球船難出兵攻打臺灣。日軍在社寮（今屏東車城四重溪口）登陸，與牡丹社人在石門爆發戰役，後贏得軍事勝利 |<br>| **清廷交涉** | 清廷派沈葆楨來臺籌辦防務與對日交涉，但無法挽回頹勢 |<br>| **簽訂條約** | 清廷派李鴻章與日本大久保利通進行外交談判，雙方簽訂條約：清廷承認日本出兵臺灣的合法性，並賠償日本軍費 |<br>| **事件影響** | 1. 由於清廷正式承認日本出兵臺灣的合法性，因而成為日本併吞琉球的開端<br>2. 中國認知到不可再把番界視為化外之地，必須「有效占領」才能杜絕其他列強以「無主地」為由出兵番地，治臺政策因此由消極轉為積極 |<br><br>【改寫自：吳密察監修，《臺灣史小事典》，（臺北：遠流，2013），pp.78～79】,teachers_book,清治臺灣,政治,"[牡丹社事件, 琉球, 沈葆楨, 李鴻章, 番界]",V.1/Ch.3/帝國的邊陲,牡丹社事件,,,
139,| | |<br>| :--- | :--- |<br>| **戰爭起因** | 1883年，清廷為了越南主權問題，與法國開戰 |<br>| **犯臺經過** | 1884年7月，劉銘傳奉派來臺督辦軍事防務；8月，法艦進犯基隆，遭守軍擊退；10月，法軍再攻基隆，進占基隆街市區及獅球嶺各堡壘，劉銘傳評估形勢決定棄基隆守淡水 |<br>| **封鎖臺灣** | 法軍雖占領基隆，卻遲遲攻不下淡水，於是轉而封鎖臺灣海峽。在斷絕兩岸物資往來的同時，持續騷擾中國東南沿海，試圖拉長戰線 |<br>| **戰局轉變** | 1885年3月，法艦進犯澎湖，並占領媽宮（今馬公）。法軍雖然順利占領澎湖，但在越南的諒山一戰大敗，使得中法（清法）之間的戰況走向議和的局面 |<br>| **戰爭結果** | 清廷與法國簽訂和約，戰況解除。法將孤拔則於6月11日病逝於澎湖 |<br>| **對臺影響** | 中法（清法）戰爭使清廷更加認知臺灣戰略地位的重要，1885年宣布臺灣建省，以劉銘傳為第一任巡撫 |<br><br>【改寫自：李筱峰，《臺灣史100件大事（上）》（臺北：玉山社，2003年），pp.92～93；國立臺灣歷史博物館，https://collections.nmth.gov.tw/article.aspx?a=249】,teachers_book,清治臺灣,政治,"[中法戰爭, 劉銘傳, 基隆, 封鎖, 臺灣建省]",V.1/Ch.3/帝國的邊陲,中法（清法）戰爭波及臺灣,,,
140,| | 沈葆楨 | 丁日昌 | 劉銘傳 |<br>| :--- | :--- | :--- | :--- |<br>| **來臺身分** | 欽差大臣 | 福建巡撫 | 福建巡撫→臺灣巡撫 |<br>| **背景** | 牡丹社事件 | 福建巡撫冬、春駐臺 | 中法（清法）戰爭 |<br>| **留臺時間** | 1年餘（1874～1876） | 5個多月（1876～1877） | 7年（1884～1891） |<br>| **重防務** | 1. 在安平、旗後和東港設砲臺<br>2. 建恆春城、鵝鑾鼻燈塔 | | 1. 購建軍艦、於基隆、澎湖增設砲臺<br>2. 設機械局、建軍械所 |<br>| **行政區劃** | 二府八縣四廳 | | 臺灣府改為臺南府，中部增設臺灣府 |<br>| **交通礦物** | 1. 展開航運<br>2. 機器開採煤礦 | 1. 架設臺南到高雄的電報線<br>2. 振興礦業 | 1. 擴充基隆煤礦，首建鐵路<br>2. 自辦電力公司<br>3. 設郵政總局、電燈、自來水、興建洋樓 |<br>| **其他** | | 巡視臺灣南北 | 清丈田賦 |<br>| **相同點** | 開山撫番、機械採礦、交通運輸 | | |,teachers_book,清治臺灣,政治,"[沈葆楨, 丁日昌, 劉銘傳, 開山撫番, 行政區劃]",V.1/Ch.3/帝國的邊陲,沈葆楨、丁日昌、劉銘傳治臺的比較,,,
141,| 行政區劃 | 年代 | 府治 | 轄區 |<br>| :--- | :--- | :--- | :--- |<br>| 一府三縣 | 1684年（康熙23年） | 臺灣府（臺南） | 諸羅縣、臺灣縣、鳳山縣 |<br>| 一府四縣二廳 | 1727年（雍正5年） | 臺灣府（臺南） | 彰化縣、諸羅縣、臺灣縣、鳳山縣、澎湖廳、淡水廳 |<br>| 一府四縣三廳 | 1812年（嘉慶17年） | 臺灣府（臺南） | 彰化縣、嘉義縣、臺灣縣、鳳山縣、澎湖廳、淡水廳、噶瑪蘭廳 |<br>| 二府八縣四廳 | 1875年（光緒元年） | 臺北府（臺北） | 淡水縣、新竹縣、宜蘭縣、基隆廳 |<br>| | | 臺灣府（臺南） | 彰化縣、嘉義縣、臺灣縣、鳳山縣、恆春縣、澎湖廳、卑南廳、埔里社廳 |<br>| 三府一直隸州十一縣四廳 | 1887年（光緒13年） | 臺北府（臺北） | 淡水縣、新竹縣、宜蘭縣、基隆廳、南雅廳（1894年增設） |<br>| | | 臺灣府（臺中） | 苗栗縣、臺灣縣、彰化縣、雲林縣、埔里社廳 |<br>| | | 臺南府（臺南） | 嘉義縣、安平縣、鳳山縣、恆春縣、澎湖廳 |<br>| | | 臺東直隸州（卑南） | |,teachers_book,清治臺灣,政治,"[行政區劃, 一府三縣, 臺灣府, 臺北府, 臺東直隸州]",V.1/Ch.3/帝國的邊陲,清代臺灣行政區劃演變,,,
142,| | |<br>| :--- | :--- |<br>| **定義** | 蘭陽平原一帶，古稱「蛤仔難」或「噶瑪蘭」（Kavalan），噶瑪蘭是地名也是族名，意指「平原之人」 |<br>| **背景** | 1. 1874年牡丹社事件以前，清廷採取劃界封山的政策，將原住民居住的東部、蘭陽平原等地視為「界外」或「後山」，不設官治理，也不許漢人入墾<br>2. 乾隆、嘉慶年間，臺灣西部平原大致開發完畢，儘管官府禁止，「後山」新天地的利益仍吸引漢人前仆後繼冒險進墾 |<br>| **拓墾** | 1. 1796年（嘉慶元年），吳沙廣招墾民進入蛤仔難，登陸後在南邊築土圍，稱頭圍（即頭城）<br>2. 吳沙將墾民組織成隊，數十人為一結、數十結為一圍等形式，形成嚴密而有系統的開墾群體。在不到一年的時間，墾地幾十里，接連開發了二圍、三圍 |<br>| **意義** | 吳沙被稱為開蘭第一人 |<br><br>【改寫自：〈水利人的足跡〉，經濟部水利署暨所屬機關圖書室，https://lib.wra.gov.tw/WraLib/wSite/sp?xdUrl=/wSite/WRA/content.jsp&ctNode=9&xitem=1155&showmore=Y&mp=1；臺灣海外網，http://www.taiwanus.net/history/3/54.htm】,teachers_book,清治臺灣,社會,"[蛤仔難, 噶瑪蘭, 吳沙, 開蘭, 拓墾]",V.1/Ch.3/帝國的邊陲,蛤仔難的開發,,,
143,| | |<br>| :--- | :--- |<br>| **出身** | 福建同安人，因犯法逃亡，逐漸成為海盜頭目，出沒於山東至閩粵一帶海域 |<br>| **犯臺** | 1. 1804年，首度進犯鹿港，不久後更轉往鹿耳門劫掠<br>2. 1805年，據滬尾，自稱鎮海威武王<br>3. 1806年，據洲仔尾（今臺南永康），清將領許松年、王得祿率援軍趕至，蔡牽大敗後轉往噶瑪蘭開墾，直到被王得祿追擊才離開臺灣 |<br>| **結束** | 1809年，蔡牽在浙江外海遭王得祿圍捕，無力突圍而以火藥投艙自轟而死 |<br>| **影響** | 蔡牽事件後，清廷開始加強海口防範，改變軍事佈防的局勢 |<br><br>【改寫自：〈蔡牽事件〉，臺灣大百科全書，https://nrch.culture.tw/twpedia.aspx?id=3558】,teachers_book,清治臺灣,社會,"[蔡牽, 海盜, 鎮海威武王, 王得祿, 鹿耳門]",V.1/Ch.3/帝國的邊陲,蔡牽,,,
144,| | |<br>| :--- | :--- |<br>| **目的** | 清查隱田，擬廢除大租戶，將小租戶給予大租戶的納糧轉歸政府，以增加稅收 |<br>| **開端** | 1886年劉銘傳在臺北及臺南設立「清賦總局」，各廳縣設「分局」，展開清丈土地 |<br>| **反彈** | 彰化地區曾爆發施九緞事件及豪紳地主抗議 |<br>| **結果** | 1. 全臺入冊的畝數比原來多出400多萬畝，但大租戶未能完全取消<br>2. 中北部地區因大租戶強烈反對，改採「減四留六」：大租戶收取之大租，減去四成留給小租戶添補納稅之用，確立小租戶為業主，由小租戶保管丈單、繳納正供 |<br><br>【改寫自：張靜宜，《再現臺灣：臺灣建省和現代化》（臺中：暢談國際文化，2009），pp.28～29】,teachers_book,清治臺灣,經濟,"[清賦, 劉銘傳, 隱田, 大租戶, 減四留六]",V.1/Ch.3/帝國的邊陲,劉銘傳的清賦事業,,,
145,| | |<br>| :--- | :--- |<br>| **倡議** | 1876年，福建巡撫丁日昌曾倡議臺灣開辦鐵路 |<br>| **開辦** | 1. 1885年臺灣建省後，劉銘傳奏請興建鐵路，並於1887年開工<br>2. 1891年「基隆—臺北」段鐵路完工 |<br>| **路線** | 鐵路以基隆為起點，穿越獅球嶺隧道後，沿基隆河一路蜿蜒，途經南港、錫口（今松山），抵達位於大稻埕的臺北車站（今臺北中興醫院一帶） |<br><br>【改寫自：李盛沐，〈劉銘傳鐵道路線之今昔〉《臺灣學通訊》（鐵道三之二——消失的鐵道），第107期，2018.9】,teachers_book,清治臺灣,經濟,"[鐵路, 劉銘傳, 基隆, 獅球嶺隧道, 大稻埕]",V.1/Ch.3/帝國的邊陲,臺灣的第一條鐵路,,,
146,| | |<br>| :--- | :--- |<br>| **成立** | 1887年，劉銘傳在臺北大稻埕六館街（今南京西路一帶）創辦西學堂，聘請外籍人士擔任教師，招收20名學生後正式授課 |<br>| **課程** | 包含外語（英語為主）、史地、測繪、數理及漢文等 |<br>| **運作** | 1. 每日上午9時至下午5時為教學時間，早晚則督課國文，星期日進行考試<br>2. 比照傳統儒學形式，由官府支付學生在校的生活費 |<br>| **裁撤** | 邵友濂繼任巡撫後，考量學堂開銷過大，也未能發揮培育精通西學人才的功能，因此於1891年裁撤西學堂 |<br><br>【改寫自：黃秀政、張勝彥、吳文星，《臺灣史》（臺北：五南，2006），p.167】,teachers_book,清治臺灣,文化,"[西學堂, 劉銘傳, 大稻埕, 外語, 邵友濂]",V.1/Ch.3/帝國的邊陲,西學堂,,,
147,依照《馬關條約》的規定，條約批准互換兩個月內，中日雙方應派員至臺灣交接。但日本認為兩個月變數太多，《馬關條約》換約兩天後，即派遣首任臺灣總督樺山資紀負責接收事宜，中國方面則由李鴻章、李經方父子擔負交接任務。6月2日，李經方搭乘掛著德國國旗的中國戰艦，登上停靠在基隆外海的「日本橫濱丸」，與日本的全權大使樺山資紀辦理交割事宜。李經方向樺山表示：「臺灣人妄信是因為父親與我兩人談判的結果才將臺灣割讓日本，臺灣人對我們父子懷恨甚深，所以如果要登陸臺灣辦理交割手續，我擔心會被臺灣人刺殺，希望能在船上辦好交接手續。」最後依李經方的要求，在橫濱丸上完成交接儀式。<br><br>【改寫自：張靜宜、林瑛琪，《臺灣民主國》（臺中：莎士比亞文化，2006），pp.18～20。羅吉甫，《野心帝國：日本經略臺灣的策謀剖析》（臺北：遠流，1993），p.25】,teachers_book,日治臺灣,政治,"[馬關條約, 交接, 樺山資紀, 李經方, 橫濱丸]",V.1/Ch.3/帝國的邊陲,《馬關條約》簽訂後海上交接臺澎主權,,,
148,| | |<br>| :--- | :--- |<br>| **背景** | 依據《馬關條約》規定，臺灣住民於兩年內可自由選擇是否返回中國，但期限一到，則全數視為日本國臣民 |<br>| **辦法** | 1895年11月11日，臺灣總督府以法令公告，要求臺灣人民須在1897年5月8日以前，備妥相關資料後向官府提出申請，且離臺時所攜帶之財產，全部免除關稅 |<br>| **排除** | 當時被稱為「生蕃」或「蕃人」的高山族原住民，卻被排除在「臺灣住民」的概念之外，顯示日本政府並不承認其是具有執行現代法權利主體的「人」，故未賦予國籍選擇權 |<br>| **結果** | 堅持遷離臺灣表達其選擇國籍意願的人，僅佔臺灣總人口比例0.2%。但也不能從此結果就論斷臺民偏好選擇日本國籍，不離開的原因是已在臺落地生根，並非認同日本 |<br><br>【改寫自：吳俊瑩，〈從「誓不從倭」到日本臣民———臺灣住民的國籍「選擇」〉《臺灣學通訊》（乙未割臺120周年），第87期，22015.5】,teachers_book,日治臺灣,社會,"[國籍選擇, 馬關條約, 生蕃, 臣民, 總督府]",V.1/Ch.3/帝國的邊陲,臺灣住民的國籍選擇,,,
149,臺灣民主國成立前，臺灣紳民援引之國際法，係出自美國傳教士丁韙良所翻譯之《公法會通》一書的第286章：此國割地讓於彼國者，須問有四：此國係情願行之與否，一也；彼國以實力踞之與否，二也；居民能順從與否，三也；其有違背條約以及妨礙他國與否，四也。而當時臺灣民眾抗拒割日，即符合條文中「割讓土地需符合『居民能順從與否』」，官紳即以臺灣居民不願歸日本管轄，作為引入國際勢力抵拒日本的理由。<br><br>【參考自：王泰升、薛化元、黃世杰，《追尋臺灣法律的足跡：事件百選與法律史研究》（臺北：五南，2016），p.84。吳密察，〈1895年「台灣民主國」的成立經過〉，收於張炎憲等編，《臺灣史論文精選（下）》（臺北：玉山社，2005）、pp.21～26、43】,teachers_book,日治臺灣,政治,"[國際法, 公法會通, 丁韙良, 割地, 居民順從]",V.1/Ch.3/帝國的邊陲,援引國際法尋求外援,,,
150,| | |<br>| :--- | :--- |<br>| **背景** | 1. 臺灣官民：欲借鏡三國干涉還遼之例，以臺灣利權引入第三國干涉臺灣問題，逼使日本放棄臺灣，也就是「拒日保臺」<br>2. 列強：認為日本態度強硬，甚至已派出治臺官僚及駐臺軍隊。因此除非極有利的條件，否則不願冒著與日本兵戈相向的危險，加以干涉 |<br>| **成立** | 1895年5月23日，臺灣紳民發表「臺灣民主國自主宣言」，共推唐景崧為總統，年號為「永清」，制定「藍地黃虎旗」為國旗，以示隸屬清朝龍旗之下，以臺北作為首都，以巡撫衙門為總統衙門 |<br>| **結束** | 5月29日，日軍登陸臺灣，6月3日占領基隆。6月6日起臺灣民主國主要官員陸續逃回中國，6月7日日軍進入臺北城，民主國宣告瓦解 |,teachers_book,日治臺灣,政治,"[臺灣民主國, 唐景崧, 永清, 藍地黃虎旗, 拒日保臺]",V.1/Ch.3/帝國的邊陲,臺灣民主國,,,
151,| | |<br>| :--- | :--- |<br>| **吳湯興** | **出身** 苗栗銅鑼人，個性豪爽，以俠義聞名於鄉里<br>**抗日** 1. 1895年臺灣民主國成立後，吳湯興隨即招募義軍<br>2. 6月15日，吳湯興領軍五百名與姜紹祖部共同北上支援時，於楊梅遭遇日軍，兩軍合力攻擊，日軍稍有退卻<br>3. 其後日軍攻下新竹，乘勢攻苗栗，該地無城不易防守，吳湯興、徐驤俱退入彰化。日軍近衛師團長北白川宮能久親王及旅團長山根信成等人率兵偵查八卦山一帶，遭到吳湯興部隊的砲擊，北白川宮能久等人皆受到輕傷<br>**戰死** 8月28日，日軍對彰化發動攻擊，並包圍吳湯興等人根據的八卦山，經過數小時的激戰後，吳湯興中彈陣亡 |<br>| **姜紹祖** | **出身** 新竹北埔人，金廣福墾號墾首姜秀鑾的曾孫，家境富裕，屬地方豪族<br>**抗日** 1. 1895年日軍攻破臺北城之後，吳湯興隨即率眾起義抗日，姜紹祖聞訊後乃廣散家財，募集義軍五百餘人於北埔起兵響應<br>2. 6月21日，義軍與日軍激戰於楊梅附近，日軍稍挫<br>3. 6月22日，日軍攻占新竹，進逼大嵙崁、三角湧附近，吳湯興乃調集五百兵力，聯絡姜紹祖率軍支援新竹附近的林朝棟部隊<br>4. 6月23日，日軍自湖口反擊，擊潰邱國霖所部義軍七百餘人，新竹知縣王國瑞潰逃，新竹陷落，姜紹祖所部義軍死傷大半，姜亦不幸被俘<br>**戰死** 日軍審訊戰俘，追查姜紹祖本人，姜紹祖家人出面頂替代死，姜本人乃趁機潛回北埔，並再度調集義勇抗日，但旋即戰死，時年約21歲 |<br>| **徐驤** | **出身** 字雲賢，苗栗頭份人<br>**抗日** 1. 1895年日軍進入臺北城之後，吳湯興率眾起義抗日，徐驤乃起於苗栗響應<br>2. 8月下旬八卦山之役，吳湯興等人戰死，徐驤再退臺南，得劉永福之命至卑南募集義勇七百餘人，進駐斗六溪底與日軍游擊，後遭日軍擊退至他里霧（斗南）<br>**戰死** 10月上旬於戰事中中彈身亡，雲林、嘉義相繼陷落 |<br><br>【改寫自：許雪姬策劃，《臺灣歷史辭典》（臺北：文建會，2004），pp.354、560、640】,teachers_book,日治臺灣,社會,"[乙未抗日, 吳湯興, 姜紹祖, 徐驤, 八卦山]",V.1/Ch.3/帝國的邊陲,參與乙未抗日的客家人,,,
152,| | 簡大獅 | 柯鐵虎 | 林少貓 |<br>| :--- | :--- | :--- | :--- |<br>| **活躍地區** | 臺北 | 雲林 | 屏東、高雄 |<br>| **抗日經過** | 其妻女遭日軍姦淫，乃招募義軍，於1895年3月進行游擊戰。兒玉總督上臺後，恩威並行，簡大獅被迫出降，但他密構要塞起事，日人發覺再集大軍圍攻。大獅彈盡援絕，內渡廈門 | 日軍於1896年6月在雲林大舉屠殺，死者近三萬人，柯鐵虎乃與同志據於大坪頂，突擊日軍，後與簡義之抗日義民聚合。1897年柯鐵虎遭日軍圍攻，日軍改用招安政策 | 兒玉——後藤時代恩威並用，請高屏紳商出面斡旋，林少貓出降但仍據有後壁林一帶。1902年，日軍乃藉口林圖謀再舉，重砲猛轟後壁林 |<br>| **結果** | 日人脅迫清廷將之逮捕，送交日軍後，被處死於臺北獄中 | 身患重病，於1900年2月9日不治身亡 | 掩護婦幼逃亡而死在城門口 |,teachers_book,日治臺灣,社會,"[簡大獅, 柯鐵虎, 林少貓, 游擊戰, 招安]",V.1/Ch.3/帝國的邊陲,抗日三猛,,,
153,| | |<br>| :--- | :--- |<br>| **宣稱災異即將降臨** | 1911至1914年間，臺灣遭受罕見的天災影響，農作物歉收，不僅影響農民生活，也加深他們對日本殖民統治的不滿，此時余清芳利用善書《志祖師救現劫真經》，傳達末世觀念，加以鼓譟 |<br>| **稱領導人具特異功能** | 聲稱自己輕揮寶劍便可除去敵人，並習得隱身術及避彈術，受擁護者封為「仙人」；或是宣傳南部山區出現具有帝王之相者，且得劉伯溫及呂洞賓護持，具有異於常人之能力，能夠救贖民眾 |<br>| **兜售神符籌資** | 兜售具有避彈功效的神符，但此神符並非對所有人都有效，必須是信仰玉皇大帝、九天玄女、關聖帝君，或是茹素者配戴才會靈驗。在雙方軍力嚴重落差的情況下，神符成為民眾護身的寄託 |<br>| **參加者向神明立誓** | 參加者必須向玄天上帝、九天玄女等神明立誓，不得背叛，以紅色液體「丹水」代替鮮血來飲用 |<br>| **扶乩請示神明** | 余清芳曾擔任西來庵的鸞生，故每隔三、四天就會舉行一次扶乩儀式，也會藉此儀式向神明請示作戰方向和結果 |<br><br>【改寫自：陳芝蓉，〈西來庵事件與大明慈悲國〉《臺灣學通訊》（噍吧哞事件100週年），第89期，2015.9】,teachers_book,日治臺灣,文化,"[余清芳, 宗教信仰, 西來庵, 神符, 扶乩]",V.1/Ch.3/帝國的邊陲,余清芳利用宗教信仰的力量號召起事,,,
154,| | |<br>| :--- | :--- |<br>| **時間** | 1915年 |<br>| **宣傳** | 余清芳利用宗教散布消息，宣傳臺灣已出現「神主」，即將建立「大明慈悲國」，將日人趕走，並減輕稅賦，參與起事的人皆可獲得重賞 |<br>| **經過** | 余清芳祕密宣傳的行為被日警得知，遭通緝後倉促逃入山區，之後陸續攻擊噍吧哞一帶的警察派出所 |<br>| **平定** | 總督府派警察與軍隊入山圍捕，余清芳等人不敵遭逮捕 |<br>| **審判** | 約1957人被依《匪徒刑罰令》告發，其中被起訴者1413人，被判死刑者866人、有期徒刑者453人→由於判決過於嚴苛，引起日本國會議員的非議，因此在處決95人後，其餘死刑犯改判無期徒刑 |<br>| **意義** | 日治時期臺灣規模最大的武裝抗爭事件 |<br><br>【改寫自：吳密察監修，《臺灣史小事典》，（臺北：遠流，2013），p.122】,teachers_book,日治臺灣,政治,"[噍吧哞事件, 余清芳, 西來庵事件, 大明慈悲國, 匪徒刑罰令]",V.1/Ch.3/帝國的邊陲,噍吧哞事件（余清芳事件、西來庵事件）,,,
155,| | |<br>| :--- | :--- |<br>| **實施背景** | 日治初期，臺灣動輒有土匪或抗日分子之亂，且臺灣與日本民情風俗也大不相同，不可能使用和日本內地相同的法令規範 |<br>| **公布時間** | 1896年3月 |<br>| **法令內容** | 臺灣總督得在其管轄區域內，於緊急需要時發布具有法律效力之命令。現行法律或將來應發布之法律，其全部或部分有施行於臺灣之必要者，以敕令定之 |<br>| **造成影響** | **總督權大** 臺灣總督成為集行政、立法、司法、軍事等大權於一身的土皇帝<br>**惡法由來** 《六三法》是臺灣一切惡法的由來，包括《匪徒刑罰令》、《保甲條例》（1898）、《治安警察法》（1900）等均出現於《六三法》時期 |<br>| **時效延期** | 《六三法》期限快到時，日本政府又藉機延期，直到日俄戰後的1906年12月31日才廢止 |<br><br>【改寫自：王泰升，《臺灣法律史的建立》（臺北：臺大法學叢書編輯委員會，1997），pp.106～115】,teachers_book,日治臺灣,政治,"[六三法, 臺灣總督, 敕令, 匪徒刑罰令, 保甲條例]",V.1/Ch.3/帝國的邊陲,《六三法》,,,
156,| | |<br>| :--- | :--- |<br>| **源起** | 1897年，新就任的總督乃木希典為整肅官紀，直接命警察展開幾次大規模的偵查行動，地方法院判官於是展開調查 |<br>| **過程** | 1. 隨著案情逐漸升溫，矛頭竟逐漸指向總督府民政局局長水野遵，使行政部門與司法部門間的衝突白熱化，並導致時任高等法院院長的高野孟矩受到「非職處分」（調職）<br>2. 高野孟矩以《明治憲法》內對司法官身分保障之規定，拒絕調職。總督府遂派警察將高野孟矩逐出院外，內閣再以抗拒非職處分為由，將其免官 |<br>| **影響** | 此事件使司法部門大受影響，全臺具判事資格的16名判官中，一年內竟有14名辭職或遭免職 |<br>| **意義** | 此事件反映出殖民地的司法機構，仍一定程度受到行政機關的干涉 |<br><br>【改寫自：吳密察，〈明治國家體制與臺灣——六三法之政治的展開〉《臺大歷史學報》第37期，2006年6月，pp.90～91；王泰升、薛化元、黃世杰，《追尋臺灣法律的足跡》（臺北：五南，2016），p.104】,teachers_book,日治臺灣,政治,"[高野孟矩, 乃木希典, 司法官, 明治憲法, 非職處分]",V.1/Ch.3/帝國的邊陲,高野孟矩事件,,,
157,| | |<br>| :--- | :--- |<br>| **發布** | 1898年 |<br>| **目的** | 懲罰反抗日本統治的匪徒 |<br>| **內容** | 不問目的為何，凡聚眾行使暴力或脅迫者，一概視為匪徒<br>1. 匪徒主謀處以死刑，附從者處以無期徒刑<br>2. 若涉及「對抗官吏、軍隊，破壞建築物、掠奪財物、強姦婦女等情節」，則不論首從，全部處以死刑<br>3. 藏匿匪徒或幫助匪徒逃脫者，則處以有期徒刑 |<br>| **但書** | 匪徒一旦自首，可以大幅減刑，甚至完全豁免刑罰 |<br><br>【改寫自：吳密察監修，《臺灣史小事典》，（臺北：遠流，2013），p.108】,teachers_book,日治臺灣,政治,"[匪徒刑罰令, 死刑, 聚眾, 脅迫, 自首]",V.1/Ch.3/帝國的邊陲,《匪徒刑罰令》,,,
158,| | |<br>| :--- | :--- |<br>| **背景** | 日本領臺之初，實行「軍政」，由軍隊執行警察權，1896年實行「民政」後，警察權由軍隊和憲兵移交給警察機關。此時憲兵人數在警察之上，因此警察的行動仍受到憲兵的約束。 |<br>| **實施** | 1897年，乃木希典總督為了免除憲兵、軍隊、警察間權力的衝突，以及有效控制層出不窮的抗日事件，遂實施「三段警備制」 |<br>| **內容** | 將臺灣分成三區<br>1. 「一等地危險地區」：抗日游擊隊躲藏的山間地區，由軍隊防備<br>2. 「二等地不穩定地區」：遭遇抵抗較少，派駐憲兵<br>3. 「三等地安全地區」：民情穩定，由警察負責維持治安 |<br>| **裁撤** | 此政策並未取得預期結果，僅實行一年多即被後來的兒玉源太郎總督廢除，將警察權統一於警察機關 |<br><br>【改寫自：涂照彥著、李明峻譯，《日本帝國主義下的臺灣》（臺北：人間，2008），p.33。黃昭堂，《臺灣總督府》（臺北：前衛，2004），pp.78～79】,teachers_book,日治臺灣,政治,"[三段警備制, 乃木希典, 憲兵, 軍隊, 警察]",V.1/Ch.3/帝國的邊陲,三段警備制,,,
159,| | |<br>| :--- | :--- |<br>| **出身** | 明治維新後加入陸軍，甲午戰爭時任大本營參謀、陸軍中將，並授男爵 |<br>| **總督** | 1898～1906年任第四任臺灣總督。兒玉任總督期間，也在中央身兼數職，因此在臺時間很短，實際上是由民政長官後藤新平負責政務 |<br>| **影響** | 兒玉與後藤任內，奠定統治臺灣的基礎與近代化，故此時期被稱為「兒玉———後藤時代」。期間，不但消弭臺灣平地抗日勢力，也使調查、交通、衛生、產業等事業得以進行 |<br><br>【改寫自：張靜宜、林瑛琪，《臺灣民主國》（臺中：莎士比亞文化，2006），p.19。羅吉甫，《野心帝國：日本經略臺灣的策謀剖析》（臺北：遠流，1993），p.38】,teachers_book,日治臺灣,政治,"[兒玉源太郎, 臺灣總督, 後藤新平, 民政長官, 近代化]",V.1/Ch.3/帝國的邊陲,兒玉源太郎,,,
160,| | |<br>| :--- | :--- |<br>| **生物學原則** | 尊重被統治者的習慣：如比目魚因生長環境與長期習慣，所以雙眼是長在身體的同一邊，若硬要將其雙眼改長在身體的兩旁，那就是違反生物學原則 |<br>| **科學統治** | 將國家視為一個具有生命的有機體，國家的統治可藉由建立公共衛生，增強國家發展機能 |<br><br>【改寫自：陳皇志，〈後藤新平的「生物學原則」與科學統治〉，收入《臺灣學通訊》第114期，2019年11月，pp.10～12】,teachers_book,日治臺灣,政治,"[後藤新平, 生物學原則, 比目魚, 科學統治, 公共衛生]",V.1/Ch.3/帝國的邊陲,後藤新平的統治理論,,,
161,| | |<br>| :--- | :--- |<br>| **起源** | 原是清代的地方自衛組織，目的是協助政府緝拿匪犯及維護地方秩序 |<br>| **發展** | 日治初期，總督府為了有效對付抗日勢力，沿用保甲制度作為警察的輔助 |<br>| **條例** | 1898年8月，總督府公布《保甲條例》：規定10戶為1甲，10甲為1保；保設保正，甲設甲長，任期2年，屬於無給職 |<br>| **任務** | 調查戶口、警戒風水災、搜查土匪、戒除鴉片、預防傳染病、修橋鋪路等 |<br>| **連坐** | 保甲成員之間，負有刑罰「連坐」的責任，因此發揮很大的社會控制之效 |<br><br>【改寫自：蔡秀美，〈殖民統治網的尖兵———派出所與保甲、壯丁團〉《臺灣學通訊》（警務），第88期，2015.7】,teachers_book,日治臺灣,社會,"[保甲制度, 保正, 甲長, 連坐, 警察輔助]",V.1/Ch.3/帝國的邊陲,保甲制度,,,
162,| | |<br>| :--- | :--- |<br>| **目的** | 欲透過「老者」及「尊者」在地方上影響力，達到收攬民心之效 |<br>| **設宴** | 場內張燈結綵，除表演新劇、洋樂之外，還致贈出席者每人扇子一對，百歲人瑞另贈紫檀鳩仗一付 |<br>| **宣傳** | 饗老典在臺共舉辦了4次，總督府欲彰顯其對長者的尊重，藉此盛典宣傳統者的「德政」，並爭取仕紳及文人的支持 |<br><br>【改寫自：臺灣文學辭典資料庫，https://db.nmtl.gov.tw/site2/dictionary?id=Dictionary00079】,teachers_book,日治臺灣,文化,"[饗老典, 收攬民心, 紫檀鳩仗, 總督府, 德政]",V.1/Ch.3/帝國的邊陲,饗老典,,,
163,| | |<br>| :--- | :--- |<br>| **目的** | 緩和臺灣人民的反抗情緒，籠絡清代舊文人 |<br>| **作法** | 1900年，總督府邀集前清進士、舉人及貢生與會，會場正面懸掛「揚文」兩字匾額，圍以布幔。兒玉致辭，後藤專題演說，期勉文士各展抱負，做為治臺參考，各縣廳推派代表致謝辭，並依總督出題之策問作出三篇策議文章 |<br>| **後續** | 與會人士曾開會協議將續辦揚文會，但除隔年各地曾開過會外，之後並未再舉辦相關活動 |<br><br>【改寫自：國家文化記憶庫，https://tcmb.culture.tw/zh-tw/detail?indexCode=Culture_Event&id=605949&keyword=%E6%8F%9A%E6%96%87%E6%9C%83&limit=10&offset=0&sort=relevance&order=desc&isFuzzyMode=false&query=%7B%7D&recOffset=1】,teachers_book,日治臺灣,文化,"[揚文會, 籠絡, 舊文人, 兒玉, 後藤]",V.1/Ch.3/帝國的邊陲,揚文會,,,
164,| | |<br>| :--- | :--- |<br>| **背景** | 中日戰爭爆發後，日本為了讓臺灣人為其效力，因而推行使臺灣人民成為皇國民真正一環的運動 |<br>| **階段** | **前期** 1937～1940年，為「國民精神總動員時期」，1939年9月開始，臺灣總督府即通過「國民精神總動員實施綱要」，確立臺民對時局的認識，進而強化國民意識。此外，也舉辦各種活動，企圖從思想上灌輸臺人大日本臣民意識<br>**後期** 1941～1945年為「皇民奉公運動時期」，此時期主要在落實日本皇國思想，驅使臺灣人為日本帝國效忠。臺人因而被迫參加各種奉公團體，甚至被送上前線 |<br>| **目標** | 將臺灣人同化為日本帝國的忠臣良民，故破壞傳統漢人文化、灌輸大和文化及忠君愛國的思想，便成為該運動的核心內容 |<br><br>【改寫自：羅吉甫，《日本帝國在臺灣：日本經略臺灣的策謀剖析》（臺北：遠流，2004），p.239。陳孔立主編，《臺灣歷史綱要》（臺北：人間，1996），pp.345～347】,teachers_book,日治臺灣,文化,"[皇民化運動, 國民精神總動員, 皇民奉公, 同化, 大和文化]",V.1/Ch.3/帝國的邊陲,皇民化運動,,,
165,| | 陸軍特別志願兵制度 | 海軍特別志願兵制度 |<br>| :--- | :--- | :--- |<br>| **實施背景** | 1941年太平洋戰爭爆發後，日本需要更多的兵源 | 1942年6月，日軍在中途島之役中大敗，使得戰局急轉直下，因此如火如荼的展開總動員 |<br>| **實施時間** | 1942年4月～1945年 | 1943年～1944年7月 |<br>| **申請資格** | 1. 年滿17歲以上者<br>2. 身高160公分，依陸軍身體檢查規則之規定體格等位甲種者<br>3. 思想堅固、體軀強健，精神無異常者<br>4. 修業年限六年之小學校畢業者，或同等以上學歷者<br>5. 行狀方正、未受禁錮以上之刑之處罰者<br>6. 入所及服役中對一家之生計及家事沒妨礙者 | |<br>| **臺人參與** | 以1944年的例子來看，約每8個臺人就有1人申請當志願兵。若只看20～30歲的健康男子，則幾乎每2個臺人就有1人申請志願兵 | |<br>| **響應原因** | 1. 謀生日艱、物資缺乏，吸引許多窮困的臺灣子弟<br>2. 地方官員與青年團的動員，在軍國主義的氛圍下，許多人被迫表態<br>3. 受到皇民化教育的洗腦，以為參加志願兵是愛國的表現 | |<br><br>【改寫自：李筱峰，《臺灣史100件大事（上）》（臺北：玉山社，1999），pp.176～177；羅吉甫，《日本帝國在臺灣：日本經略臺灣的策謀剖析》（臺北：遠流，2004），pp.245～247；戴月芳，《日據時期：戰爭體制下的臺灣》（臺中：莎士比亞文化，2009），p.18】,teachers_book,日治臺灣,政治,"[特別志願兵, 太平洋戰爭, 皇民化教育, 陸軍, 海軍]",V.1/Ch.3/帝國的邊陲,特別志願兵制度,,,
166,"| | |<br>| :--- | :--- |<br>| **源起** | 皇民化時期，總督府為鼓勵臺人使用日語的獎勵制度 |<br>| **辦法** | 任何家庭只要成員在家都說日語，就可向政府提出申請，通過審核者即可成為國語家庭 |<br>| **優惠** | 1. 該家庭出身的孩童，可進入程度較高的「小學校」，也可優先進入中等學校就讀<br>2. 公家機關會優先錄取國語家庭出身之人 |<br>| **成效** | 1942年全臺共有9,604戶國語家庭，人數為77,679人，約占總人口的1.3% |<br><br>【改寫自：吳密察監修，《臺灣史小事典》，（臺北：遠流，2013），pp.152～153】",teachers_book,日治臺灣,文化,"[國語家庭, 皇民化, 日語, 小學校, 總督府]",V.1/Ch.3/帝國的邊陲,國語家庭,,,
167,| | |<br>| :--- | :--- |<br>| **時間** | 1936年起展開 |<br>| **目的** | 加強臺民對於日本帝國的認同感 |<br>| **作法** | 藉由信仰的方式去漢化，推動家家戶戶供奉神宮大麻的神龕，取代傳統臺灣神佛與祖先的地位 |<br><br>【改寫自：國家文化記憶資料庫，https://memory.culture.tw/Home/Detail?Id=11000018142&IndexCode=MOCCOLLECTIONS】,teachers_book,日治臺灣,文化,"[正廳改善, 認同感, 神宮大麻, 神龕, 漢化]",V.1/Ch.3/帝國的邊陲,正廳改善,,,
168,| | |<br>| :--- | :--- |<br>| **時間** | 1938年起展開 |<br>| **目的** | 1. 排除影響皇民化的要素<br>2. 掃除屬於中國的信仰<br>3. 對寺廟財產的覬覦 |<br>| **作法** | 1. 把同一地區上同種類的寺廟合併或合祀，解散神明會等宗教團體，財產轉移給財團法人教化組織等<br>2. 廢止祭典、燒紙錢、爆竹、供品等習俗，並行毀壞金爐、燒毀佛像等事項 |<br>| **影響** | 臺灣寺廟齋堂的數目大為減少 |<br><br>【改寫自：蔡錦堂，〈日據末期臺灣人宗教信仰之變遷--以「家庭正廳改善運動」為中心〉，收入《思與言》第29卷4期，1991年12月，p.66】,teachers_book,日治臺灣,文化,"[寺廟整理, 皇民化, 宗教團體, 祭典, 佛像]",V.1/Ch.3/帝國的邊陲,寺廟整理,,,
169,| | |<br>| :--- | :--- |<br>| **背景** | 1895年6月，首任總督樺山資紀來臺前，即派遣人員鋪設基隆至臺北鐵路，以利後續軍事接收。樺山資紀到任後，為了平定臺人反抗、穩定統治與加強對外防禦，而有鋪設縱貫鐵路的計畫 |<br>| **過程** | 1. 1899年3月，日本帝國議會通過「臺灣事業公債法」，作為興築鐵路的資金來源<br>2. 1899年4月起，後藤新平聘請技師長谷川謹介來臺主導鐵路建設，首先確認鐵道線路規劃，由最初的軍事需求轉為經濟取向，成為縱貫鐵路通車後促進西部發展的原因 |<br>| **結果** | 長谷川謹介採行「速成延長主義」，在極力壓低預算的前提下，盡可能的延伸路線、早日通車，使得縱貫鐵路於1908年4月全線通車，不僅提早一年完工，剩餘經費還額外興築了淡水、鳳山兩條支線 |<br><br>【改寫自：蔡龍保，〈日治時期臺灣總督府的鐵路發展政策1895～1945〉《檔案半年刊》10卷3期（2011年9月），國家發展委員會檔案管理局，pp.53～55】,teachers_book,日治臺灣,經濟,"[縱貫鐵路, 後藤新平, 長谷川謹介, 速成延長主義, 臺灣事業公債法]",V.1/Ch.3/帝國的邊陲,日治前期縱貫鐵路興建,,,
170,| | |<br>| :--- | :--- |<br>| **設置背景** | 總督府對通譯人才有急迫需求 |<br>| **設置地區** | 全臺14處主要市鎮：臺北、淡水、基隆、新竹、宜蘭、臺中（位於彰化）、鹿港、苗栗、雲林、嘉義、臺南、鳳山、恆春，以及外島的澎湖 |<br>| **學制分類** | **甲科**<br>**學費** 皆不收學費，由政府經費支出<br>**對象** 15～30歲已具普通知識者<br>**課程** 教授現行國語及讀書作文<br>**年限** 修業半年考試及格即可畢業，作為通譯人才之用<br>**入學情形** 1. 商家子弟入學比例最高，超過1/3，尤其集中於乙科<br>2. 臺北、臺中、臺南等地乙科入學人數均超過百人 | **乙科**<br>**學費** 皆不收學費，由政府經費支出<br>**對象** 8～15歲的學齡兒童<br>**課程** 教授現行國語、讀書作文、習字、算術，也會視情況教授歷史、地理、體操等科目<br>**年限** 修業四年便可畢業 |<br><br>【改寫自：許佩賢，〈近代學校的嘗試——國語傳習所的成立與運作〉《殖民地臺灣的近代學校》（臺北：遠流，2005）、pp.28、30、38、41】,teachers_book,日治臺灣,文化,"[國語傳習所, 通譯, 甲科, 乙科, 學齡兒童]",V.1/Ch.3/帝國的邊陲,國語傳習所,,,
171,日治時期雖然總督府下設各廳，但廳以下的支廳，其首長與所屬官吏幾乎全由警察出任，除全島各廳的警察課以外，所有的支廳底下共設有近千個派出所，遍及全島每一街庄；警察員額遠超過當時地方行政基層單位「街庄役場（鄉鎮公所）」的人員配置。而警察的權限，除了維護地方治安，還兼管各項地方事務、協助政策執行，如戶口普查、土地調查等，更擁有逕行裁決3個月以下之拘留與百圓以下罰金的權力。<br><br>【改寫自：柯志明，《米糖相剋：日本殖民主義下臺灣的發展與隸屬》（臺北：群學，2003），p.47】,teachers_book,日治臺灣,政治,"[警察, 派出所, 支廳, 街庄役場, 戶口普查]",V.1/Ch.3/帝國的邊陲,地方制度與警察網絡,,,
172,| | 公學校 | 小學校 |<br>| :--- | :--- | :--- |<br>| **成員** | 臺灣人子弟 | 日本人子弟 |<br>| **班級人數** | 平均67.3人 | 平均47.6人 |<br>| **經費來源** | 由該區的市街庄住民負擔 | 由政府支付 |<br>| **校園環境** | 很少考慮環境情況 | 多選在位置方便、環境幽美之地 |<br>| **修習科目** | 學習科目類似小學校，但加強日語課程，占70%，而且師資不如小學校 | 修習修身、日語、算術、圖畫、地理、唱歌、體操等科（女子加學簡易裁縫、家事科） |,teachers_book,日治臺灣,文化,"[公學校, 小學校, 臺灣人, 日本人, 日語課程]",V.1/Ch.3/帝國的邊陲,公學校與小學校之差異,,,
173,| | |<br>| :--- | :--- |<br>| **目的** | 欲涵養臺灣人具備「日本皇民」的國民性格 |<br>| **編纂** | 教科書皆由臺灣總督府統一編纂發行 |<br>| **科目** | 包含修身、國語、算術、唱歌與體操等，皆以現代化的教育觀念編成，與日治以前著重背誦、強調科舉考試的書院或書房教育不同 |<br><br>【引用自：戴寶村，〈皇民、國民、公民——百年來教科書演變〉《臺灣學通訊》（教科書），第93期，2016.5】,teachers_book,日治臺灣,文化,"[公學校, 日本皇民, 教科書, 修身, 國語]",V.1/Ch.3/帝國的邊陲,公學校教育內容,,,
174,| | |<br>| :--- | :--- |<br>| **時間** | 1913年籌措設立，1915年5月奉准開學 |<br>| **籌措者** | 由中部仕紳所發起，結合了全臺仕紳、富豪204人捐款，共同為臺灣人爭取教育權 |<br>| **緣起** | 林獻堂原要將其祖母祝壽費節省下來移設獎學財團，乃有創設臺中中學校之議，其涵義即在為臺灣人爭取教育權 |<br>| **限制** | 因採取日本與臺灣學生分流，所以中學校的設計並不公平，例如臺中中學校的修業年限僅四年（一般為五年），而且日語及實業科目多，也極注意學校管理與同化的工作 |<br>| **改善** | 1922年公告「臺灣公立中學校規則」，學校易名為「臺中州立臺中第一中學校」。受中等以上學校實施共學制的影響，日臺間的區別大致消除，但臺籍學生進入中學的機會仍有限 |<br><br>【改寫自：許極燉，《臺灣近代發展史》（臺北：前衛，1996），p.301。林柏維，《狂飆的年代：近代臺灣社會菁英群像》（臺北：秀威資訊，2007），pp.278～279】,teachers_book,日治臺灣,文化,"[臺中中學校, 林獻堂, 教育權, 共學制, 仕紳]",V.1/Ch.3/帝國的邊陲,臺中中學校,,,
175,| | |<br>| :--- | :--- |<br>| **實施背景** | 1. 一戰結束後民族自決風潮<br>2. 臺灣資本主義化的經濟型態，在經濟方面也須提高普通教育及技術教育<br>3. 住在臺灣的日本人子弟增加，因此有設置高等教育機關的必要 |<br>| **實施目的** | 加強對臺灣的同化 |<br>| **實施辦法** | 1. 1922年，總督府頒布《新臺灣教育令》：只有初等教育仍維持分化，中等以上學校改為共學制度<br>2. 1941年，將小學校、公學校更名為國民學校 |<br><br>【改寫自：黃煌雄，《兩個太陽的臺灣：非武裝抗日史論》（臺北：時報，2006），pp.46～47】,teachers_book,日治臺灣,文化,"[日臺共學, 新臺灣教育令, 民族自決, 同化, 國民學校]",V.1/Ch.3/帝國的邊陲,日臺共學,,,
176,| | |<br>| :--- | :--- |<br>| **大正民主風氣** | 1912年～1926年的「大正民主運動」，不但使日本藩閥勢力退出政治舞臺，也開始25歲以上的成男普選制度（1926年），初步建立日本政黨政治的雛型。此時期，日本內政上尊重民意，外交則採取不干涉中國內政、日蘇友好等策略，對臺灣的政策也較為開明 |<br>| **民族自決風潮** | 美國總統威爾遜於一戰期間發表的「十四點原則」，其中提到「民族自決」，鼓舞了世界上各殖民地。如受日本殖民的朝鮮，於1919年3月1日發生了「三一獨立運動」；中國也發生五四運動，掀起反日的熱潮 |<br><br>【改寫自：教育雲，https://market.cloud.edu.tw/resources/web/1660546；李筱峰，林呈蓉，《臺灣史》（臺北：華立圖書，2003），pp.191～192】,teachers_book,日治臺灣,政治,"[大正民主, 民族自決, 威爾遜, 三一獨立運動, 五四運動]",V.1/Ch.3/帝國的邊陲,1920年代臺灣政治社會運動的外在背景,,,
177,| | |<br>| :--- | :--- |<br>| **職位** | 各級機關與學校的多數職位都由日人擔任，臺人占比不高 |<br>| **職等** | 只有極少數臺人可達階層較高的職等 |<br>| **薪資** | 1. 公家機關：日籍公教人員在薪資之外，還多了臺人沒有的宿舍費、家用費（占薪資五成）<br>2. 一般公司行號：據1922年統計的臺人與日人薪資<br>**木工** 日人3.5元 臺人1.8元<br>**水泥工** 日人4元 臺人2元<br>**印刷撿字工** 日人2.2元 臺人1元 |<br><br>【改寫自：臺灣史蹟研究會彙編，《臺灣叢談》（臺北：幼獅，1984），pp.488～489】,teachers_book,日治臺灣,社會,"[差別待遇, 職等, 薪資, 公家機關, 日人]",V.1/Ch.3/帝國的邊陲,工作上的差別待遇,,,
178,| | |<br>| :--- | :--- |<br>| **背景** | 1. 在日留學的朝鮮學生對於美國總統威爾遜提出的「民族自決」，十分傾心<br>2. 1919年1月，朝鮮高宗過世，民間傳聞高宗是遭日本毒殺，引起了朝鮮人民的憤慨 |<br>| **過程** | 1. 1919年3月1日，韓國獨立運動參與者在漢城（今首爾）發表「獨立宣言」，群眾高呼「獨立萬歲」，並舉辦示威遊行<br>2. 隨後運動遍布朝鮮半島，響應者約兩百多萬人，朝鮮總督府立即予以鎮壓，造成不少死傷 |<br>| **後續** | 1. 不少參與獨立運動者流亡海外，尤其群聚在上海，部分人士接受中國國民黨的資助，採取武裝革命方式從事獨立運動<br>2. 有些獨立運動者則轉為親日派，與朝鮮總督合作 |<br>| **影響** | 日本統治朝鮮的方式從「武斷政治」改為「文化政治」，也就是改採懷柔的文治主義 |<br><br>【改寫自：林明德，〈三一運動與五四運動的關連〉，收入中央研究院近代史研究所編，《中華民國初期歷史研討會論文集》（臺北：中研院近史所，1984），pp.753～763。林能士，〈國民黨派系政治與韓國獨立運動〉，收入復旦大學韓國研究中心編，《韓國研究論叢》4（北京：中國社會科學出版社，2003），pp.108～122】,teachers_book,朝鮮,政治,"[三一運動, 朝鮮, 獨立宣言, 民族自決, 文化政治]",V.1/Ch.3/帝國的邊陲,朝鮮三一運動,,,
179,| 學歷別 | 人數 | 占比 | 備註 |<br>| :--- | :--- | :--- | :--- |<br>| **漢學** | 146 | 48.3% | 含有科舉功名者及僅通《四書》、《五經》者 |<br>| **公學校** | 32 | 10.9% | 含國語傳習所、公學校速成科 |<br>| **中學** | 6 | 2.0% | 含神學校及留日中學程度者 |<br>| **師範** | 19 | 6.3% | 含國語學校各部 |<br>| **醫學校** | 70 | 23.2% | 專指總督府醫學校畢業者 |<br>| **留學** | 3 | 1.0% | 專指大專程度以上的留學生 |<br><br>【引用自：吳文星，《日據時期臺灣社會領導階層之研究》（臺北：正中，1995），p.154】,teachers_book,日治臺灣,社會,"[領導階層, 漢學, 公學校, 醫學校, 留學]",V.1/Ch.3/帝國的邊陲,1910年代臺灣社會領導階層學歷狀況統計表,,,
180,| | |<br>| :--- | :--- |<br>| **1907** | 在日受梁啟超啟發，決定往後的政治抗爭路線為「結交日本政要、牽制臺灣總督府，並設法取得參政權，對抗統治者」 |<br>| **1913** | 結識板垣退助，結交日本中央政界顯要 |<br>| **1914** | 與板垣退助成立臺灣同化會 |<br>| **1915** | 創立臺中中學校 |<br>| **1920** | 東京留學生成立新民會，被推舉為會長 |<br>| **1921** | 領導臺灣議會設置請願運動，臺灣文化協會成立時，又被推為總理 |<br>| **1923** | 出任《臺灣民報》首任董事長 |<br>| **1927** | 臺灣文化協會分裂，另組臺灣民眾黨 |<br>| **1930** | 退出臺灣民眾黨，另成立臺灣地方自治聯盟 |<br>| **1937** | 因祖國事件赴東京避難 |<br>| **1945** | 發起「臺灣省海外僑胞救援會」，呼籲中國各地方政府善待臺胞，期間一度被列入辜振甫等資本家、地主發起抗拒接收的「草山會議」的臺籍漢奸逮捕名單 |<br>| **1946** | 回臺任彰化銀行董事長、省政府委員、臺灣省通志館館長等職 |<br>| **1947** | 二二八事件發生，對國民黨政府大感失望 |<br>| **1949** | 託病赴日治療，自此未再返回故土 |<br><br>【參考自：張嘉元，《林獻堂：1881～1956》，臺北：少年臺灣雜誌，2005。黃富三，《林獻堂傳》，南投：國史館臺灣文獻館，2004】,teachers_book,日治臺灣,政治,"[林獻堂, 臺灣同化會, 臺灣議會, 臺灣文化協會, 臺灣民眾黨]",V.1/Ch.3/帝國的邊陲,林獻堂及其政治運動,,,
181,| | |<br>| :--- | :--- |<br>| **時間** | 1914～1915年 |<br>| **籌建者** | 1. 日本明治維新元老：板垣退助<br>2. 自由民權運動的領導者：林獻堂 |<br>| **主張** | 1. 日本在臺統治應採同化主義，使臺灣居民自認為日本臣民，以提升臺灣人的地位<br>2. 以臺灣居民為橋梁，敦睦中日邦交 |<br>| **結果** | 受到總督府猜忌，1915年遭強制解散 |<br>| **意義** | 開啟臺灣人「合法運動」的序幕 |<br><br>【改寫自：臺灣史蹟研究會彙編，《臺灣叢談》（臺北：幼獅，1984），p.484。葉榮鐘，《日據下臺灣政治社會運動史》（臺中：晨星，2000），p.686】,teachers_book,日治臺灣,政治,"[臺灣同化會, 板垣退助, 林獻堂, 同化主義, 合法運動]",V.1/Ch.3/帝國的邊陲,臺灣同化會,,,
182,| | |<br>| :--- | :--- |<br>| **成立** | 1920年，林獻堂、蔡惠如與臺籍留學生在東京成立 |<br>| **人物** | 會長：林獻堂；副會長：蔡惠如；幹事：黃呈聰、蔡式穀 |<br>| **目標** | 推行臺灣的政治改革運動，如繼承《六三法》撤廢運動（其實是《三一法》） |<br>| **發展** | 1. 機關雜誌：《臺灣青年》<br>2. 路線轉變：立場由同化主義轉變為殖民地自治，故展開「臺灣議會設置請願運動」 |<br><br>【改寫自：經典雜誌編著，《赤日炎炎：臺灣1895～1945》（臺北：經典雜誌，2005），p.264。葉榮鐘，《日據下臺灣政治社會運動史》（臺中：晨星，2000），p.686】,teachers_book,日治臺灣,政治,"[新民會, 林獻堂, 臺灣青年, 六三法, 臺灣議會]",V.1/Ch.3/帝國的邊陲,新民會,,,
183,| | |<br>| :--- | :--- |<br>| **發行背景** | 新民會成員為了建立臺灣人自己的言論機關，組織「臺灣青年雜誌社」，刊行中、日文並用的綜合雜誌《臺灣青年》 |<br>| **發行時間** | 1920年8月16日創刊，至1922年2月15日發行第四卷第二號為止，一共出版了18期，後改發行《臺灣》 |<br>| **理想目標** | 喚醒臺灣民眾的民族意識，以建立新思想、新文化的臺灣社會，迎頭趕上歐美國家，並鼓吹民眾的民主意識，抵抗日本殖民統治的壓迫 |<br>| **議題主軸** | 集中於政治、經濟、社會、文化等方面，對殖民地臺灣的改造提出許多建言 |<br><br>【引用自：許雪姬策劃，《臺灣歷史辭典》（臺北：文建會，2004），pp.1103～1104】,teachers_book,日治臺灣,文化,"[臺灣青年, 新民會, 言論機關, 民族意識, 民主意識]",V.1/Ch.3/帝國的邊陲,《臺灣青年》,,,
184,| | |<br>| :--- | :--- |<br>| **背景** | 1920年底，新民會成員討論「撤廢《六三法》」與「設置臺灣議會」的路線選擇問題，會長林獻堂最終決定依照《日本憲法》賦予人民的請願權，向帝國議會要求設立臺灣議會 |<br>| **發展** | 1. 1921年1月起，臺灣議會設置請願運動正式展開，卻總是得到帝國議會「不採擇」或「審議未了」的回應<br>2. 1923年，在第三回請願之後更發生了「治警事件」，蔣渭水、蔡培火等重要人物遭逮捕審判，使島內人心惶惶<br>3. 1930年代，日本軍國主義的發展，使議會設置請願所承受的壓力愈發沉重<br>4. 1934年，第十五回的請願失敗後，臺灣總督中川健藏在官邸接見林獻堂，並直言議會設置就是圖謀臺灣獨立，有如小孩玩火，雖然沒有想燒房子（脫離帝國），但結果可想而知，且會被有心人拿來當反對地方自治的藉口。換言之，地方自治的實現就是要放棄請願 |<br>| **句點** | 1. 1934年9月2日，林獻堂等人在臺中討論議會設置請願是否要繼續。會議後發表聲明：「一、我等鑑於最近內外之情勢，斷行停止臺灣議會設置請願運動。二、關於臺灣統治，求全島有志贊同，不日向臺灣總督提出意見書」<br>2. 9月4日，林獻堂向中川總督報告他們的決定。這一場歷時14年，發起15回的臺灣議會設置請願運動正式畫下句點 |<br><br>【改寫自：臺灣新文化運動紀念館，https://tncmmm.gov.taipei/Content_List.aspx?n=2A7801BEF42FD19F】,teachers_book,日治臺灣,政治,"[臺灣議會設置請願運動, 林獻堂, 帝國議會, 治警事件, 地方自治]",V.1/Ch.3/帝國的邊陲,臺灣議會設置請願運動,,,
185,| | |<br>| :--- | :--- |<br>| **醫界出身** | 畢業於臺灣總督府醫學校，開設大安醫院於大稻埕 |<br>| **〈臨床講義〉** | 蔣渭水曾寫了〈臨床講義〉診斷書，說明臺灣之所以成為「世界文化的低能兒」，病因是「智識的營養不良」，因此必須重視正規學校教育、圖書館、讀報社等 |<br>| **組織活動** | 1. 臺灣文化協會：透過四處演講或撰文，推動各項文化啟蒙運動<br>2. 臺灣議會設置請願運動：1923年因推動請願運動而被捕（治警事件），並被禁錮4個月<br>3. 臺灣民眾黨：1927年臺灣文化協會分裂後，蔣渭水成立以「確立民本政治、建設合理的經濟組織、改除不合理社會制度」為訴求的「臺灣民眾黨」，並結合工農人團體的「臺灣工友總聯盟」、「臺灣農民協會」，推動臺灣工農運動 |<br>| **凋零逝世** | 1931年，臺灣民眾黨被臺灣總督府勒令解散，半年後蔣渭水因傷寒過世 |<br><br>【改寫自：臺史博線上博物館，https://the.nmth.gov.tw/nmth/zh-TW/Item/Detail/293c1e0f-85fe-4d6a-8c6a-6dce4270eaf1】,teachers_book,日治臺灣,政治,"[蔣渭水, 臨床講義, 臺灣文化協會, 臺灣民眾黨, 治警事件]",V.1/Ch.3/帝國的邊陲,蔣渭水,,,
186,| | |<br>| :--- | :--- |<br>| **成立時間** | 1921年10月17日 |<br>| **成立動機** | 治療臺灣人「智識的營養不良症」 |<br>| **領導者** | 林獻堂為總理、蔣渭水為專務理事 |<br>| **重要活動** | **發行《會報》** 文協的機關報紙，創刊號上曾刊登蔣渭水的〈臨床講義〉<br>**設置讀報社** 教育民眾<br>**舉辦講習會** 包含臺灣通史、法律、衛生、學術、西洋歷史、經濟等科目<br>**辦夏季學校** 利用暑假在霧峰開辦夏季學校<br>**舉行演講** 演講是最直接、最有效、最具煽動力的手法<br>**電影、話劇** 藉機諷刺日本官方，頗受觀眾喜愛 |<br>| **發揮功用** | 扮演啟迪民智、喚醒民族意識及加強社會觀念之角色 |<br>| **分裂解散** | 文協內部對政治運動方向出現歧見，部分成員另組臺灣民眾黨，左傾後之新文協積極投入農民與工人運動，由於手段激烈，遭到官方打壓，1931年後已停止活動 |<br><br>【改寫自：許雪姬策劃，《臺灣歷史辭典》（臺北：文建會，2004），p.1078。張炎憲，〈臺灣文化協會的成立與分裂〉，收於張炎憲等編，《臺灣史論文精選（下）》（臺北：玉山社，1996），pp.131～154。羅吉甫，《日本帝國在臺灣：日本經略臺灣的策謀剖析》（臺北：遠流，2004），pp.167～168】,teachers_book,日治臺灣,文化,"[臺灣文化協會, 林獻堂, 蔣渭水, 啟迪民智, 讀報社]",V.1/Ch.3/帝國的邊陲,臺灣文化協會,,,
187,| | |<br>| :--- | :--- |<br>| **地點** | 霧峰林家萊園 |<br>| **目的** | 促進臺灣的文明開化 |<br>| **舉辦** | **第一回** 1924年8月10日開辦，為期兩週<br>課程包括宗教、臺灣通史、哲學、憲法等<br>**第二回** 1925年7月27日開辦，為期兩週<br>課程增加經濟、西洋文明史、憲法大意、科學概論、經濟思想史、中國古代文明史、外國事情等<br>**第三回** 1926年8月開辦，為期十天<br>課程除了既有的中西文明，還包括社會學、新聞學、人生觀、結婚問題、何謂自治等社會化議題 |<br>| **結束** | 1927年後因文協分裂未能再舉辦 |<br>| **影響** | 夏季學校啟蒙的成效或許有限，但在當時仍缺乏高等教育的環境下，夏季學校已是臺灣人除了出國深造之外，能吸收時代新知與國內外資訊的最佳管道之一 |<br>| **意義** | 夏季學校所具備民間辦學色彩，也帶有向總督府在臺實施差別教育挑戰的意味，希望透過民間辦學的力量，喚醒臺灣意識，凝聚抗爭精神，勇於爭取臺灣人應有的權利 |<br><br>【改寫自：戴寶村，〈上夏季學校 補知識養分〉，收入《臺灣學通訊》第124期，2021年11月，pp.26～27】,teachers_book,日治臺灣,文化,"[夏季學校, 霧峰林家, 萊園, 啟蒙, 臺灣意識]",V.1/Ch.3/帝國的邊陲,夏季學校,,,
188,| | |<br>| :--- | :--- |<br>| **分裂** | 1927年，文協中的社會主義派通過廢除總理制，改成委員制。林獻堂、蔣渭水、蔡培火等舊幹部宣布退出文協 |<br>| **特色** | 新文化協會由連溫卿一派掌握實權，轉變為無產階級的文化啟蒙團體 |<br>| **綱領** | 組織農民、工人，團結小商人資本家，聯絡同一戰線，統一戰鬥力 |<br>| **宣傳** | 1. 演講：在各地舉辦巡迴演講，動員之人數及舉辦次數並不亞於改組前文協的活動，以爭取各地社會主義青年的支持，並喚醒農民群眾<br>2. 劇團：組織文化演劇團、新光劇團、星光劇團、新劇團、民聲社等，至各地公演 |<br>| **瓦解** | 新文協因行動愈來愈激烈，因此遭到嚴格的取締，聲勢日衰，至1931年底消聲匿跡 |<br><br>【改寫自：張炎憲、李筱峰、戴寶村主編，《臺灣史論文精選》（臺北：玉山社，1996），pp.145～152。陳正茂，《臺灣早期政黨史略（1900～1960）》（臺北：秀威資訊，2009），p.316】,teachers_book,日治臺灣,政治,"[新文協, 連溫卿, 社會主義, 無產階級, 農民運動]",V.1/Ch.3/帝國的邊陲,新文協,,,
189,| | |<br>| :--- | :--- |<br>| **背景** | 1925年，李應章醫師在彰化二林成立「二林蔗農組合」，舉辦農民講座、爭取蔗農權益，如決定收割日期、收割前先公布收割價、肥料由蔗農自由選購、雙方共同協定收割價、甘蔗過磅時由雙方共同監視等，但皆被「林本源製糖會社」拒絕 |<br>| **爆發** | 二林地區蔗農因製糖會社低價收購甘蔗，故群起反抗，與警方發生衝突 |<br>| **結果** | 事後警方逮捕蔗農、文協成員，1927年三審定讞，25人被判有罪 |<br>| **影響** | 1. 各地開始成立地方性農民組合<br>2. 1926年簡吉等人組成全島性的「臺灣農民組合」 |<br>| **文學** | 1. 〈甘蔗歌〉<br>2. 賴和的第一首新詩〈覺悟的犧牲——寄二林的同志〉，即是對此事件的感發 |<br><br>【改寫自：黃秀政、張勝彥、吳文星，《臺灣史》（臺北：五南，2002），p.239。許極燉，《臺灣近代發展史》（臺北：前衛，1996），p.369】,teachers_book,日治臺灣,經濟,"[二林蔗農事件, 李應章, 蔗農組合, 林本源製糖會社, 臺灣農民組合]",V.1/Ch.3/帝國的邊陲,二林蔗農事件,,,
190,| | |<br>| :--- | :--- |<br>| **出身** | 鳳山人，臺南師範學校畢業後進入公學校任教，卻發現學生課後幾乎都要從事農事勞動，導致學習效果大打折扣 |<br>| **決心** | 1. 1906年起，臺灣總督府為設置模範農場在鳳山收買民有地，加上當地製糖會社極力榨取蔗農，使得蔗農生活赤貧如洗<br>2. 1925年高雄陳中和新興製糖會社逕自停止租耕的契約，使許多蔗農生活陷入困境，簡吉班上的學生紛紛退學，激起他從事社會運動的決心 |<br>| **社運** | 1. 1925年11月，辭去教職，組織鳳山農民組合<br>2. 1926年，組織全島性的臺灣農民組合<br>3. 1929年2月被捕，判刑4個月，出獄後仍持續抗爭，1931年再度被捕，判刑10年 |<br><br>【參考自：許雪姬策劃，《臺灣歷史辭典》（臺北：文建會，2004），p.1311。韓嘉玲，〈簡吉與臺灣農民組合〉，收於臺灣史研究會主編，《臺灣史研究會論文集》，臺北：臺史會，1988】,teachers_book,日治臺灣,政治,"[簡吉, 鳳山農民組合, 臺灣農民組合, 蔗農, 社會運動]",V.1/Ch.3/帝國的邊陲,簡吉,,,
191,"| | |<br>| :--- | :--- |<br>| **背景** | 1920年代農民抗爭事件增多，各地農民組合領導人認為有統合擴大農民組織的必要 |<br>| **成立** | 1926年6月28日於高雄鳳山成立 |<br>| **領袖** | 簡吉、趙港 |<br>| **擴充** | 1927年中央機構由五部擴編為八部，支部由5個增為16個，總部亦由鳳山遷到臺中市，會員則由成立時的4,100多人增為21,000餘人 |<br>| **演變** | 1. 指導在各地繼起的農民反抗鬥爭<br>2. 與「日本勞動農民黨」及「日本農民組合」結盟並受其思想指導<br>3. 受日本勞工運動的影響，農民組合的思想迅速被社會主義化，口號也出現階級鬥爭的色彩 |<br><br>【改寫自：黃煌雄，《兩個太陽的臺灣：非武裝抗日史論》（臺北：時報，2006），p.140。韓嘉玲，〈簡吉與臺灣農民組合〉，收於臺灣史研究會主編，《臺灣史研究會論文集》，臺北：臺史會，1988】",teachers_book,日治臺灣,政治,"[臺灣農民組合, 簡吉, 趙港, 階級鬥爭, 社會主義]",V.1/Ch.3/帝國的邊陲,臺灣農民組合,,,
192,| | |<br>| :--- | :--- |<br>| **成立** | 1927年7月 |<br>| **領袖** | 蔣渭水、蔡培火等人 |<br>| **目標** | 要求地方自治、集會結社、言論自由、改革學制、教育機會平等、廢除保甲制度、改善金融專賣制度與稅制 |<br>| **綱領** | 1. 確立民本政治<br>2. 建設合理的經濟組織<br>3. 改善社會制度之缺陷 |<br>| **具體行動** | 1. 反對日本在臺實施鴉片特許制度，允許臺人吸食鴉片，因此發電報至國際聯盟，引起關注<br>2. 向日本內閣抗議總督府處理霧社事件的作法過於殘暴，日本進而修改理蕃政策方向 |<br>| **分裂** | 1928年蔣渭水成立「臺灣工友總聯盟」，後因組織擴大，影響民眾黨的行動。1930年林獻堂等人再度出走，另成立臺灣地方自治聯盟 |<br>| **解散** | 1931年遭總督府取締，被迫解散 |<br>| **意義** | 臺灣史上第一個「合法」政黨 |,teachers_book,日治臺灣,政治,"[臺灣民眾黨, 蔣渭水, 民本政治, 地方自治, 臺灣工友總聯盟]",V.1/Ch.3/帝國的邊陲,臺灣民眾黨,,,
193,| 組成 | 意涵 |<br>| :--- | :--- |<br>| **左上角藍地旗面** | 黑夜 |<br>| **三顆星** | 黨的三大綱領：確立民本政治、建設合理的經濟組織、改善社會制度之缺陷 |<br>| **紅色旗面** | 以熱血解放殖民地的束縛 |<br><br>【改寫自：蔣朝根，〈蔣渭水大眾葬儀的時代意義〉，收入《臺灣學通訊》第104期，2018年3月，p.15】,teachers_book,日治臺灣,文化,"[黨旗, 三大綱領, 民本政治, 經濟組織, 社會制度]",V.1/Ch.3/帝國的邊陲,臺灣民眾黨黨旗,,,
194,"| | |<br>| :--- | :--- |<br>| **成立** | 1928年2月19日 |<br>| **由來** | 由蔣渭水所催生，其活動是依照臺灣民眾黨黨綱、政策所安排，主要在統一全島勞工運動，以及提高勞工階級的生活與知識 |<br>| **作法** | 經常開辦講演會及座談會，以指導勞資爭議事件 |<br>| **擴大** | 1928年起至1931年為止，工友總聯盟所指導的勞資爭議共計有三十二件，其中1928年高雄的淺野水泥廠、臺南的臺灣製糖株式會社的爭議，在戰術及規模上更有所有突破，從而也擴大了工友會的組織。到1928年底，加入工友總聯盟的團體已達65個，會員總數有7,816人 |<br>| **活動** | 淺野水泥罷工事件歷時78天，全島罷工者約兩萬人，為日治時期最大的工運 |<br><br>【改寫自：黃煌雄，《兩個太陽的臺灣：非武裝抗日史論》（臺北：時報，2006），pp.157、252】",teachers_book,日治臺灣,社會,"[臺灣工友總聯盟, 蔣渭水, 勞工運動, 勞資爭議, 淺野水泥]",V.1/Ch.3/帝國的邊陲,臺灣工友總聯盟,,,
195,| | |<br>| :--- | :--- |<br>| **出身** | 彰化人。本名謝阿女，12歲時因父母雙亡被賣為童養媳 |<br>| **經歷** | **1917年** 離家當女工<br>**1918年** 嫁張樹敏，前往日本與中國<br>**1921年** 回臺後，參與文協活動，結交不少菁英<br>**1924年** 與林木順同往上海<br>**1925年** 進入莫斯科東方大學就讀<br>**1928年** 在上海成立臺灣共產黨（日本共產黨臺灣民族支部），4月被日警逮捕，6月獲釋回臺，從事農工運動<br>**1931年** 二度被捕入獄<br>**1939年** 保外就醫<br>**1947年** 二二八事件爆發後，於3月3日設立「臺中地區治安委員會作戰本部」，試圖主導臺中地區成立的民兵「二七部隊」，直至9日才黯然逃出臺灣，潛赴香港<br>**1957年** 被批鬥為右派<br>**1958年** 遭放鄉下餵豬<br>**1968年** 文革期間又遭批鬥，毛澤東指其為地方主義<br>**1970年** 病逝北京 |<br><br>【改寫自：許雪姬策劃，《臺灣歷史辭典》（臺北：文建會，2004），p.1299。〈謝雪紅〉公共電視，臺灣百年人物誌，http://www.pts.org.tw/~web02/taiwan/p23.htm】,teachers_book,日治臺灣,政治,"[謝雪紅, 臺灣共產黨, 二七部隊, 文協, 農工運動]",V.1/Ch.3/帝國的邊陲,謝雪紅生平,,,
196,| | |<br>| :--- | :--- |<br>| **成立** | 1928年在第三國際指導下，於上海成立 |<br>| **組織** | 第三國際日本支部的臺灣民族支部 |<br>| **綱領** | 1. 無產階級革命<br>2. 臺灣民族獨立<br>3. 成立臺灣共和國 |<br>| **幹部** | 1. 中央委員：林木順、林日高、莊春火、洪朝宗、蔡孝乾<br>2. 候補中央委員：翁澤生、謝阿女（謝雪紅） |<br>| **發展** | 1. 建黨不久即遭破獲，謝雪紅被日警逮捕並被押送回臺灣。後因罪證不足獲釋，與林日高、莊春火積極發展組織並重建黨中央，將新文化協會、農民組合納為外圍團體<br>2. 1929年謝雪紅企圖與中共或第三國際聯絡，但並未成功 |<br>| **分裂** | 1931年1月，臺灣共產黨發生分裂，謝雪紅被奪權 |<br>| **瓦解** | 1931年6月，日警發動大規模之搜捕行動，臺共領導幹部幾乎被捕入獄，組織瓦解，活動幾近停止 |<br><br>【改寫自：許雪姬策劃，《臺灣歷史辭典》（臺北：文建會，2004），p.1090。陳君愷，《狂飆的年代：1920年代臺灣的政治、社會與文化運動》（臺北：日創社，2006），pp.141～142。許極燉，《臺灣近代發展史》（臺北：前衛，1996），pp.362～363】,teachers_book,日治臺灣,政治,"[臺灣共產黨, 第三國際, 謝雪紅, 無產階級革命, 臺灣共和國]",V.1/Ch.3/帝國的邊陲,臺灣共產黨,,,
197,| | |<br>| :--- | :--- |<br>| **背景** | 臺灣民眾黨日漸左傾，黨內溫和派如林獻堂、蔡式穀、蔡培火等人決定另起爐灶 |<br>| **成立** | 1930年8月17日 |<br>| **目標** | 臺灣地方自治 |<br>| **訴求** | 1931年提出5大改革大綱<br>1. 要求公民普選權<br>2. 要求州市街庄自主權<br>3. 議會改為議決機關<br>4. 改革執行機關組織和職權<br>5. 州市街庄有財政管理權 |<br>| **成果** | 1935年4月，總督府發布地方制度改革等法令，首度賦予臺人自治權，於同年11月舉行市會議員與街庄協議會會員半數民選，自治聯盟推薦的候選人幾乎全數當選。雖離要求目標仍遠，但運動過程中，已將自治、普選、參政權等民主基本觀念普及至一般民眾 |<br>| **解散** | 1937年7月，因中日戰爭爆發，自行宣布解散 |<br><br>【參考自：李筱峰，《臺灣史100件大事（上）》（臺北：玉山社，1999）。陳俐甫，〈日治時期政治運動與資金——臺灣地方自治聯盟之政治資金〉《臺北文獻》，直字第117期，（臺北，1996），pp.42～43】,teachers_book,日治臺灣,政治,"[臺灣地方自治聯盟, 林獻堂, 地方自治, 普選權, 市會議員]",V.1/Ch.3/帝國的邊陲,臺灣地方自治聯盟,,,
198,| | |<br>| :--- | :--- |<br>| **時間** | 1935年11月22日 |<br>| **資格** | 1. 候選人：資格有一定的限制，並須於登記時繳納定額保證金<br>2. 投票人：須年滿25歲，且繳納年額五圓以上的男子才能投票。但因投票資格有相當的限制，以致人口比率與具有投票權者未成正比，如臺中市臺人與日人比率為5：1，但有投票權的日人竟多於臺人 |<br>| **情形** | 採祕密投票，投票所的人員坐在高處監督。候選人及助選員不得接近投票所的百尺範圍內，以免影響投票人 |<br>| **結果** | 此次選舉的投票率高達95.9%。當選席次方面，市會部分日人占51%，臺籍占49%；街庄協議會則因日人居臺者較少，僅占8%，臺人占92% |<br>| **意義** | 舉凡登記參選、造勢拜票、文宣製作、選情評估、投開票作業、答謝賜票等步驟，都與現今選舉形式雷同 |<br><br>【改寫自：李筱峰，《臺灣史100件大事（上）》（臺北：玉山社，1999），pp.170～171。楊肇嘉，《楊肇嘉回憶錄（下）》（臺北：三民，1978），pp.308～309。許極燉，《臺灣近代發展史》（臺北：前衛，1996），p.406】,teachers_book,日治臺灣,政治,"[地方選舉, 投票人, 市會議員, 街庄協議會, 祕密投票]",V.1/Ch.3/帝國的邊陲,臺灣首次地方選舉,,,
199,| | |<br>| :--- | :--- |<br>| **開端** | 1931年九一八事變 |<br>| **原因** | 1. 日本對華侵略政策——「大陸政策」：經過甲午戰爭、日俄戰爭，已大為擴張<br>2. 明治維新後，民族優越感昂揚（大和魂），出現「大國意識」<br>3. 資本主義發展引發對原料、市場的經濟需求<br>4. 強調忠君愛國的國粹主義者提出反社會主義、反資本主義，實行天皇獨裁專制的主張<br>5. 與武士道結合，加上神道教的影響，使其深入日本人心，成為宣揚軍國主義的工具 |<br>| **轉化** | 大陸政策由政治、經濟的侵略轉化為以國防優先、軍事為主的擴張 |<br>| **表現** | **對內** 軍部抬頭，政黨內閣制崩潰，軍人介入政治<br>**對外** 成立「滿洲國」、退出國聯、對華侵略、挑起太平洋戰爭等 |,teachers_book,日本,政治,"[軍國主義, 九一八事變, 大陸政策, 大和魂, 滿洲國]",V.1/Ch.3/帝國的邊陲,日本軍國主義的開展,,,
200,**時地** | 1943年11月於埃及開羅舉行的開羅會議後所發表<br>**與會者** | 美國羅斯福、中國蔣中正、英國邱吉爾<br>**宣言內容** | 1. 制止及懲罰日本的侵略<br>2. 剝奪日本自1914年一戰開始以後，在太平洋所奪得或占領的一切島嶼；把日本侵占中國的領土如東北地區、臺灣、澎湖等歸還中華民國<br>3. 把日本從其用武力所攫取的所有土地上驅逐<br>4. 在一定期間內，使朝鮮自由獨立<br>5. 堅持戰鬥到日本無條件投降<br>**獲得確認** | 1945年7月，美、中、英三國在波茨坦所發表的《波茨坦宣言》，及1945年9月2日盟國與日本在密蘇里號戰艦所簽署的日本「降書」，確認〈開羅宣言〉效力，是戰後處理日本問題的共識<br>**爭議** | 此宣言於會議後（12月1日）以新聞公報形式發表，因未由領袖簽署、國會通過，故其法律效力受到質疑<br><br>【改寫自：中國大百科智慧藏，「開羅會議」。中國現代史辭典編輯委員會編輯，秦孝儀主編，《中國現代史辭典(3)》（臺北：近代中國，1987），pp.339 ~ 340】,teachers_book,中華民國,政治,"[開羅會議, 蔣中正, 臺灣, 澎湖, 波茨坦宣言]",V.1/Ch.4/臺澎金馬一體化,〈開羅宣言〉,,,
201,**時地** | 1945年7月，美、英、蘇三國領袖在德國波茨坦舉行會議，針對對日作戰問題所發表的宣言<br>**背景** | 當時德國已經宣告無條件投降，三國為使日本早日投降，發出此最後通牒<br>**署名** | 當時蘇聯尚未正式對日宣戰，因而文件署名國家僅有中、美、英三國<br>**關於臺灣** | 宣言第八項強調：「〈開羅宣言〉之條件必將實施，而日本之主權必將限於本島、北海道、九州、四國及吾人所決定其他小島之內。」由於日本在1945年9月2日簽署的「無條件投降書」，明白表示接受《波茨坦宣言》中的條款，亦即接受將臺灣等地歸還中華民國<br>**爭議** | 1. 主張臺灣為中國一部分者：認為中華民國〈對日宣戰書〉、〈開羅宣言〉、〈波茨坦宣言〉、以及日本「降書」等四份文件，是臺灣為中國領土一部分的法律依據<br>2. 主張「臺灣地位未定論」者：認為這些文件並非條約，沒有法律的約束力<br><br>【改寫自：許雪姬策劃，《臺灣歷史辭典》（臺北：文建會，2004），p.508。黃自進，〈戰後臺灣主權爭議與「中日和平條約」〉，《中央研究院近代史研究所集刊》，54（臺北，2006），pp.62 ~ 70】,teachers_book,中華民國,政治,"[波茨坦, 開羅宣言, 日本, 臺灣地位未定論, 無條件投降書]",V.1/Ch.4/臺澎金馬一體化,〈波茨坦宣言〉,,,
202,**淵源** | 陳儀在擔任福建省政府主席期間曾來臺參觀博覽會，且早年曾留日多年，對日本頗為瞭解，因此被任命負責接收臺灣，並擔任臺灣省行政長官<br>**衝突** | 1. 陳儀擔任行政長官期間，臺灣吏治腐敗，物價飛漲，社會動盪不安，甚至引發1947年的「二二八事件」<br>2. 事件後，陳儀被解除行政長官之職，翌年離開臺灣回到中國大陸，但並未受到任何處罰<br>**審判** | 1. 1948年，陳儀再任浙江省主席<br>2. 1949年初，陳儀試圖向共產黨投降，但事跡敗露被捕，4月底被押解來臺<br>3. 1950年6月18日，陳儀在臺北馬場町被槍決<br><br>【改寫自：吳密察監修，《臺灣史小事典》（臺北：遠流，2000），p.161。賴澤涵等著，《悲劇性的開端：臺灣二二八事變》（臺北：時報文化，1993），pp.110 ~ 112、298 ~ 300】,teachers_book,中華民國,政治,"[陳儀, 臺灣省行政長官, 二二八事件, 吏治腐敗, 馬場町]",V.1/Ch.4/臺澎金馬一體化,陳儀與臺灣,,,
203,中日戰爭結束後，中國隨即陷入內戰之中，戰後的復原工作狀況百出，中華民國政府的接收工作也未明確劃分接收機構的職責及詳盡辦法，導致亂象叢生。接收官員以為臺灣「名為寶島，實為寶庫；接管一任，富可三代」，因此抱著「希望」來臺；許多官員趁機與商人勾結、貪汙腐敗，或公財私用，或敵產擅賣，或浮報不實，搶的搶、偷的偷、賣的賣、轉移的轉移、走私的走私，把在國內劫收時那一套毛病，統統都搬到了臺灣，讓不少民眾失望。<br><br>【改寫自：李筱峰，《解讀二二八》（臺北：玉山社，1998年），pp.43 ~ 44】,teachers_book,中華民國,政治,"[接收, 亂象, 貪汙腐敗, 劫收, 敵產]",V.1/Ch.4/臺澎金馬一體化,國軍接收的亂象,,,
204,"**背景** | 政府名義上給予臺人任公職機會，但實際卻以「臺灣沒有政治人才」、「不解國語文」為由，將許多受過良好教育的臺灣人排斥在中高階職位之外<br>**數據** | <br>| **總數** | **外省籍人數** | **臺籍人數** | **日籍人數** |<br>| 職員總人數<br>44,451 (100%) | 28,234 (64%) | 9,951 (22%) | 6,266 (14%) |<br>| 最高六級職員人數<br>21,845 (100%) | 13,419 (61%) | 7,526 (39%) | 0 (0%) |<br>| 最高二級職員人數<br>22,606 (100%) | 14,185 (66%) | 2,425 (11%) | 6,266 (23%) |<br>**結論** | 從統計看來，戰後臺人的政治地位顯然沒有「光復」，政府重要職位幾乎由來自中國大陸的人士所壟斷<br><br>【改寫自：陳明通，《派系政治與陳儀治臺論》（行政院國家科學委員會研究獎勵代表作報告，未刊，1995）。賴澤涵等著，《悲劇性的開端：臺灣二二八事變》（臺北：時報文化，1993），pp.116 ~ 120。李筱峰、林呈蓉，《臺灣史》（臺北：華立圖書，2003），pp.240 ~ 241】",teachers_book,中華民國,政治,"[公職, 臺籍, 外省籍, 光復, 壟斷]",V.1/Ch.4/臺澎金馬一體化,戰後臺籍人士擔任公職的比例,,,
205,**背景** | 戰後初期，臺灣省行政長官公署考量財政狀況，決定延續日治時期的專賣制度，但酌縮範圍<br>**負責單位** | 1945年11月，行政長官公署接收「臺灣總督府專賣局」，改組為「臺灣省專賣局」<br>**項目** | 1. 專賣局掌理樟腦、菸、酒、火柴、度量衡等之產製、購運、銷售等業務<br>2. 1946年，食鹽由鹽務總局接管，度量衡方面亦成立臺灣省度量衡檢定所<br>3. 1946年11月，各專賣項目依其性質改組為樟腦、菸葉、煙草、酒類、火柴等五個公司<br>**調整** | 1947年5月，行政長官公署改組為臺灣省政府，專賣局亦改組為「公賣局」，五個專業公司同時裁撤<br><br>【引用自：許雪姬策劃，《臺灣歷史辭典》（臺北：文建會，2004），p.1121】,teachers_book,中華民國,經濟,"[專賣制度, 行政長官公署, 臺灣省專賣局, 公賣局, 樟腦]",V.1/Ch.4/臺澎金馬一體化,戰後的專賣制度,,,
206,**獲報** | 1. 1947年2月27日上午11時左右，專賣局接到密報：淡水港有私船運入捲菸50餘箱之情事。專賣局於是派查緝員，會同警察前往查緝，但當他們抵達淡水時，僅查獲5箱<br>2. 不久，又據密報說這些走私貨已移到臺北市南京西路的天馬茶房（太平町，今延平北路附近，是臺北最大的私貨集中地）<br>**查緝** | 2月27日傍晚，查緝員在天馬茶房前查獲中年寡婦林江邁販賣私菸，欲沒收林婦的香菸及身上的金錢，林婦苦苦哀求勿全數沒收，查緝員以槍管敲擊林婦頭部，以致林婦頭部出血而暈倒<br>**誤擊** | 1. 圍觀民眾群情激憤，向查緝員理論抗議，查緝員一邊奔逃，一邊向民眾開槍，不幸擊中路旁市民陳文溪（隔天不治身亡）<br>2. 民眾更加氣憤，包圍警局和憲兵隊，要求交出肇禍人員法辦，但無結果<br><br>【改寫自：賴澤涵總主筆，行政院研究二二八事件小組，《二二八事件研究報告》（臺北：時報文化，1997），pp.23 ~ 27。李筱峰，《臺灣史 100 件大事（下）》（臺北：玉山社，1999），pp.17 ~ 21 】,teachers_book,中華民國,社會,"[查緝私菸, 專賣局, 天馬茶房, 林江邁, 陳文溪]",V.1/Ch.4/臺澎金馬一體化,二二八事件導火線：查緝私菸不當,,,
207,**成立** | 1947年3月1日，臺灣本土菁英取得行政長官陳儀同意，於次日在臺北將原本緝菸血案調查委員會擴大組織，改名為「二二八事件處理委員會」，作為主要與官方溝通以及內部協調的機構<br>**成員** | 由官民共同組成，並以國大代表、省參議員、國民參政員為主要成員。由王添灯擔任會議主席<br>**目的** | 針對緝菸血案以及2月28日的暴動，進行調解與善後的處理。包括懲兇、撫卹傷亡、禁止軍警濫捕殺百姓等<br>**目標** | 列出32條處理大綱，目標為肅清貪官汙吏、爭取政治改革、不排斥外省同胞參與改革省政，並提出二二八事件的處理方式<br>**解散** | 由於來自中國大陸的援兵將至，陳儀便於3月8日正式拒絕委員會的要求，並於3月10日下令其解散<br>**遭難** | 參加委員會而與官方路線相左的本土菁英們，許多被當政者冠上「叛國」罪名，動用武力進行殘酷的鎮壓，成為二二八事件的受難者<br><br>【改寫自：戴國煇、葉芸芸，《愛憎二二八：神話與史實：解開歷史之謎》（臺北：遠流，1992），pp.233 ~ 234。歐素瑛，《傳承與創新：戰後初期臺灣大學的再出發（1945 ~ 1950）》（臺北：臺北古籍，2006），p.149】,teachers_book,中華民國,政治,"[二二八事件處理委員會, 陳儀, 王添灯, 政治改革, 本土菁英]",V.1/Ch.4/臺澎金馬一體化,二二八事件處理委員會,,,
208,**出身** | 四川重慶人，抗戰時期即致力於版畫創作與推廣木刻運動<br>**作品特色** | 受到左翼文藝思想的影響，作品常展現社會底層的生活面<br>**來臺** | 1945年底來臺，任職於省立師院（今國立臺灣師範大學）美術系，與楊逵、蘇新、許壽裳等人共同致力於兩岸文化交流的活動，同時也以臺灣人民的現實生活為題材從事木刻創作，並積極宣揚「新興現實主義美術」<br>**代表版畫** | 1. 1947年，黃榮燦目睹二二八事件後，將所見景象製成版畫〈恐怖的檢查〉，並以「力軍」的筆名發表於香港《文匯報》<br>2. 這幅版畫描繪持槍軍人正對百姓開槍，手無寸鐵的百姓高舉雙手，表情驚懼，成為現存唯一一幅描寫二二八事件現場的美術作品，但可能因此惹來日後的殺身之禍<br>**遭難** | 白色恐怖時期，黃榮燦被控以「從事反動宣傳」的罪名遭槍決，時年37歲<br><br>【改寫自：臺北二二八紀念館，http://228.culture.gov.tw/web/art/art1.htm。臺北市立美術館，《回顧與省思：二二八紀念美展》（臺北：北市美術館，1996），p.111】,teachers_book,中華民國,文化,"[黃榮燦, 版畫, 恐怖的檢查, 二二八事件, 白色恐怖]",V.1/Ch.4/臺澎金馬一體化,黃榮燦,,,
209,"**時間** | 1947年3月21日~5月15日<br>**內容** | 主要為清查戶口、搜捕嫌犯、收繳武器及辦理自首等<br>**氛圍** | 期間有報復式的逮捕、殺害情形，或軍警藉機脅迫可能涉事者以財物贖命或免刑等<br>**暴行** | 1. 基隆軍隊用鐵絲穿過人民足踝，3人或5人為一組，捆縛一起，單人則裝入麻袋，拋入海中，那段時間基隆海面時有屍首<br>2. 高雄軍隊對集會裡千餘民眾用機槍掃射，全部死亡<br>3. 各地大批逮捕平民，未經審訊即綁出槍決或半途處決<br>4. 嘉義、臺南人民因聞「一律從寬免究」之廣播後，向當局自首，竟被捕槍決<br>5. 軍隊將財物取去後殺人滅口<br>**傷亡** | 根據《二二八事件研究報告》指出，傷亡人數約在18,000 ~ 28,000人左右<br><br>【改寫自：賴澤涵總主筆，行政院研究二二八事件小組，《二二八事件研究報告》（臺北：時報文化，1997），pp.261 ~ 263。張勝彥等編著，《臺灣開發史》（臺北：空大，1996），p.306。李筱峰，《臺灣史100件大事（下）》（臺北：玉山社，1999），p.20】",teachers_book,中華民國,政治,"[清鄉, 二二八事件, 搜捕, 逮捕, 報復式]",V.1/Ch.4/臺澎金馬一體化,清鄉,,,
210,"**政治** | 1. 臺人對政治更加恐懼、失望與冷漠。如事件前，臺灣省議員選舉於1946年應選名額30人，候選人則多達1,180人；事件後，第一屆臨時省議員選舉（1951年），應選55人，候選人僅剩140人<br>2. 部分參與二二八事件者或受難者家屬，因痛恨國民黨政府而出走海外<br>3. 政府將臺灣省行政長官公署改為省政府<br>**社會** | 1. 事件後的清鄉、白色恐怖，加深臺灣人對國民黨的怨恨<br>2. 省籍鴻溝加深<br>**經濟** | 1. 專賣局改為公賣局，並縮小為菸、酒專賣，使得臺灣的民間經濟空間擴大<br>2. 政府將公有地放租給農民<br>3. 事件的恐怖氛圍，對日後政府實行「土地改革」大有幫助，地主仕紳階級不再成為阻力<br><br>【改寫自：賴澤涵，〈二二八事件與當代臺灣的發展〉，《當代》34（臺北：1989），pp.90 ~ 92。李筱峰，《二二八事件》（臺中：莎士比亞文化，2006），p.40】",teachers_book,中華民國,政治,"[二二八事件, 白色恐怖, 省籍鴻溝, 土地改革, 行政長官公署]",V.1/Ch.4/臺澎金馬一體化,二二八事件的影響,,,
211,**性質** | 戰後初期中共在臺灣成立的地下組織<br>**成員** | 領導人為蔡孝乾。1946年4月，首批幹部張志忠等由上海來臺，開始在臺北展開活動。7月，蔡孝乾始來臺領導組織。以上海「臺灣同鄉會」理事長李偉光，為對臺工作之交通聯絡站負責人<br>**發展** | 組織發展頗為迅速，至1950年遭破獲時，全臺黨員已增加到900餘人<br>**策略** | 1. 團結工人、農民、革命知識分子，以反美帝、反國民黨官僚，實行民主自治為總領<br>2. 號召全省各階級人士，組織廣泛的愛國愛鄉民主自治統一戰線，先展開不合作運動與反抗運動，最後實行武裝起義，配合人民解放軍解放臺灣<br>**結局** | 蔡孝乾被逮捕後，與情治單位密切配合，使中共在臺灣的活動受到嚴重打擊<br><br>【改寫自：陳正茂，《臺灣早期政黨史略》（1900 ~ 1960）（臺北：秀威資訊，2009），pp.92 ~ 95】,teachers_book,中華民國,政治,"[省工委會, 中共, 地下組織, 蔡孝乾, 武裝起義]",V.1/Ch.4/臺澎金馬一體化,省工委會,,,
212,**歷程** | 1. 1684年清廷將臺灣、澎湖納入版圖<br>2. 1895年臺灣成為日本殖民地<br>3. 1945年臺灣由中華民國接收，1949年政府撤遷來臺，加上作為軍事前哨站的金門、馬祖，逐漸形成一體<br>**政治** | 臺澎金馬地區具有政治的統一性：這個地區有集體意志，且是由國家政治組織（中華民國）的決定和行動來展現<br>**現況** | 不論世界各國是否承認中華民國，臺灣的總統、國會都是人民直接選舉產生，也符合國家具備條件「人民、土地、政府、主權」，政府的統治權不受外來因素介入<br><br>【改寫自：思想編輯委員會，《1949：交替與再生》（臺北：聯經，2009），p.217】,teachers_book,中華民國,政治,"[臺澎金馬, 中華民國, 主權, 政治的統一性, 政府遷臺]",V.1/Ch.4/臺澎金馬一體化,臺澎金馬成為一體,,,
213,**時間** | 1954~1955年<br>**攻擊** | 1954年9月3日，中共由廈門向金門展開猛烈砲擊。這是繼1949年後中共第一次「砲擊金門」，引發第一起臺海危機<br>**反擊** | 中華民國徵得美方同意後，於9月7日起開始反擊<br>**影響** | 美國驚覺中共在東亞的對外政策，有可能發展成一連串的擴張，故與中華民國在1954年底簽訂《中美共同防禦條約》<br>**擴大** | 1955年初，中共攻下一江山島，美國協助國民黨軍民自大陳島撤退<br><br>【參考自：「九三砲戰」，文化部國家文化資料庫，http://nrch.culture.tw/twpedia.aspx?id=5198】,teachers_book,中華民國,政治,"[九三戰役, 臺海危機, 砲擊金門, 中美共同防禦條約, 一江山島]",V.1/Ch.4/臺澎金馬一體化,九三戰役（第一次臺海危機）,,,
214,**背景** | 國民黨在國共內戰中節節敗退<br>**實施** | 1948年5月10日<br>**內容** | 1. 賦予總統緊急處分權<br>2. 刪除總統只能連任1次的限制<br>**意義** | 獨裁政體的法律依據<br>**結束** | 1991年5月,teachers_book,中華民國,政治,"[動員戡亂, 臨時條款, 總統, 緊急處分權, 獨裁政體]",V.1/Ch.4/臺澎金馬一體化,《動員戡亂時期臨時條款》,,,
215,**施行** | 1949年5月20日<br>**狀態** | 國家遭逢戰爭或叛亂等非常狀態而採取的緊急軍事措施<br>**軍法介入** | 1. 戒嚴之地區，其行政及司法事務均移歸軍方，改由該地最高司令官掌管<br>2. 許多刑事案件（尤其是叛亂、匪諜、結夥搶劫等重大犯罪）被告，即使不是軍人，仍須依《陸海空軍審判法》（後改為《軍事審判法》）受軍事審判<br>**限制** | 1. 集會、結社、罷工、罷課、罷市等都在禁止之列<br>2. 制定新聞、雜誌、圖書管理辦法，使言論、出版、講學等自由受到嚴重箝制<br>**結束** | 1987年7月15日<br><br>【改寫自：許雪姬策劃，《臺灣歷史辭典》（臺北：文建會，2004），p.701、1095。薛化元，《臺灣開發史》（臺北：三民，1999），pp.166 ~ 169。李筱峰，《臺灣史100件大事（下）》（臺北：玉山社，1999），pp.39 ~ 40。〈戒嚴〉，文化部國家文化資料庫，http://nrch.culture.tw/twpedia.aspx?id=3861】,teachers_book,中華民國,政治,"[戒嚴, 軍法, 軍事審判, 集會結社, 言論自由]",V.1/Ch.4/臺澎金馬一體化,臺灣戒嚴,,,
216,**成立** | 1950年<br>**目的** | 對黨內組織進行調整，對黨員進行思想改造與整肅，建立以蔣中正為權力中心的統治體制<br>**成員** | 反映蔣中正的權威分配模式：以黨政軍為核心，皆任命自己嫡系出身的人。如陳誠、袁守謙是黃埔系統，代表軍方及情治力量；張其昀、谷正綱等係黨團出身，代表黨務系統；胡建中、曾虛白、崔書琴是代表黨的文宣系統<br>**活動** | 從小組到中央的各級組織建立後，國民黨即在黨內展開持續不斷的教育訓練<br>1. 教育：由黨小組長期堅持的學習活動<br>2. 訓練：指短期學習<br>（1）各級改造委員會派宣傳小組深入各地，對基層幹部做巡迴演講<br>（2）抽調中高級幹部到陽明山革命實踐研究院學習<br><br>【改寫自：陳正茂，《臺灣早期政黨史略（1900 ~ 1960）》（臺北：秀威資訊，2009），pp.166 ~ 171】,teachers_book,中華民國,政治,"[中央改造委員會, 國民黨, 蔣中正, 思想改造, 革命實踐研究院]",V.1/Ch.4/臺澎金馬一體化,中央改造委員會,,,
217,**憲政** | 1947年，中華民國正式實施《憲法》，總統由國民大會間接選出，任期為6年，可連選連任一次<br>**擴權** | 蔣中正於1948年及1954年兩度當選總統，1960年總統選舉理應無法再參選，但因《動員戡亂時期臨時條款》賦予「動員戡亂時期，總統、副總統得連選連任，不受憲法連任一次之限制」，於是蔣中正再度擔任中華民國第三、四、五屆總統，直至其去世<br>**反彈** | 中國大陸來臺的自由主義人士如雷震、胡適等，或本土菁英如李萬居、高玉樹等人曾公開連署反對蔣中正違反《憲法》連任總統<br><br>【改寫自：游梓翔，《領袖的聲音：兩岸領導人重要演講選輯，1906 ~ 2006》（臺北：五南，2006），pp.350 ~ 351】,teachers_book,中華民國,政治,"[連選連任, 蔣中正, 憲法, 動員戡亂時期臨時條款, 雷震]",V.1/Ch.4/臺澎金馬一體化,總統、副總統得以連選連任,,,
218,**施行** | 1949年6月<br>**內容（節錄）** | 第二條第1項（俗稱二條一）：犯《刑法》第100條第1項、第103條第1項、第104條第1項之罪者，處死刑<br>第十條：在戒嚴區域犯叛亂罪者，不論身分概由軍事機關審判之<br>**影響** | 《刑法》之內亂、外患罪之刑度被加重<br>**廢除** | 1991年5月<br><br>【改寫自：呂芳上主編，《戰後初期的臺灣（1945-1960s）》（臺北：國史館，2015年），p.696】,teachers_book,中華民國,政治,"[懲治叛亂條例, 二條一, 刑法, 戒嚴, 軍事機關]",V.1/Ch.4/臺澎金馬一體化,《懲治叛亂條例》,,,
219,**施行** | 1950年6月<br>**內容（節錄）** | 第一條：本條例之適用範圍<br>戡亂時期檢肅匪諜，適用本條例，本條例未規定者，適用其他法令<br>第二條：定義（一）匪諜<br>本條例稱匪諜者，指《懲治叛亂條例》所稱之叛徒，或與叛徒通謀勾結之人<br>第三條：定義（二）治安機關<br>本條例稱治安機關者，指依法令負責檢肅匪諜，或維持治安之機關<br>第四條：告密檢舉之義務<br>發現匪諜或有匪諜嫌疑者，無論何人均應向當地政府或治安機關告密檢舉。主管機關對於告密檢舉人應保守其祕密<br>第五條：鄰里長之責任及應處分連保連坐之人員<br>人民居住處所有無匪諜潛伏，該管保甲長或鄰里長應隨時嚴密清查。各機關、部隊、學校工廠或其他團體所有人員，應取具二人以上之連保切結，如有發現匪諜潛伏，連保人與該管直屬主管人員應受嚴厲處分，其處分辦法另定之<br>**影響** | 一旦被檢舉為匪諜，政府可不經任何法律程序即可加以逮捕、審訊乃至於定罪下獄<br>**廢止** | 1991年6月,teachers_book,中華民國,政治,"[檢肅匪諜條例, 匪諜, 告密檢舉, 連保, 治安機關]",V.1/Ch.4/臺澎金馬一體化,《檢肅匪諜條例》,,,
220,**特務機關** | 1960年代中期，國家安全局成立，統攝各情報機關如警備總部、調查局、情報局等<br>**整肅異己** | 可能因政治見解不同、說了當局不中聽的話、寫了批評時政的文章，便被羅織入罪，或惹來殺身之禍；甚至有人因為擁有家產而成為特務人員敲詐勒索的對象，以致家破人亡<br>**政治案件** | 1. 對親中共的左翼運動之打擊：1949年鹿窟事件、鍾浩東基隆中學案、蔡孝乾案等<br>2. 對臺獨運動者的整肅：1950年黃紀男等人的臺獨案、1961年陳智雄案、1962年臺灣共和國傳單事件等<br>3. 整肅山地原住民族的自治運動：樂信・瓦旦（林瑞昌）、吾雍・雅達烏猶卡那（高一生）、湯守仁等原住民族菁英的遇害<br>4. 對民主運動的壓制：雷震案，使籌組中的反對黨胎死腹中<br>5. 政治權力的鬥爭：孫立人案後，其兵權遭解除<br>6. 情治特務單位間的鬥爭：李世傑案等<br>7. 文字獄：柏楊、李敖等作家入獄,teachers_book,中華民國,政治,"[白色恐怖, 政治案件, 特務機關, 整肅異己, 文字獄]",V.1/Ch.4/臺澎金馬一體化,白色恐怖與政治案件,,,
221,**背景** | 1. 1947年中華民國行憲後，由中國各地選出的國大代表、立法委員組成「第1屆」國會<br>2. 第1屆民意代表任期還未屆滿，中華民國政府就已喪失全中國大陸的領土<br>**過程** | 1954年，大法官會議決議，認為在「反攻大陸，收復失土」前，第1屆民意代表不必改選<br>**爭議** | 第1屆民意代表事實上成為「終身職」，因此永遠不必改選的國會被譏為「萬年國會」<br>**結束** | 1991年、1992年，國會進行全面改選<br><br>【改寫自：吳密察監修，《臺灣史小事典》（臺北：遠流，2000），p.196。】,teachers_book,中華民國,政治,"[萬年國會, 國大代表, 立法委員, 大法官會議, 全面改選]",V.1/Ch.4/臺澎金馬一體化,萬年國會,,,
222,**出身** | 浙江長興人；1916年到日本留學，次年加入國民黨；畢業於京都帝國大學<br>**創刊** | 1949年11月，胡適、雷震等人在臺北創辦《自由中國》，試圖喚起一個「自由中國反共運動」<br>**與當局的互動** | **早期** 雜誌創刊初期，與國民黨關係良好與密切<br>**後期** 韓戰後，由於美國支持臺灣，臺灣由危轉安，《自由中國》的編輯重點由宣揚反共轉為鼓吹建立民主政治，因此觸怒統治當局<br>**雷震案** | 1. 1960年總統大選前夕，雷震與臺灣本土政治菁英李萬居、郭國基等人積極籌組「中國民主黨」<br>2. 警備總部以曾任職於《自由中國》的劉子英為「匪諜」，將雷震以「知匪不報」與「為匪宣傳」兩罪嫌判刑10年<br>3. 「中國民主黨」終告流產，《自由中國》隨之停刊<br><br>【改寫自：雷震，《雷震家書》（臺北：遠流，2003），pp.12 ~ 15。范泓，《民主的銅像：雷震先生傳》（臺北：秀威資訊，2008）。李筱峰，《臺灣史100件大事（下）》（臺北：玉山社，1999），p.47。李筱峰，《臺灣民主運動40年》（臺北：自立晚報，1993），pp.55 ~ 82】,teachers_book,中華民國,政治,"[雷震, 自由中國, 胡適, 中國民主黨, 民主政治]",V.1/Ch.4/臺澎金馬一體化,雷震與《自由中國》雜誌,,,
223,**時間** | 1987年3月24日<br>**口號** | 臺大60餘名學生組成大學改革請願團，懸掛黃色臂章，並高舉抗議標語，呼喊「教官退出校園」、「還我學生權」、「還我自治權」等口號，前往立法院請願<br>**訴求** | 1. 校長及系所主任由學生參與選舉產生<br>2. 人事任免及經費分配讓學生參與<br>3. 軍訓教官及黨團退出校園，並廢除特別權利關係，全面檢討教育法規中剝奪學生憲法基本人權之問題<br><br>【引用自：謝文全，《學校行政》（臺北：五南，2002），p.151】,teachers_book,中華民國,社會,"[教官退出校園, 學生權, 自治權, 大學改革, 特別權利關係]",V.1/Ch.4/臺澎金馬一體化,臺大學生要求教官退出校園,,,
224,**創立** | 1952年10月<br>**主導者** | 蔣經國<br>**作用** | 1. 動員、控制青年和學生<br>2. 擴大個人勢力的工具<br>**演變** | 1. 創立之初，接受國防部與教育部的委託，代理執行軍訓教育<br>2. 1960年代，救國團轉變成青年學生的休閒獎勵機制，高中的軍訓教育也移交回教育部管轄。此時救國團成為「辦團康」、「帶活動」的休閒機構，維繫了青年學生對國民黨的好感。救國團幾乎獨占了全臺灣青年學生的休閒活動，而且在各個旅遊勝地擁有大規模的住宿設備——「青年活動中心」，兼辦電臺、出版社，儼然成為旅遊、文化產業集團<br>3. 蔣經國去世後，救國團的黨國色彩愈來愈淡，但仍擁有龐大的觀光休閒資源<br><br>【引用自：吳密察監修，《臺灣史小事典》（臺北：遠流，2000），p.173】,teachers_book,中華民國,政治,"[救國團, 蔣經國, 動員, 控制青年, 黨國色彩]",V.1/Ch.4/臺澎金馬一體化,中國青年反共救國團,,,
225,**推動** | 1946年4月，臺灣省國語推行委員會成立，首先頒布標準「國音」，同時於各縣市設立「國語推行所」、講習班，積極推展國語運動<br>**教育措施** | 1. 1949年起，省教育廳實施師範學校國語國文畢業統考<br>2. 1951年，教育廳令各級學校應以「國語」教學，嚴禁「方言」，教師和學生之間談話都必須用「國語」。學生說不說「國語」，也會影響到其操行成績<br>3. 1963年，教育廳頒布命令，將推行國語列為校長考核教師年終考績的項目之一<br>**行政** | 許多臺灣知識分子因不懂國語被拒於公職之外<br>**影響** | 1950~1960年代，本地學生在校如果說方言，往往要受到處罰，備受屈辱。學生長期接受這種歧視的語言教育，再加上政府所操控的廣播電臺和電視臺，大部分都以「國語」發音，都使得臺灣本地語言日漸沒落，所謂的「國語」成為臺灣主要的語言<br><br>【引用自：李筱峰，《臺灣史 100 件大事（下）》（臺北：玉山社，1999），pp.14 ~ 16】,teachers_book,中華民國,文化,"[國語政策, 國語運動, 方言, 國語推行委員會, 語言教育]",V.1/Ch.4/臺澎金馬一體化,國語政策,,,
226,**早年事蹟** | 1. 蔣中正的長子，1922年到上海求學，後前往莫斯科，曾在蘇聯的軍隊、大學、工廠、農村生活過<br>2. 1937年3月回到中國，歷任江西省府專員、經濟管制委員會督導等職<br>**經歷** | 1952年創立「中國青年反共救國團」，先後擔任「國軍退除役官兵輔導委員會」主任、行政院副院長、國防部副部長、國防部長、行政院長<br>**擔任總統** | 1975年4月蔣中正去世後，蔣經國雖未馬上繼承政權，但代理總統嚴家淦在任期將屆時急流勇退，讓蔣經國順利當上第6任總統，此後又連任到1988年病逝為止<br>**影響** | 蔣經國執政後大量起用臺灣籍官員，在政治態度上漸趨開放，晚年甚至公開宣稱不會由蔣家人繼承政權，並提拔臺灣籍的李登輝擔任副總統，對臺灣後來的政局發展，影響非常深遠<br><br>【引用自：吳密察監修，《臺灣史小事典》（臺北：遠流，2000），p.173】,teachers_book,中華民國,政治,"[蔣經國, 蔣中正, 總統, 救國團, 李登輝]",V.1/Ch.4/臺澎金馬一體化,蔣經國,,,
227,**創刊** | 1968年。最初是臺大心理系畢業生鄧維楨所創辦的文藝性雜誌<br>**改組** | 1970年，《大學》改組成為政論性刊物，由張俊宏的兄弟擔任發行人、陳少廷擔任社長、楊國樞擔任總編輯，集結了本省籍與外省籍知識分子，逐步針對臺灣現實的政治改革提出看法<br>**文章** | 1971~1972年刊登的〈給蔣經國先生的信〉、〈臺灣社會力分析〉、〈國是諍言〉、〈國是九論〉等文章，皆對當時社會、輿論產生不小的影響<br>**停刊** | 1973年2月，《大學》受到臺大哲學系事件影響，導致總編輯楊國樞、編委張俊宏、陳鼓應等人先後退出，其在政治與社會上的影響力漸次轉變，終至1987年停刊<br>**意義** | 1. 記錄了中華民國政府在面對退出聯合國（1971年）、中日建交（1972年）等事件時的處理方式與輿論<br>2. 反映知識分子對保護釣魚臺運動、中央民意代表全面改選、戒嚴時期各種社會問題的意見<br><br>【改寫自：政大特藏中心，https://da.lib.nccu.edu.tw/dp-8.html】,teachers_book,中華民國,政治,"[大學雜誌, 政論性刊物, 政治改革, 知識分子, 臺大哲學系事件]",V.1/Ch.4/臺澎金馬一體化,《大學》,,,
228,**創刊** | 1979年8月16日正式出刊，為當時臺灣黨外民主運動時期的機關刊物<br>**名稱** | 以李雙澤編曲、楊祖珺演唱的歌曲〈美麗島〉為名<br>**成員** | 以黃信介為發行人，許信良為社長，黃天福、呂秀蓮為副社長，張俊宏為總編輯，施明德為總經理<br>**目標** | 推動新生代政治運動，使民主永遠成為我們的政治制度<br>**停刊** | 發行四期後發生美麗島事件，雜誌社因此被查封停刊,teachers_book,中華民國,政治,"[美麗島, 黨外, 民主運動, 黃信介, 施明德]",V.1/Ch.4/臺澎金馬一體化,《美麗島》,,,
229,**背景** | 1977年，臺灣首次舉辦五項地方公職人員選舉。許信良未獲國民黨提名，自行參選桃園縣長，因而被國民黨開除黨籍，成為「黨外」的一員<br>**過程** | 1. 11月19日投票當天，中壢市第213號投開票所選監主任涉嫌作票。消息傳出後，支持許信良的一萬多名群眾包圍中壢分局，要求檢察官處理未果，遂起而搗毀警車、焚燒警局<br>2. 蔣經國為避免發生流血衝突，下令警察不得開槍殺人<br>**結果** | 許信良以壓倒性的22萬票當選桃園縣長<br>**意義** | 影響日後黨外運動的集結與群眾力量的動員<br><br>【改寫自：彭明輝，〈「聯合報」社論對臺灣重大政治事件的立場與觀點〉《國立政治大學歷史學報》18，臺北，2001），pp.286 ~ 287。莊永明、黃秀慧，《臺灣世紀回味：時代光影》第1卷（臺北：遠流，2001），pp.60 ~ 61 】,teachers_book,中華民國,政治,"[中壢事件, 許信良, 黨外, 作票, 黨外運動]",V.1/Ch.4/臺澎金馬一體化,中壢事件,,,
230,**過程** | 1. 1979年，美麗島雜誌社向警備總部提出，將於12月10日在高雄舉行「國際人權日紀念大會」的申請<br>2. 12月9日，南區警備司令部突然宣布次日起舉行「冬防演習」，嚴禁一切集會<br>3. 12月10日當晚，美麗島人士仍如期舉辦活動，治安單位展開鎮壓行動，釀成警民衝突<br>**逮捕** | 12月13日起，治安單位陸續逮捕黨外人士，查封雜誌社及各地服務處<br>**大審** | 1. 事件引起國際的干涉，在美國的施壓下，蔣經國決定以較開明方式處理<br>2. 審判破例採取公開形式，准許記者和家屬旁聽，並准許媒體報導被告的陳述與律師辯護詞<br>**結果** | 黃信介等人被判刑入獄，黨外勢力受到嚴重打擊<br>**影響** | 1. 各大報大篇幅報導審訊的過程，因而引起社會大眾對臺灣政治問題的思考，也造成人心更大的震撼<br>2. 解嚴前後，「美麗島事件」的受刑人陸續獲釋，日後幾乎成為民主進步黨的領導中堅<br><br>【改寫自：李筱峰，《臺灣史100件大事（下）》（臺北：玉山社，1999），pp.112~115】,teachers_book,中華民國,政治,"[美麗島事件, 黨外人士, 警備總部, 國際人權日, 民主進步黨]",V.1/Ch.4/臺澎金馬一體化,美麗島事件,,,
231,**背景** | 日治時期的「臺灣信用組合」，戰後更名為「臺北市第十信用合作社」。1957年起，在蔡萬春的帶領下，成為當時臺灣規模最大的信用合作社，而蔡萬春也以此為基礎，透過投資建立今日的國泰集團<br>**過程** | 1. 1979年，蔡萬春之子蔡辰洲接手經營十信。1982年蔡辰洲當選增額立委後，在政界拓展合作社業務，擴大企業版圖，同時以高利率從民間吸收資金<br>2. 蔡辰洲為彌補企業因支付高額利息而產生的資金缺口，以人頭戶向十信超貸。1983年，十信因不正常的資金流出，遭政府財金部門介入輔導<br>3. 1985年，政府調查發現十信帳目不實，因此勒令其停業三天，造成民眾恐慌，紛紛湧向十信各分行擠兌提款<br>**結果** | 1. 合作金庫正式接管十信<br>2. 蔡辰洲因掏空十信遭判刑，包含經濟部長、財政部長在內等多名官員也為此引咎辭職<br>**影響** | 此事件暴露臺灣官商勾結的黑幕，加深國民黨當局與臺灣資產階級的矛盾，以及民眾對於政府的不信任感，促使蔣經國不得不採取全面的改革<br><br>【改寫自：「十信事件」，臺灣大百科全書，http://nrch.culture.tw/twpedia.aspx?id=5211。《揭秘「十信案」》給蔣經國最後一擊迎來臺灣新時代！信傳媒 https://www.cmmedia.com.tw/home/articles/8636，2018年2月26日】,teachers_book,中華民國,經濟,"[十信案, 蔡辰洲, 信用合作社, 超貸, 官商勾結]",V.1/Ch.4/臺澎金馬一體化,十信案,,,
232,**背景** | 美籍華人作家劉宜良（筆名「江南」），在臺灣時曾被國民黨收為線民，但赴美後撰寫《蔣經國傳》，對蔣家及國民黨有負面描述。臺灣情報局以劉宜良投靠北京，為中共蒐集情報為由，對其採取制裁行動<br>**槍殺** | 1984年10月15日，江南在舊金山自宅車庫遭到來自臺灣的幫派分子槍殺<br>**嫌疑** | 美國聯邦調查局偵辦此案時，發現臺灣情治單位涉有重嫌，要求臺灣當局引渡嫌犯，赴美受審，但遭到拒絕<br>**影響** | 1. 此案的發生對臺美關係造成極大衝擊<br>2. 促成臺灣走向民主、自由與開放社會的契機。蔣經國二子蔣孝武遭影射與本案有關，因此這件謀殺案對蔣經國而言實是「當頭棒喝」。他於1985年12月25日正式宣告：蔣家人不能也不會作為總統候選人，「江南案」可說為蔣氏家族在臺的統治敲響喪鐘<br><br>【參考自：周維朋，《民主化與憲政改革》（臺中：莎士比亞文化，2008），pp.19 ~ 21。茅家琦，《蔣經國的一生和他的思想的演變》（臺北：臺灣商務，2003），pp.408 ~ 412】,teachers_book,中華民國,政治,"[江南案, 劉宜良, 蔣經國傳, 情報局, 臺美關係]",V.1/Ch.4/臺澎金馬一體化,江南案,,,
233,**背景** | 1990年3月13日，40年未改選的國民大會自行通過《臨時條款》修正案，將1986年增額代表任期延長為9年，引發社會譁然<br>**序幕** | 1. 3月14日，臺大學生民主行動聯盟前往國民黨中央黨部靜坐抗議<br>2. 3月16日，臺大學生至中正紀念堂靜坐，拉起「同胞們，我們怎能再忍受七百個皇帝壓榨」的抗議布條，這一「擦槍走火」的行動為「野百合學運」揭開序幕<br>**訴求** | 學生提出「解散國會、廢除《臨時條款》、召開國是會議、訂定政經改革時間表」四大訴求，並喊著「老賊下臺、靜坐無罪、罷課有理」等口號，廣場中央豎立起一座由學生自己製作的巨型百合花，並命名為「民主野百合」<br>**落幕** | 1990年3月21日，李登輝當選中華民國第八任總統，立刻在晚間於總統府接見了53位學生代表。他承諾將召開國是會議、提出政經改革時間表，因此這場臺灣有史以來最大規模學運，在3月22日宣告落幕<br>**影響** | 1990年6月28日，政府正式召開國是會議，並於隔年5月宣布終止動員戡亂、廢除《臨時條款》，40年未改選的老國代們則在同年年底陸續退休<br><br>【改寫自：中央研究院數位文化中心，https://ios20.asdc.tw/e2_wildlily/ 】,teachers_book,中華民國,社會,"[野百合學運, 國民大會, 解散國會, 國是會議, 李登輝]",V.1/Ch.4/臺澎金馬一體化,野百合學運,,,
234,| 次別 | 時間 | 增修要旨 |<br>| :--- | :--- | :--- |<br>| 第一次 | 1991年5月 | 國會全面改選 |<br>| 第二次 | 1992年5月 | 擴大國民大會權力，將監察院同意權轉到國民大會 |<br>| 第三次 | 1994年7月 | 確立總統直選，取消行政院院長的人事副署權 |<br>| 第四次 | 1997年5~7月 | 凍結省級地方自治的選舉 |<br>| 第五次 | 1999年6~9月 | 國大代表第四屆為300人，依比例代表方式選出 |<br>| 第六次 | 2000年4月 | 總統發布行政院院長與依憲法經立法院同意任命人員之任免命令及解散立法院之命令，無須行政院院長之副署，立法委員自第四屆起為225人 |<br>| 第七次 | 2005年6月 | 減少立委名額，採取單一選區兩票制 |<br><br>【參考自：薛化元，《臺灣開發史》（臺北：三民，1999），pp.140 ~ 141。1991 ~ 2001 年的立法院公報】,teachers_book,中華民國,政治,"[憲法增修, 國會全面改選, 總統直選, 凍結省級地方自治, 單一選區兩票制]",V.1/Ch.4/臺澎金馬一體化,《中華民國憲法》的七次增修,,,
235,**政黨輪替** | 2000年3月18日，民主進步黨籍候選人陳水扁當選總統。此為中華民國史上第一次政黨輪替，政權由中國國民黨和平地轉給民主進步黨，結束中國國民黨在臺灣55年的執政<br>**選情分析** | 1. 國民黨敗選原因：在沒有黨內初選的情況下，時任國民黨主席的李登輝直接指定連戰為總統參選人，引起較高聲望的前臺灣省長宋楚瑜不滿，宋因此退黨參選。在黨內分裂的情況下，李登輝以往「外省國民黨」與「本省臺獨」形象的票源分別被宋楚瑜及陳水扁搶走，使得國民黨票源分散而落敗<br>2. 民進黨勝選原因：民進黨為了邁向執政而採取較溫和的兩岸政策，其政治主張更有多位重量級商業、學術、文化界人士背書支持。另外，選前中國不斷威脅「不管是誰，只要搞臺灣獨立，就沒有好下場」，使得部分中間選民選擇支持民進黨提名的陳水扁<br>**兩黨政治** | 此次選舉之後，以中國國民黨與民主進步黨為主體的兩黨政治已大致底定<br><br>【改寫自：「政黨輪替」，文化部國家文化資料庫，http://nrch.culture.tw/twpedia.aspx?id=3899】,teachers_book,中華民國,政治,"[政黨輪替, 陳水扁, 民主進步黨, 中國國民黨, 兩黨政治]",V.1/Ch.4/臺澎金馬一體化,第一次政黨輪替,,,
236,**背景** | 1991年5月9日，法務部調查局宣布破獲臺獨團體「獨立臺灣會」的地下組織，進入校園逮捕該組織成員。此事讓大眾發現，戒嚴時期政治犯最恐懼的「二條一」（《懲治叛亂條例》第二條第一項），在解嚴後仍持續對人權造成威脅<br>**過程** | 1. 1991年5月12日起，民眾展開要求廢除《懲治叛亂條例》的抗議行動，以及無罪釋放因該案被捕的人<br>2. 因民進黨的提案，《懲治叛亂條例》得以廢除，但獨臺會的涉案人仍被依《刑法》第100條予以懲處。此結果讓國人進一步意識到《刑法》第100條有關思想、言論叛亂罪的規定，對言論自由尚有強大的壓制力<br>3. 1991年9月21日，由各界所成立的「100行動聯盟」，要求廢除《刑法》第100條<br>4. 1992年2月29日，行政院決議只修不廢，修正方向為僅限「以強暴、脅迫方式」進行「叛亂」才構成內亂罪<br>**影響** | 言論「政治犯」從此成為歷史名詞，臺灣人的思想、學術與言論自由獲得具體的保障<br><br>【參考自：薛化元，《自由化民主化：臺灣通往民主憲政的道路》（臺北：日創社，2006），pp.150 ~ 152】,teachers_book,中華民國,政治,"[懲治叛亂條例, 刑法第100條, 獨立臺灣會, 言論自由, 100行動聯盟]",V.1/Ch.4/臺澎金馬一體化,《懲治叛亂條例》的廢除與《刑法》第100條的修正,,,
237,**定義** | 指涉的是「一個原先不民主的社會，如何處理過去所發生過的人權侵犯、集體暴行、或其他形式的鉅大社會創痛（包括種族滅絕或內戰），以建立一個比較民主、正義、和平的未來」<br>**例證** | 1. 二次世界大戰之後的德國、義大利與日本（由法西斯主義國家轉型為民主國家，但都是外力主導）<br>2. 許多「第三波民主化」浪潮下的新興民主國家，如捷克、西班牙<br><br>【改寫自：江宜樺，〈臺灣的轉型正義及其省思〉，摘自錢永祥編，《轉型正義與記憶政治》（臺北：聯經，2007），pp.67 ~ 68】,teachers_book,中華民國,政治,"[轉型正義, 人權侵犯, 民主化, 威權, 社會創痛]",V.1/Ch.4/臺澎金馬一體化,轉型正義,,,
238,**反核開端** | 1986年，蘇聯車諾比堡核電廠爆炸事件，舉世震驚，翌年臺灣民間展開反核運動<br>**朝野攻防** | 1. 1992年，經濟部及行政院同意核四案<br>2. 1994年5月22日，貢寮舉行核四公投，不同意興建者占96%以上<br>3. 1996年5月，立法院通過「廢止核四計畫案」，隨後執政的國民黨全力推動核四覆議案，立法院過半數通過核四覆議案<br>**非核家園** | 2001年，行政院長張俊雄與立法院簽署核四復工協議，並申明建立非核家園的目標，在核四後不再增建任何機組，現有核電廠除役後，臺灣將成為非核化的國家<br>**核四延期** | 核四原計劃於2011年底開始進行商業運轉，但因日本福島核事故而產生的核能發電廠對海嘯、地震抵禦能力的疑慮，政府決定對核四進行檢視和補強，商業運轉日期被無限延期<br>**反核遊行** | 2013年3月，由150個民間團體共同發起的反核遊行，參與總人數約22萬人，口號為「終結核四，核電歸零」<br><br>【改寫自：許雪姬策劃，《臺灣歷史辭典》（臺北：文建會，2004），p.648。陳進金，《臺灣社會運動》（臺中：莎士比亞文化，2008），pp.23 ~ 27。施信民主編，《臺灣環保運動史料彙編》第一卷（臺北：國史館，2006），pp.55 ~ 60】,teachers_book,中華民國,社會,"[反核四, 核電廠, 貢寮, 非核家園, 反核遊行]",V.1/Ch.4/臺澎金馬一體化,反核四運動,,,
239,"**爆發** | 1979年，彰化油脂公司在製作米糠油（食用油）的過程中，為除去米糠油的異色和異味進行加熱處理，加熱管經多次的熱脹冷縮後產生了裂縫，導致作為傳熱介質的多氯聯苯自管路中洩漏出來，汙染到米糠油，並透過多家油行賣到中部3、4個縣市，約2,000多人受害<br>**症狀** | 受害者臉上出現黑瘡（氯痤瘡）等皮膚病變、甚至免疫系統失調<br>**影響** | 毒油中的「多氯聯苯」無法排出體外，受害者事隔數十年仍與毒共存，甚至遺傳給下一代<br><br>【改寫自：環境部化學物質管理署，https://topic.moenv.gov.tw/chemiknowledgemap/cp-452-9104-ab383-5.html】",teachers_book,中華民國,社會,"[米糠油, 多氯聯苯, 彰化油脂公司, 氯痤瘡, 食用油]",V.1/Ch.4/臺澎金馬一體化,米糠油中毒事件,,,
240,**萌芽** | 1970年代，臺灣民間的環保意識逐漸萌發<br>**開端** | 1986年，鹿港反杜邦設廠事件，為我國環保運動的開始<br>**目標** | 全面改善現行汙染狀況，以及自然生態與資源的誤用<br>**案例** | **1986年**<br>1. 鹿港反杜邦設廠運動，成功使杜邦公司於翌年取消設廠計畫<br>2. 新竹市水源里反對「李長榮化工」公害的運動，成立「新竹市公害防治協會」<br>**1987年**<br>1. 行政院成立環保署，民間相繼成立環保聯盟<br>2. 高雄後勁反五輕，成立反五輕自力救濟委員會<br>3. 宜蘭反六輕運動（至1992年台塑轉往雲林麥寮）<br><br>【改寫自：邱榮舉，〈臺灣社會變遷展望〉，收於臺灣省文獻委員會編，《臺灣近代史·社會篇》（南投：省文獻會，1997），pp.362 ~ 364。鄭先祐，〈臺灣環保運動的回顧與展望〉，《玉山周報》45（臺北，2010），pp.10 ~ 11 】,teachers_book,中華民國,社會,"[環保運動, 鹿港反杜邦, 後勁反五輕, 環保署, 公害]",V.1/Ch.4/臺澎金馬一體化,環保運動,,,
241,**時間** | 1988年5月20日<br>**背景** | 農民長期受到壓抑，導致臺灣鄉村普遍貧窮的現象。而政府擴大開放外國農產品進口成為農民運動爆發的導火線<br>**發起者** | 由「雲林縣農民權益促進會」（簡稱農權會）所發起<br>**訴求** | 提出全面農保、全面眷保、肥料自由買賣、增加稻米保證價格與收購面積、廢止農會總幹事遴選、廢止農田水利會會長遴選、成立農業部、農地自由買賣等訴求<br>**過程** | 遊行開始農民就與警方有小摩擦，後來示威民眾拆下立法院的匾額與警政署的招牌，使衝突擴大，最後在鎮暴警察進行多次驅離行動下落幕<br>**判刑** | 警方在21日以現行犯逮捕多人，依違反《集會遊行法》、傷害等罪嫌移送檢方，一審判決約80人被判刑<br>**影響** | 1989年7月，政府全面實施農民保險，同意農民訴求，包括肥料降價、稻穀價格提高及農地釋出等<br><br>【改寫自：韓聖和，《民主進步黨》（臺北：暢談文化，2008），p.17。許雪姬策劃，《臺灣歷史辭典》（臺北：文建會，2004），p.156】,teachers_book,中華民國,社會,"[農民運動, 農權會, 農產品進口, 全面農保, 立法院]",V.1/Ch.4/臺澎金馬一體化,五二○農民運動,,,
242,**背景** | 1987年，一群客家青年創辦《客家風雲》雜誌，為推動臺灣客家文化運動與爭取權益而努力<br>**活動** | 1. 定期出刊和辦理一些客家文化活動<br>2. 1988年元旦，蔣經國總統在電視上以對口方式用福佬話發表文告，但獨缺客家話。雜誌人士籌組「客家權益促進會」，進而在該年12月28日於臺北發起「1228還我母語運動」<br>**影響** | 對日後電視開放客語新聞與節目、《廣電法》修改、教育部採行母語教學等，皆有一定程度影響<br><br>【改寫自：行政院客家委員會，http://www.hakka.gov.tw】,teachers_book,中華民國,文化,"[客家風雲, 客家文化運動, 還我母語運動, 客家話, 母語教學]",V.1/Ch.4/臺澎金馬一體化,《客家風雲》,,,
243,**背景** | 1980年代，臺灣經濟面臨國際環境變化及產業形態轉型等問題，資金轉向股票和房地產，造成貧富差距日益嚴重。房地產被財團炒作，房價大幅上揚，一般受薪階級根本買不起房<br>**發起** | 1989年，李幸長發起「無住屋者團結組織」，欲結合廣大的受薪階級的力量，共同對抗財閥，達成「住者有其屋」的目標<br>**過程** | 1. 7月7日以在街頭髮放傳單的方式，抗議不合理的房價<br>2. 8月26日發起「萬人露宿忠孝東路活動」<br>3. 11月2日發起「送蝸牛給行政院院長活動」<br>**後續** | 1990年8月25日，舉行「825重返忠孝東路活動」，並結合其他社運弱勢團體，以「結束金錢遊戲，重建社會家園」為號召，吸引數千名「無殼蝸牛」參加<br><br>【改寫自：中國時報，《臺灣戰後50年——土地·人民.歲月》（臺北：時報，1995），p.419】,teachers_book,中華民國,社會,"[無住屋者運動, 無殼蝸牛, 房價, 李幸長, 忠孝東路]",V.1/Ch.4/臺澎金馬一體化,無住屋者運動,,,
244,**依據** | 教育部公布的〈國民中小學九年一貫課程暫行綱要〉<br>**內容** | 1. 國小一至六年級，必須就閩南語、客家語、原住民語等三種鄉土語言任選一種修習<br>2. 國中依學生意願自由選擇學習<br>3. 學校得依地區特性及學校資源開設閩南語、客家語、原住民語以外之鄉土語言供學生選擇學習<br>**目的** | 結合於鄉土文化之推展，落實於日常生活之使用，以培養學生熱愛鄉土之情懷，進而了解及尊重不同文化<br>**課程** | 鄉土語言列入語文學習領域，每週至少一節以上，各校得依實際需求彈性增加所需的教學節數<br><br>【改寫自：胡律光，《臺灣的教育》（臺中：莎士比亞文化，2007），p.31。吳清山，〈臺灣教育改革的檢討與策進：1994 ~ 2006 年〉《教育資料集刊》32：教育變革與發展（臺北，2006），p.6】,teachers_book,中華民國,文化,"[母語教育, 鄉土語言, 九年一貫, 閩南語, 客家語]",V.1/Ch.4/臺澎金馬一體化,母語教育,,,
245,**背景** | 1. 二戰結束後，冷戰隨即展開，以致對日和約的形式與內容無法達成共識，因此同盟國遲遲未與日本簽訂和約<br>2. 韓戰爆發後，美國為了讓日本儘快恢復獨立主權，以在亞洲共同對抗共產勢力擴張，決定儘速簽訂對日和約<br>**時間** | 1951年<br>**代表糾紛** | 英國支持中華人民共和國出席，美國則贊成在臺灣的中華民國出席，雙方各有堅持，蘇聯也要求中華人民共和國代表出席，最後中華民國與中華人民共和國均未受邀參與<br>**內容** | 和約第二條聲明日本承認朝鮮獨立，放棄臺灣、澎湖、千島群島、庫頁島、南沙群島、西沙群島等島嶼的主權<br>**爭議** | 日本雖放棄了對臺灣及澎湖的主權，但和約未明定臺灣主權歸屬，因而引發臺灣地位未定的爭議<br><br>【改寫自：吉田茂撰，陳鵬仁譯，《決定日本的一百年》（臺北：學術，1970），pp.77 ~ 80。陳永發，〈反貪汙與近代中國國家建造——與 Patricia Thornton 教授商榷〉，《中央研究院近代史研究所集刊》62（臺北，2008），p.178。東亞三國的近現代史共同編寫委員會，《東亞三國的近現代史》（北京：社會科學文獻，2005），p.118】,teachers_book,中華民國,政治,"[舊金山和約, 臺灣主權, 臺灣地位未定, 冷戰, 韓戰]",V.1/Ch.4/臺澎金馬一體化,《舊金山和約》,,,
246,**全名** | 中華民國與日本國間和平條約<br>**時間** | 1952年4月於臺北簽訂，8月9日公布<br>**內容** | 終止兩國間的戰爭狀態；承認《舊金山和約》第二條規定，日本放棄對臺灣、澎湖、南沙群島、西沙群島等的一切權利；雙方應儘速簽訂發展貿易、航運的商業條約<br>**涵義** | 《中日和約》仍未超出《舊金山和約》的範圍，亦只載明日本放棄臺灣的主權，未明確說明將臺灣歸還哪一政權<br>**失效** | 1972年9月，日本和中華人民共和國建交後，視中華人民共和國為代表中國的唯一合法政府，兩國另訂和約，並宣布原先與中華民國政府簽訂的《中日和約》失效<br><br>【改寫自：臺灣主權論述資料選編編輯小組，《臺灣主權論述資料選編（上）》（臺北：國史館，2001），pp.142 ~ 143。吉田茂撰，陳鵬仁譯，《決定日本的一百年》（臺北：學術，1970），pp.79 ~ 80】,teachers_book,中華民國,政治,"[中日和約, 舊金山和約, 臺灣主權, 日本, 中華人民共和國]",V.1/Ch.4/臺澎金馬一體化,《中日和約》,,,
247,**發表** | 1949年8月5日，美國國務院發表1944~1949年間對中國局勢看法及對華政策的文件，並蒐集了近二百篇美國政府的相關檔案<br>**內容** | 美國把國民黨失敗原因歸結為其自身的無能，以及聽不進美國的意見<br>**用意** | 1. 平息民間對於美國總統對華政策失敗的指責<br>2. 揭露蔣中正過去幾年與美國的實際關係<br>3. 推卸美國政府支持國民黨打內戰的責任，對外重塑和平愛好者的形象<br>**影響** | 白皮書的觀點成為1950年代初期美國史家解釋中國內戰結果的主調，及美國對華政策走向<br><br>【改寫自：邵宗海，《一九四九年以來中美關係之研究》（臺北：時報文化，1986），pp.16 ~ 17。許雪姬策劃，《臺灣歷史辭典》（臺北：文建會，2004），p.126】,teachers_book,中華民國,政治,"[對華關係白皮書, 美國國務院, 國民黨, 蔣中正, 對華政策]",V.1/Ch.4/臺澎金馬一體化,《對華關係白皮書》（《中美關係白皮書》）,,,
248,**背景** | 1. 二戰結束後，朝鮮半島以北緯38度線被劃為南、北兩部分，分別由美國與蘇聯占領<br>2. 1948年，美、蘇各自扶植成立南、北韓政府，雙方衝突日益加劇<br>**爆發** | 1. 1950年6月，北韓越線攻擊南韓，企圖以武力統一韓國<br>2. 9月，美國在聯合國授權下出兵支援南韓，並以第七艦隊協防臺灣海峽，防止中共與國民黨政府發生武裝衝突<br>3. 10月，中共號召志願軍以「抗美援朝」名義支援北韓<br>**拉鋸** | 1951年，雙方在北緯38度線附近形成拉鋸戰，7月，停火談判開始，但零星戰鬥並未停止<br>**停戰** | 1953年7月，雙方簽訂停火協定，仍以北緯38度線為界，南、北韓持續對立至今<br><br>【改寫自：宮崎正勝著、趙韻毅譯，《世界史圖解》（臺北：商周，2006），p.315】,teachers_book,朝鮮,政治,"[韓戰, 第七艦隊, 臺灣海峽, 抗美援朝, 北緯38度線]",V.1/Ch.4/臺澎金馬一體化,韓戰,,,
249,**背景** | 1950年韓戰爆發後，美國總統杜魯門立刻發表「臺灣海峽中立化」的聲明，派遣海軍第七艦隊巡防臺灣海峽<br>**目的** | 1. 阻止中共趁隙對臺攻擊<br>2. 阻止中華民國「反攻大陸」<br>**調離** | 1970年代初期，第七艦隊才調離臺灣，但仍將臺灣海峽列為巡弋範圍<br>**意義** | 戰後臺海長期軍事穩定的主要屏障<br><br>【改寫自：國立臺灣歷史博物館，https://the.nmth.gov.tw/nmth/zh-TW/Item/Detail/31a64eb6-b7c0-4646-ad50-482e3c8e0ea3】,teachers_book,中華民國,政治,"[第七艦隊, 臺灣海峽中立化, 杜魯門, 韓戰, 反攻大陸]",V.1/Ch.4/臺澎金馬一體化,馳援臺灣的美軍第七艦隊,,,
250,**背景** | 1950年韓戰爆發，美國鑒於臺灣地位重要，故將其納入反共體系一員<br>**簽訂** | 1954年12月，由中華民國與美國所簽訂（1955年3月3日生效）<br>**內容** | 共10條，內容與美國和其他太平洋地區國家簽訂的防禦條約類似，主旨在對抗侵略、維持和平<br>**範圍** | 認定的範圍只有臺灣、澎湖地區<br>**意涵** | 1. 美國支持中華民國的法理依據，也是美國與中華人民共和國敵對的象徵<br>2. 美國以此約干涉臺海局勢，並主導兩岸必須停火的決議<br>3. 中華民國正式成為美國盟邦，與其他太平洋地區國家地位相若，對維持中華民國的國際地位有很大幫助<br>**終止** | 1979年美國與我國斷交，並終止《中美共同防禦條約》<br><br>【改寫自：行政院文化部，國家文化資料庫知識管理系統，http://km.cca.gov.tw/myphoto/show.asp?categoryid=33。李筱峰，《臺灣史100件大事（下）》（臺北：玉山社，1999），pp.56 ~ 58】,teachers_book,中華民國,政治,"[中美共同防禦條約, 反共體系, 臺海局勢, 國際地位, 斷交]",V.1/Ch.4/臺澎金馬一體化,《中美共同防禦條約》,,,
251,**背景** | 1960年代末，中共與蘇聯關係生變，因此美國欲拉攏中共以對抗蘇聯<br>**決議** | 1971年10月25日，聯合國大會就阿爾巴尼亞等國的提案進行投票，以2/3的多數通過「2758號決議」：「恢復中華人民共和國一切權利，承認它的政府代表為聯合國組織的唯一合法代表，並立即把蔣介石政府從它在聯合國的組織及其所屬一切機構中所非法占據的席位驅逐出去。」<br>**因應** | 中華民國在決議案通過前，由外交部長周書楷上臺宣布退出聯合國，強調是自行退出，而非被趕出聯合國<br>**挫敗** | 1972年，中共與美國發表《上海公報》，聲明美國認知中國的主張，即「中國只有一個，臺灣屬於中國的一部分」。隨後2~3年內，約有20多個國家與中華民國斷交<br><br>【改寫自：Ralph Clough，〈國民黨統治下的臺灣（1949 ~ 1982）〉，收於費正清、麥克法夸爾編，《劍橋中華人民共和國史：中國革命內部的革命》（北京：中國社會科學出版社，1992），pp.971 ~ 972。王景弘，《採訪歷史：從華府檔案看臺灣》（臺北：遠流，2000），pp.338 ~ 339、345、349 ~ 350、382、388~389】,teachers_book,中華民國,政治,"[退出聯合國, 2758號決議, 中華人民共和國, 蔣介石政府, 上海公報]",V.1/Ch.4/臺澎金馬一體化,中華民國退出聯合國,,,
252,**背景** | 1970年代，中共為突破外交困境，從桌球運動開始積極參與國際體育盛會<br>**互動** | 1. 1971年，中共首度派遣隊伍至日本參加世界桌球錦標賽。毛澤東透過桌球運動員在日本對美方進行國民外交，並於賽後邀請美國代表隊前往中國訪問<br>2. 1972年，中共派桌球訪問團造訪美國進行比賽，團員更在白宮獲得美國總統尼克森接見<br>**影響** | 中共與美國透過體育交流，打破冷戰以來雙方的僵局，揭開親善關係的序幕<br>**意義** | 此「乒乓外交」即毛澤東自詡的「小球轉動大球」<br><br>【改寫自：林呈蓉、張靜宜等，《臺灣全志·外交志》（臺北：國史館臺灣文獻館，2015），p.42】,teachers_book,中華人民共和國,政治,"[乒乓外交, 外交困境, 毛澤東, 尼克森, 小球轉動大球]",V.1/Ch.4/臺澎金馬一體化,中共的乒乓外交,,,
253,**背景** | 1969年，尼克森政府上臺後，決定表現對中共的友好<br>**契機** | 1971年，中共邀請美國桌球隊、記者團訪問中國，這場外交活動清楚表明尼克森的外交立場。同年中華民國退出聯合國，也顯示當時的國際環境已有明顯變化<br>**訪中** | 1972年，尼克森抵達北京，與中國總理周恩來長談，也與毛澤東交換意見。中美雙方並簽署《上海公報》，表示「兩國關係的正常化，不但對兩國人民有利，且對亞洲及世界的緊張局勢有所助益」<br>**影響** | 1. 中美會面的消息傳來，臺灣民情激昂，群眾聚集臺北圓山美軍俱樂部前，砸損轎車，並打破門窗玻璃<br>2. 全臺各大專院校分別在校內發起簽名捐獻活動，以示支持政府譴責美國背信毀約的決心<br>3. 受尼克森訪問中國影響，各國紛紛與臺灣斷交，轉與中國建交<br><br>【引用自：李筱峰，《臺灣史100件大事（下）》（臺北：玉山社，1999），pp.112~113】,teachers_book,中華民國,政治,"[尼克森訪中, 上海公報, 周恩來, 關係正常化, 斷交]",V.1/Ch.4/臺澎金馬一體化,尼克森訪中,,,
254,**簽訂** | 1972年由中共與美國所簽訂<br>**內容** | 聲明美國認知中共的主張，即「中國只有一個，臺灣屬於中國的一部分」<br>\*此處的「認知」（Acknowledge）一詞，在法律上有特別意義，是不同於「承認」（Recognize）的，所以美國的立場是一方面認知中共「一個中國」主張，一方面強調臺灣的將來，要由海峽兩岸雙方以和平方式解決<br><br>【改寫自：張炎憲、陳美蓉、楊雅慧編，《二二八事件研究論文集》（臺北：吳三連台灣史料基金會，1998）】,teachers_book,中華民國,政治,"[上海公報, 一個中國, 認知, 承認, 和平方式]",V.1/Ch.4/臺澎金馬一體化,《上海公報》,,,
255,**簽訂** | 1978年由中共與美國所簽訂<br>**內容** | 1. 商定兩國自1979年1月1日起互相承認並建立外交關係<br>2. 美國承認中共是中國唯一合法政府。在此範圍內，美國人民將同臺灣人民保持文化、商務和其他非官方關係<br>3. 重申《上海公報》中雙方一致同意的各項原則<br><br>【改寫自：美國在臺協會，https://web-archive-2017.ait.org.tw/zh/us-joint-communique-1979.html】,teachers_book,中華民國,政治,"[建交公報, 外交關係, 唯一合法政府, 非官方關係, 上海公報]",V.1/Ch.4/臺澎金馬一體化,《建交公報》,,,
256,**背景** | 《中美共同防禦條約》終止後，美國欲讓臺灣具備足夠的自衛能力<br>**實施** | 1979年4月10日，由美國總統卡特簽署實施<br>**位階** | 此法由美國國會制定，並非國際條約，是美國的國內法<br>**內容** | 1. 未承諾保障臺灣安全，但表明有任何企圖以非和平方式（包括杯葛或禁運）解決臺灣未來的作為，或破壞西太平洋地區和平及穩定，美國將會關切<br>2. 認同臺海兩岸武裝對立的事實，承諾提供臺灣足夠的防禦性武器，使臺灣足以維持自衛能力。美國也將抵抗任何訴諸武力，或使用其他高壓手段，危及臺灣人民安全與社會經濟制度的行動<br>3. 美國對臺灣政策的目標包括維持商業及文化關係、保障人權與臺灣安全<br>4. 美國得以與臺灣建立半官方的外交關係，可以在臺設立「美國在臺協會」，臺灣則設「北美事務協調委員會」為駐美機構<br>**意義** | 1. 美國以國內法的形式，讓臺灣與美國在無邦交關係下，仍保持實質交流<br>2. 其模糊性給予美國政府在處理兩岸問題上有較大彈性<br><br>【改寫自：李筱峰，《臺灣史100件大事（下）》（臺北：玉山社，1999），p.114。丘宏達編、陳純一助編，《現代國際法參考文件》（臺北：三民，1996），pp.948 ~ 957。吳密察監修，《臺灣史小事典》（臺北：遠流，2000），p.187】,teachers_book,中華民國,政治,"[臺灣關係法, 國內法, 防禦性武器, 美國在臺協會, 非和平方式]",V.1/Ch.4/臺澎金馬一體化,《臺灣關係法》（Taiwan Relations Act，簡稱TRA）,,,
257,**成立** | 1979年，因應美國與臺灣外交關係中止而設立的民間非營利組織<br>**職責** | 1. 與臺灣人民維持商務、文化及其他關係<br>2. 執行美國官方與臺灣進行的任何活動,teachers_book,中華民國,政治,"[美國在臺協會, 外交關係中止, 非營利組織, 商務, 文化]",V.1/Ch.4/臺澎金馬一體化,美國在臺協會,,,
258,**背景** | 1979年，蘇聯入侵阿富汗，美國為阻止蘇聯控制中亞，故欲拉攏中共<br>**簽訂** | 1982年由中共與美國所簽訂<br>**內容** | 美國將逐步減少對中華民國出售武器的數量及性能<br><br>【改寫自：曾玉祥，《兩岸關係之治理：制度分析之觀點》（臺北：翰蘆，2019），p.242】,teachers_book,中華民國,政治,"[八一七公報, 出售武器, 蘇聯入侵阿富汗, 中共, 美國]",V.1/Ch.4/臺澎金馬一體化,《八一七公報》,,,
259,兩岸軍事對峙時期，嚴禁官兵與中國大陸家人通信，若有則以軍法審判，繫之牢獄；同樣的，留在中國大陸親屬也往往因此獲罪，飽受凌辱。原籍浙江舟山群島的老兵姜思章回憶道：國軍當年從舟山群島撤退時，14歲的他和上萬青年一起被抓去強迫當兵，來臺後常因想家而抱頭痛哭。一次經由親戚通信與家人聯繫，不料因為和對岸通信，在軍中的他被列為長期監視對象，動輒調職、關禁閉，無法承受的他被迫展開逃亡，遭軍法審判惹來3年牢獄之災；遠在舟山群島的父親則被打為黑五類，妹妹則被送到北大荒勞改，10年後才返鄉。<br><br>【引用自：李念殊，《重渡黑水溝》（臺中：莎士比亞文化，2007），pp.7~8】,teachers_book,中華民國,社會,"[兩岸分隔, 軍事對峙, 老兵, 軍法審判, 黑五類]",V.1/Ch.4/臺澎金馬一體化,兩岸分隔兩岸情,,,
260,**背景** | 1992年初，海協會致函邀請辜振甫率海基會高層訪問中國，海基會表示有意願<br>**定位** | 民間性、事務性、經濟性與功能性<br>**會面** | **時間** 1993年4月27日、1998年10月15日<br>**地點** 新加坡、上海<br>**主角** 海峽交流基金會董事長辜振甫、海峽交流協會會長汪道涵<br>**成果** | 加強對話以促成制度化協商的恢復、兩會人員交流，就涉及人民權益之個案積極相互協助解決、汪道涵同意在適當時機訪臺<br>**意義** | 1. 象徵兩岸關係進入新的里程碑，引起國際社會矚目<br>2. 觸及兩岸定位問題，開啟了兩岸政治對話之門<br>**中斷** | 1999年，李登輝提出「兩國論」，汪道涵取消訪臺計畫，中國隨後中斷兩岸對話機制<br><br>【改寫自：戴天昭著，李明峻譯，〈李登輝政權的登場與臺灣轉型〉，收於戴天昭著，《臺灣國際政治史》（臺北：前衛，2002），pp.778 ~ 799。許雪姬策劃，《臺灣歷史辭典》（臺北：文建會，2004），pp.658、908】,teachers_book,中華民國,政治,"[辜汪會談, 辜振甫, 汪道涵, 海基會, 海協會]",V.1/Ch.4/臺澎金馬一體化,辜汪會談,,,
261,**目的** | 遏止臺獨勢力<br>**通過** | 2005年，中國第10屆全國人大第三次會議通過<br>**主軸** | 「世界上只有一個中國，大陸和臺灣同屬一個中國，中國的主權和領土完整不容分割」<br>**內容** | 該法案最受矚目的是第8條：若出現以下三種情況：1. 臺灣從中國分裂形成事實；2. 將發生可能導致臺灣從中國分裂的重大事變；3. 和平統一的可能性完全喪失，中國政府得採取「非和平方式及其他必要措施，捍衛國家主權和領土完整」<br>**影響** | 1. 臺灣反應：2005年「326民主和平護臺灣大遊行」，即是為表達強烈抗議與不滿<br>2. 國際反應<br>（1）美國：認為緊張的片面行動對兩岸關係並無幫助，將持續鼓勵兩岸採取投資、通航談判等正面作法<br>（2）日本：反對以和平以外的手段解決臺海爭端，雙方應自我克制<br>**意義** | 中共首次明確表態將透過法律手段遏制臺獨勢力<br><br>【改寫自：蔡東杰、洪銘德、李玫憲，《圖解兩岸關係》（臺北：五南，2018），p.196】,teachers_book,中華民國,政治,"[反分裂國家法, 臺獨, 一個中國, 非和平方式, 領土完整]",V.1/Ch.4/臺澎金馬一體化,《反分裂國家法》,,,
262,「黑潮」是太平洋北赤道的洋流，受到東北信風影響往西流動後，在菲律賓的東方海域轉向北方。這股來自赤道的洋流水溫高、鹽分濃、密度大，還深受季風風向與強度的影響。當夏季盛吹西南季風時，由於流向與風向一致，黑潮流勢因此相當強大；到了冬季，強勁的東北季風則使黑潮流勢減緩。朝著北北東方前進的黑潮，經東海岸的蘭嶼和綠島，從臺灣與琉球間北行而過，然後流入東海；受到地形束流作用的影響，最大流速線正好通過臺灣本島與綠島、蘭嶼之間，因此在無動力船的時代，黑潮主流的強勁水勢成為可資利用的動力，也成為船隻往來的最佳航路。日本學界曾提出「黑潮文化圈」的研究假設，指出黑潮使相關島嶼或地域的人群移動更加密切，而其流路所連結的族群文化也有高度關聯。臺灣、蘭嶼、綠島，甚至琉球群島的八重山群島，就在黑潮流路上共同串起一個相互關聯的海域世界，而它的主角則是南島民族。<br>【引用自：詹素娟，〈跨越黑潮：以海為道的臺灣原住民〉，http://www.erenlai.com/tw/item/4267-2014-02-16-10-15-07.html】,teachers_book,原住民,文化,"[黑潮, 南島民族, 黑潮文化圈, 蘭嶼, 琉球群島]",V.1/Ch.5/十六至十九世紀臺灣的經濟活動,南島民族利用黑潮串起「黑潮文化圈」,,,
263,倭寇是朝鮮半島及中國沿海活動的海盜，被捕後通常自稱為日本人，故稱為倭寇。但是倭寇組成分子複雜，不一定來自日本，有時甚至以中國人、朝鮮人占多數。明朝實施海禁政策、朝貢貿易後，民間僅能從事走私貿易或海盜活動，故倭寇侵擾日益猖獗，至明嘉靖年間，倭寇成為沿海大患。1567年明朝派戚繼光、俞大猷剿平倭寇。,teachers_book,大航海時代,政治,"[倭寇, 海盜, 明朝, 海禁政策, 戚繼光]",V.1/Ch.5/十六至十九世紀臺灣的經濟活動,倭寇,,,
264,它是荷蘭商家為了專門從事東方貿易而成立的一家股份公司。由於當時荷蘭各省成立從事東方貿易的公司，自組船隊，相互競爭，致使成本高昂，無力與西班牙人和葡萄牙人在南洋競爭。因此，在荷蘭政治家的號召下，荷蘭國家議會同意將各家公司結合起來，於1602年成立「東印度公司」。荷蘭議會並通過決議：給予新公司擁有東起南非好望角、西至南美洲南端麥哲倫海峽（包含整片印度洋和太平洋的水域）的貿易壟斷權，還授予新公司與當地統治者簽訂條約、建立統治和防禦系統，以及對西班牙和葡萄牙宣戰與徵兵的權力——此確立了該公司日後在臺灣建立統治政權和與中國軍隊（鄭成功軍隊）作戰的依據。<br>【引用自：湯錦台，《前進福爾摩沙——十七世紀大航海年代的臺灣》（臺北：貓頭鷹，2001），pp.96～97】,teachers_book,大航海時代,經濟,"[荷蘭, 東印度公司, 股份公司, 貿易壟斷權, 鄭成功]",V.1/Ch.5/十六至十九世紀臺灣的經濟活動,荷蘭聯合東印度公司的成立過程,,,
265,荷治時期，大員的確發揮轉運站的功能。中國的生絲經大員運至日本，換取日本白銀，再用白銀買生絲和瓷器。巴達維亞的胡椒經大員賣入中國，轉換黃金及其他商品。黃金和白銀由大員的船經巴達維亞到印度東南部的科羅曼德爾海岸和西北岸的固加拉特，換取棉布，再運回巴達維亞以購買香料。<br>【引用自：國立故宮博物院，「十七世紀的臺灣、荷蘭與東亞」，http://www.npm.gov.tw/exhbition/formosa/chinese/06.htm】,teachers_book,大航海時代,經濟,"[大員, 轉運站, 生絲, 白銀, 巴達維亞]",V.1/Ch.5/十六至十九世紀臺灣的經濟活動,荷治時期大員的轉運站功能,,,
266,#### 瓷器<br>17世紀初，荷蘭人曾經連續兩次搶劫葡萄牙船隻，獲得大量中國瓷器，在阿姆斯特丹拍賣，轟動全歐，這讓荷蘭人開始積極經營瓷器生意。1602～1682年，荷蘭平均每年從中國輸出20萬件的瓷器，其中絕大部分是經由臺灣轉運的。自1635年開始，荷蘭人在臺灣用木頭製作一些模型，送到景德鎮等地去訂貨，以適合歐洲人的需要<br><br>#### 香料<br>香料是歐洲人東航最原始的目的，也同樣吸引中國人，在中國除了當作調味料，也可當成藥用。中國商人也把一部分胡椒和絲綢、瓷器一起出口到日本和朝鮮。17世紀時，亞洲的胡椒貿易路線發生了變化，葡萄牙、西班牙、荷蘭和英國的商人無不紛紛投入香料貿易。荷蘭人占據臺灣後，便把胡椒運到臺灣，再從臺灣銷往中國和日本<br><br>#### 金銀<br>明清時期的中國，白銀是貨幣，黃金是飾品，大約4、5兩銀子就能換得1兩黃金。而在日本，1兩黃金至少要10兩銀子才能換得到。所以荷蘭人只要拿日本的白銀到中國去換黃金，再用中國黃金去換日本白銀，轉手之間就可以賺取高額利潤。運到臺灣的日本白銀一部分流往中國，一部分則用來交換黃金、瓷器及其他中國特產。換言之，從臺灣轉口輸出的金銀供應著荷蘭聯合東印度公司在亞洲各地活動的資金,teachers_book,大航海時代,經濟,"[轉口商品, 瓷器, 香料, 白銀, 荷蘭聯合東印度公司]",V.1/Ch.5/十六至十九世紀臺灣的經濟活動,臺灣的轉口商品,,,
267,"根據曹永和的研究，明朝中、後期以來，便有中國商人載運臺灣、菲律賓、暹羅等地的鹿皮至中國，再走私到日本，如鄭芝龍即成為荷蘭人在東亞鹿皮貿易的競爭對象。此外，日本也因臺灣的地理位置，而將之作為中日貿易的中繼站，日船來臺與中國商人交易鹿皮。至荷治時期，鹿皮貿易被荷蘭東印度公司獨占。之後鄭經時期，鄭氏與英國簽訂通商條約，英國欲運送臺灣的鹿皮和砂糖，但無奈貿易權掌握在鄭氏手中，英國在臺的鹿皮貿易並不順利。清治初期，鹿皮仍是出口大宗，但因船隻航行路線不同，先由臺灣到廈門，再由廈門運到日本或其他地方，臺灣已非貿易轉運站。另外，有關鹿皮輸出數量，曹永和認為，荷蘭治臺前後每年大約出口20萬張鹿皮，荷治末期、鄭氏初期約3萬張，清治初期約為9,000張。<br>【改寫自：林偉盛，〈論早期臺灣鹿皮貿易史的研究：由曹著《近世臺灣鹿皮貿易考》談起〉《臺灣史研究》第21卷第3期2014.9，pp.189～190】",teachers_book,大航海時代,經濟,"[鹿皮貿易, 曹永和, 鄭芝龍, 荷蘭東印度公司, 鄭經]",V.1/Ch.5/十六至十九世紀臺灣的經濟活動,17世紀臺灣的鹿皮貿易,,,
268,| | |<br>| :--- | :--- |<br>| **背景** | 1626年濱田彌兵衛到臺灣購買生絲，卻遭荷蘭第一任臺灣長官宋克限制行動。次年7月，濱田船長私自帶回16名新港社原住民向長崎代官末次平藏告狀，並在他的屬意下，將此群原住民打扮成使者，帶至幕府將軍面前，控訴荷蘭人種種惡行 |<br>| **爆發** | 1628年，濱田彌兵衛船長又帶領三艘船赴臺，但當時的臺灣長官奴易茲事先接獲密報，率兵將濱田彌兵衛和他帶回的16名新港社原住民全部扣押起來，5、6天後被釋放，之後，濱田彌兵衛佯稱交涉歸國事宜，趁機偷襲奴易茲，以刀相抵，威脅他交換人質，並需賠償損失。奴易茲只得把自己的兒子和濱田彌兵衛的兒子互換充當人質，送往日本，並賠償濱田彌兵衛一萬多斤的生絲。但濱田彌兵衛返抵日本卻變卦，不僅把奴易茲之子扣押在長崎，日本幕府也下令封鎖平戶的荷蘭商館 |<br>| **落幕** | 1632年，為考量商業利益，荷蘭東印度公司決定將奴易茲解送到平戶，幕府才稍緩怒氣，答應恢復生意往來 |<br>【引用自：戴月芳，《再現臺灣：荷蘭人在臺灣》（臺中：暢談國際文化，2009），p.29】,teachers_book,大航海時代,政治,"[濱田彌兵衛, 奴易茲, 新港社, 荷蘭東印度公司, 幕府]",V.1/Ch.5/十六至十九世紀臺灣的經濟活動,濱田彌兵衛事件始末,,,
269,平戶即為長崎縣西北方的平戶島，今日只是個四萬人口左右的小港市。過去是日本遣唐使前往中國及其他地區的出發據點，也一度成為倭寇的根據地。平戶在戰國時代到江戶幕府鎖國前，是日本屈指可數的國際貿易港。1505年，葡萄牙商船首度靠岸，開啟了平戶港七十多年的輝煌歲月。荷、英紛紛跟進設置商館，碼頭到處可見南蠻人和紅毛人。德川政權確立後打壓基督教，連帶讓外國船隻備受限制；至二代將軍秀忠讓位的1623年為止，能夠進出平戶的只剩下荷蘭商船和中國海盜船。直到日本鎖國，日本將所有貿易對外出口都限制在長崎港。<br>【引用自：洪維揚，《日本戰國風雲錄·群雄紛起：三方原之戰、長篠設樂原之戰、沖田畷之戰、岩屋城會戰》（臺北：遠流，2007），p.164】,teachers_book,日本,經濟,"[平戶, 長崎, 國際貿易港, 德川政權, 鎖國]",V.1/Ch.5/十六至十九世紀臺灣的經濟活動,從平戶到長崎,,,
270,| | |<br>| :--- | :--- |<br>| **1616年** | 來往日本的歐洲商船只限停於平戶和長崎兩地 |<br>| **1620年** | 禁止日本人搭乘外國船隻航海 |<br>| **1623年** | 驅逐葡萄牙人出境、禁止與英國商人開展貿易 |<br>| **1624年** | 禁止西班牙人來日通商 |<br>| **1633～1634年** | 規定無特許證的日本船隻一律嚴禁出國 |<br>| **1635年** | 嚴禁各類船隻駛向國外，違令者處斬。至此開始的2百多年期間，德川幕府只允許中國及荷蘭的商船在長崎一處通商 |,teachers_book,日本,政治,"[鎖國, 德川幕府, 平戶, 長崎, 葡萄牙人]",V.1/Ch.5/十六至十九世紀臺灣的經濟活動,日本逐步邁向鎖國,,,
271,#### 鄭成功欲擴大在東南亞的貿易版圖<br>1. 1655年鄭成功成立六官，打算透過東南亞的胡椒貿易開闢財源，於是他先派了24艘船前往南方，7艘到巴達維亞城、東京（越南）2艘、暹羅10艘、廣南4艘、馬尼拉1艘<br>2. 鄭成功希望巴達維亞總督讓他可以在蘇門答臘附近的胡椒產地收購胡椒，而不須透過荷蘭人，但總督認為此舉將危害荷蘭人的利益，並不同意<br><br>#### 鄭成功下令禁運，影響臺灣轉口貿易<br>1. 鄭成功指控西班牙人的貨款總是延遲提供，或者只支付一半，導致他的船隊無法從馬尼拉取得足夠的白銀，因此他在1655年7月下令禁運馬尼拉<br>2. 在此同時，鄭成功請在臺灣的荷蘭長官也向臺灣華人宣達此道命令，然未獲認同。因此鄭成功便在1656年6月27日公告一百天後對臺灣實施禁航令<br>3. 1656年11月到1657年6月，完全沒有船隻往來中國與臺灣之間，造成原本要銷往中國的東南亞胡椒被大量囤積；由於無法跟中國交易，而缺乏來自中國的黃金，也影響荷蘭在印度東岸的貿易<br><br>1657年3月，荷蘭方面派何斌至廈門與鄭成功談判，6月，何斌帶回鄭成功給臺灣長官的信，內容包括三點：<br>1. 臺灣長官不肯配合他派人到大員向中國人公告對菲律賓的禁令<br>#### 鄭荷貿易談判<br>2. 臺灣當局沒有善待前往貿易的中國商人，不但延期付款，而且還只用商品取代銀子支付<br>3. 他要派船到暹羅、占碑、蘇門答臘的巴林旁以及其他南洋口岸，希望臺灣長官請巴達維亞城下令不得干擾，必要時須伸出援手<br><br>#### 鄭成功的勢力延伸到產地<br>1657年8月，鄭成功解除禁運。9月，荷蘭表達願與鄭成功和睦相處並歡迎船隊前來，11月，臺灣長官揆一在鄭泰的要求之下，也給予胡椒產區的通行證，以便其購買胡椒<br>【改寫自：林偉盛，《典藏臺灣史：大航海時代》（臺北：玉山社，2019），pp.153～155、鄭維中，蔡耀緯譯，《海上傭兵：十七世紀東亞海域的戰爭、貿易與海上劫掠》（臺北：衛城，2021），pp.349、378】,teachers_book,大航海時代,經濟,"[鄭成功, 荷蘭, 商貿競爭, 禁運, 何斌]",V.1/Ch.5/十六至十九世紀臺灣的經濟活動,鄭成功與荷蘭的商貿競爭,,,
272,| | |<br>| :--- | :--- |<br>| **早年經歷** | 鄭芝龍曾投靠在澳門經商的親戚，後來成為李旦的部下。1622年荷蘭人占領澎湖時，李旦說服荷蘭人轉往大員，鄭芝龍在此時被李旦派到澎湖，擔任荷蘭人的通譯 |<br>| **崛起** | 1625年李旦逝世，鄭芝龍接掌其勢力，居領袖地位，此時正值中國福建地區鬧饑荒，鄭芝龍趁此機會，首次發船劫掠福建、廣東沿海一帶，勒索糧餉，且吸收遊手好閒之徒，以擴充陣容，壯大聲勢 |<br>| **受明招撫** | 鄭芝龍擁有一支勢力強大的私人武裝海商集團，掌握東南沿海的航道。1628年，明朝政府深知無法將他剿滅，因此招撫他。鄭芝龍一方面以明朝官吏，剷除其他的海上勢力，另一方面也暗中從事武裝走私、控制航路 |<br>| **與荷交戰** | 1633年因荷蘭偷襲廈門，鄭芝龍決定反擊，於金門料羅灣大敗荷蘭。荷方與鄭芝龍達成了協議，鄭芝龍維持每年有四到五艘大型中式帆船、八艘小型中式帆船，載運絲貨等商品與荷方做生意 |<br>| **全盛時期** | 1635年鄭芝龍全面擊潰勁敵海盜劉香等，終於稱霸東南沿海海上貿易，旗下的武裝部隊往來於麻六甲和日本之間，通暢無阻 |<br>【引用自：李筱峰，《臺灣史100件大事（上）》（臺北：玉山社，1995），p.35。戴月芳，《再現臺灣：國姓爺鄭成功》（臺中：暢談國際文化，2009），p.8。戴月芳，《明清時期荷蘭人在臺灣》（臺北：臺灣書房，2012），p.200】,teachers_book,大航海時代,政治,"[鄭芝龍, 李旦, 明朝, 料羅灣, 海商集團]",V.1/Ch.5/十六至十九世紀臺灣的經濟活動,海上稱雄時期的鄭芝龍,,,
273,李旦是泉州人，出身不詳，為17世紀中國東南沿海的著名海上商人，其貿易路線包括日本、中國東南沿海、臺灣、菲律賓及東南亞等地，並與荷蘭人、英國人來往。李旦先在菲律賓發展並成為當地華人領袖，後來因與西班牙人有錢財糾紛，遂遷到日本的平戶。在日本時，由於與官方關係良好，他的武裝艦隊取得日本的朱印狀，來往於中國、日本及東南亞，成為該海域最強大的海商。英國人為發展生絲貿易，曾極力拉攏他並借貸巨額款項讓他發展中國貿易之用。<br>【改寫自：許雪姬總策劃，《臺灣歷史辭典》（臺北：文建會，22004），p.372】,teachers_book,大航海時代,經濟,"[李旦, 海上商人, 平戶, 朱印狀, 海商]",V.1/Ch.5/十六至十九世紀臺灣的經濟活動,李旦的崛起,,,
274,1568年荷蘭獨立戰爭爆發後，其中七個低地行省聯合成立「尼德蘭七省共和國」，達成實質獨立，並開始對西班牙海外據點發動攻擊。終於在1648年獲得法理上的獨立地位。其實荷蘭獨立戰爭也是1618年開始的歐洲宗教戰爭的一部分，這場哈布斯堡王朝對上新教國家的跨國戰爭，最後由新教國家獲勝，參戰各方簽訂了被視為現代國際條約濫觴的《西發里亞條約》，除了讓荷蘭、瑞士等國家得以興起，也讓原先的海上霸主西班牙沒落，可說深深地影響了現代世界的樣貌。<br>【改寫自：《臺灣‧故事：十個歷史的轉捩點》，「故事：寫給所有人的歷史」製作】,teachers_book,荷蘭,政治,"[荷蘭獨立戰爭, 尼德蘭七省共和國, 西班牙, 西發里亞條約, 哈布斯堡王朝]",V.1/Ch.5/十六至十九世紀臺灣的經濟活動,荷蘭八十年獨立戰爭,,,
275,硫磺是火藥的原料之一，自從大航海時代肇興，槍砲逐漸成為戰爭武器的主力，硫磺的重要性也就水漲船高。1624年荷蘭人占領臺灣後，對於臺灣當時的硫磺貿易情況也有所記載。1640年《巴達維亞城日記》即記有「商人白哥及甘培所派往淡水之帆船三艘，已於十月回來，運到粗製硫磺十萬斤。其中二萬斤為大塊而透明，其他為碎末，可精緻為大塊者。」由此可知此時臺灣北部的雞籠（基隆）、淡水雖仍在西班牙的控制之下，但荷蘭透過中國商人，仍可取得硫磺。由於硫磺係由淡水出港，可推測應為北投地區所生產，且從頗為殷切急迫的態度可看出荷蘭當時對硫磺的需求。<br>【引用自：陳柏淳，《臺灣秘境溫泉：跨越山林野溪、漫步古道小徑，45條泡湯路線完全探索》（臺北：城邦，2015），p.19】,teachers_book,大航海時代,經濟,"[硫磺, 火藥, 荷蘭人, 巴達維亞城日記, 淡水]",V.1/Ch.5/十六至十九世紀臺灣的經濟活動,硫磺,,,
276,一開始，臺灣只有零星的野牛族群棲息，分布於平原山丘之間。目前臺灣的牛隻品種，大多是在1624年之後，荷蘭人經由澎湖，引進的黃牛種族所滋生繁衍。在1764年的《臺灣府志》這本書中便記載：「荷蘭時，南北二路設牛頭司，放牧生息，千百成群。」也就是說，當時荷蘭人為了開闢西部平原，便在臺灣設立「牛頭司」這個工作職位，負責畜牧牛隻，作為墾地之用。從此之後，臺灣島上的水田、蔗園裡，被馴養的耕牛便成為不可或缺的勞動力。<br>【引用自：何敬堯，《妖怪臺灣：三百年島嶼奇幻誌・妖鬼神遊卷》（臺北：聯經，2017），pp.38～39】,teachers_book,大航海時代,經濟,"[牛隻, 荷蘭人, 牛頭司, 耕牛, 勞動力]",V.1/Ch.5/十六至十九世紀臺灣的經濟活動,臺灣牛的起源,,,
277,| | |<br>| :--- | :--- |<br>| **1644年** | 吳三桂引清兵入關後，明朝覆滅 |<br>| **1645年** | 鄭芝龍擁立唐王朱聿鍵在福州成立流亡政府 |<br>| **1646年** | 唐王在福建汀州被清兵俘虜遇難，鄭芝龍為了維護陸地上原先獲得的利益，選擇投降滿清，因而與原本以鄭氏為首的海上勢力產生裂痕 |<br>| **1647年** | 鄭芝龍將他的海商武力交給不願投降的兒子鄭成功，由鄭成功繼續航海貿易與抗清事業 |<br>【改寫自：李筱峰，《臺灣史100件大事（上）》（臺北：玉山社，1999），p.35】,teachers_book,明清,政治,"[鄭芝龍, 降清, 唐王, 鄭成功, 抗清]",V.1/Ch.5/十六至十九世紀臺灣的經濟活動,鄭芝龍降清經過,,,
278,一、進攻臺灣之因<br>鄭成功的部將們，多不贊成攻打臺灣，鄭成功力排眾議，他說：「我欲平克臺灣，以為根本之地，安頓將領家眷，然後東征西討，無內顧之憂，並可生聚教訓也。」終使眾將領不再反對。鄭成功攻打臺灣行前，發表以下文告：「本藩矢志恢復，切念中興。恐孤島（指廈門、金門）之難居，故冒波濤，欲闢不服之區（指的是臺灣），暫寄軍旅，養晦待時，非為貪戀海外，苟延安樂。」<br>二、後人的詮釋<br>關於鄭成功攻打臺灣一事，不同的政治立場，有著迥然不同的解讀。中共學者這樣說：「鬼子（指荷蘭人）滾蛋了，祖國的戰士們在延平郡王的率領和指揮下，解放了這塊美麗的土地，所有知道這件大事的臺灣各地人民，都在歡慶這次的勝利。」；但是荷蘭最後一任臺灣長官揆一，卻是如此看待：「漢人領袖向我方密告並指出，即使國姓爺不能攻占或保有臺灣，他帶來的船也會搶奪大量的糧食、牲畜……等，以維持軍需。所以漢人一直把東西帶出去，準備逃亡。」<br>【引用自：李筱峰，《臺灣史100件大事（上）》（臺北：玉山社，1999），pp.36～37】,teachers_book,鄭氏臺灣,政治,"[鄭成功, 根本之地, 揆一, 荷蘭人, 延平郡王]",V.1/Ch.5/十六至十九世紀臺灣的經濟活動,鄭成功進攻大員的原因及評價,,,
279,#### 圈地的限制<br>承天府為建都之地，文武各官及總鎮大小將領家眷，即暫住於此，可隨意選擇田地，依人數多寡圈地，創置莊屋，開闢耕植，均為世業，但以無主荒地為限，不可混圈原住民土地及百姓現耕田地<br>#### 墾地的稽察<br>文武各官開墾田地，必先行向鄭成功報明面積，百姓則須向承天府報明，方准開墾，如查明有報少而多墾者，將沒收田地，並從重究處<br>#### 林木陂池的保護<br>圈地及撥派汛地的山林陂池，應詳具報告，並自行照管維護，不可過度開發<br>【改寫自：郭廷以，《臺灣史事概說》（臺北：正中書局，2000），pp.73～74】,teachers_book,鄭氏臺灣,社會,"[拓墾, 圈地, 承天府, 荒地, 世業]",V.1/Ch.5/十六至十九世紀臺灣的經濟活動,鄭成功的拓墾原則,,,
280,鄭成功入臺不久，叛將黃梧向清廷獻上沿海五省劃界遷民之策，指出鄭成功之所以能夠抗拒清軍，是因為沿海人民提供物資接濟。若是能將山東、江蘇、浙江、福建、廣東等沿海居民全部內遷三十里，同時設下邊界嚴格管制，並且還要將沿海船隻全數燒毀，連一塊木板都不許下海，貨物不可越過邊界，違者殺無赦，如此經過半年之後，鄭氏將面臨後援不足，不攻自破。然而，這樣的大陸封鎖，首當其衝的卻是沿海居民，遷界令迫使他們拋棄家產故業，生活遭逢困頓，有人遠離故里，顛沛流離，有人則選擇「浮海而遁，去此（清）歸彼（鄭）」，投入鄭成功的旗下。,teachers_book,鄭氏臺灣,政治,"[遷界令, 黃梧, 清廷, 鄭成功, 大陸封鎖]",V.1/Ch.5/十六至十九世紀臺灣的經濟活動,清廷實施遷界令的原因及影響,,,
281,| | |<br>| :--- | :--- |<br>| **鄭成功** | **蓬勃發展** | 在杭州、廈門分設山、海五商，負責收購、運銷海外。由於主要貨源在敵控制區內，故講究隱密，並兼負情報蒐集任務，向來應付裕如 |<br>| **鄭經** | **受挫** | 長期負責山海五商工作的鄭泰死後，其弟、子降清，五商運作必然受到重大打擊，同時在清廷實施嚴厲的海禁政策後，沿海30里皆成廢墟。僅靠東寧一地，大概僅有鹿皮和糖勉強可作為外銷貨品，其利潤是不可能支付龐大開銷的 |<br>| | **貿易再興** | 1. 1666年，陳永華建議賄賂清朝守邊的官兵，進行走私偷運。此時江勝率眾數百人前來請降，鄭經於是派他們進駐廈門，江勝將藩府的偷運政策執行得有聲有色<br>2. 清朝的海防官兵，早就在金錢攻勢下睜一隻眼、閉一隻眼，甚至還有名為追趕、實是護送的。不用冒險深入敵區而貨物自至，於是海外貿易復盛 |<br>【改寫自：戴月芳，《再現臺灣：東寧風雲》（臺中：暢談國際文化，2009），pp.19～20】,teachers_book,鄭氏臺灣,經濟,"[鄭成功, 鄭經, 走私貿易, 山海五商, 陳永華]",V.1/Ch.5/十六至十九世紀臺灣的經濟活動,鄭成功與鄭經的走私貿易活動,,,
282,臺灣自荷蘭以來，即發揮了海洋文化的性格，知道與世界通商往來，鄭經時代更充分發揮這種海洋文化的商業性格。當時臺灣這種重商路線甚至讓臺灣社會沾染了追求物質享受的風氣。例如清初黃叔璥在《臺海使槎錄》記載：「……且洋販之利歸於臺灣，故尚奢侈，競綺麗，重珍旨，彼此相倣。」社會奢靡之風固然不可取，但也顯示出國際貿易暢旺的臺灣，自有其走入世界舞臺上發展的條件。學者黃富三曾評論：「鄭氏王朝秉承其家族之海上活動傳統與閩南地區的特性，來臺後並未改變荷蘭人的重商路線。此乃大量軍民突然入臺，經濟未崩潰，且以小國寡民能與大中國抗衡的奧祕所在。」<br>【引用自：李筱峰，《60分鐘快讀臺灣史》（臺北：玉山社，2002），p.27】,teachers_book,鄭氏臺灣,社會,"[重商, 海洋文化, 鄭經, 黃叔璥, 黃富三]",V.1/Ch.5/十六至十九世紀臺灣的經濟活動,17世紀臺灣的重商性格與其影響,,,
283,| | |<br>| :--- | :--- |<br>| **背景** | 鄭芝龍之發跡地為日本，而臺灣又與日本為鄰，因此基於人脈和地緣的關係，臺灣之鄭氏王國與日本的關係一直相當密切 |<br>| **貿易商品** | **輸出** | 銷往日本的貨物，主要是蔗糖和鹿皮，除此之外還有獐皮、米穀、絲織品和藥材等 |<br>| | **輸入** | 自日本輸入的貨物，主要是銅、鉛和武器等。臺灣自日本輸入的銅，一方面是用以轉販給其他亞洲國家以謀利，另一方面是用來鑄造錢幣和製造武器。由此可見當時臺灣由日本輸入的貨物，主要是軍用物資 |<br>| **貿易盛況** | **南洋** | 臺灣到南洋的商船以到呂宋的為最多，曾經出現一年有5艘或6艘之多，往南洋其他各地的每年或有1、2艘 |<br>| | **日本** | 整體而言，臺灣商船以到日本的為最多，在17世紀中葉以前，每年平均有大商船14～15艘到日本交易，其後因臺灣與清帝國戰爭的關係，出航日本的臺灣商船減少，但仍有8艘之多 |<br>【引用自：黃秀政、張勝彥、吳文星等，《臺灣史》（臺北：五南，2002），pp.67～68】,teachers_book,鄭氏臺灣,經濟,"[鄭氏, 日本, 貿易, 蔗糖, 鹿皮]",V.1/Ch.5/十六至十九世紀臺灣的經濟活動,鄭氏與日本的貿易關係,,,
284,1670年，英國東印度公司派遣克利斯布（Ellis Crisp）自蘇門答臘的班丹率船於6月到達臺灣，與臺灣當局洽談通商事宜。鄭、英成立協議，內容包括：<br>| | | |<br>| :--- | :--- | :--- |<br>| **英人要求** | **貿易自由** | 臺灣國王允許不阻撓掛有英國旗幟之船隻的海上航行，英人可在臺自由交易，英人可將在臺購得之鹿皮、蔗糖和一切臺灣土產裝運到日本、馬尼拉或其他地方。臺方應以時價出售貨物，英人可自由轉運或輸出白銀與黃金 |<br>| | **行動自由** | 互相保護對方人民之安全。英人可隨時接近臺灣王國之官員，可在臺灣自由旅行，可隨時撤銷其商館並運走一切財物離去，並可使用其標幟和國旗 |<br>| | **貿易優惠** | 英人可運銷各種貨品來臺，臺灣國王所購貨品及銷臺灣之食米全部免繳關稅，英方有必要時得提出其他要求 |<br>| **鄭氏要求** | **關稅** | 英人租用房屋需繳年租金五百比索（Peso），英方出售進口貨品須繳3%的海關稅，出口貨物免稅 |<br>| | **管制** | 英方船隻進入港口後，須將武器火藥交由臺灣當局保管至返航時刻 |<br>| | **軍事** | 英方須經常留一鐵匠替臺灣王國製造槍砲，英船來臺時每船必須載有火藥、火繩槍 |<br>| | **商品** | 英船來臺時每船必須載有黑胡椒、黑布、藍布、暗紫色布、大紅布、精良棉布、珊瑚、大小琥珀和大塊白檀布等貨品 |<br>1672年6月，英國東印度公司正式在安平設立商館，此外並進行商談簽訂正式通商條約事宜。是年10月正式簽訂通商條約，其內容與1670年所訂之協議內容大致相同，惟未將英方來臺船隻每船應載貨物品名加以列舉，而代之以英方同意每年將臺灣國王所需之貨物運到臺灣的條文。<br>【引用自：黃秀政、張勝彥、吳文星等，《臺灣史》（臺北：五南，2002），pp.65～67】,teachers_book,鄭氏臺灣,經濟,"[鄭英通商條約, 英國東印度公司, 貿易自由, 關稅, 商館]",V.1/Ch.5/十六至十九世紀臺灣的經濟活動,鄭英通商條約,,,
285,1654～1655年之間，鄭成功的海外貿易，在日本和東南亞各地都占有支配地位。鄭經時代，國際貿易更加發展，臺灣的糖都銷到英國去，英國在臺南還設有商務代辦。鄭經時代臺灣的國際貿易蓬勃發展，清初郁永河在《裨海紀遊》中指出：「凡中國各貨，海外皆仰資鄭氏，於是通洋之利，惟鄭氏操之，財團益饒。」<br>【引用自：李筱峰，《60分鐘快讀臺灣史》（臺北：玉山社，2002），pp.26～27】,teachers_book,鄭氏臺灣,經濟,"[鄭成功, 鄭經, 海外貿易, 國際貿易, 郁永河]",V.1/Ch.5/十六至十九世紀臺灣的經濟活動,鄭氏時期的貿易情形,,,
286,| | |<br>| :--- | :--- |<br>| **背景** | 18世紀初，中國大陸人口壓力增加，1705～1708年，臺灣連續三年歉收，官府乃鼓勵移民來臺拓墾。此外，臺灣南部地區人口漸多，可耕田地也漸少 |<br>| **名稱由來** | 1709年泉州人陳天章、陳逢春、賴永和、陳憲伯、戴天樞等人，為開墾臺北盆地所成立的合股團體，陳賴章為其名稱，並非人名 |<br>| **開墾地區** | 陳賴章墾號申請開墾臺灣北部的大佳臘地區，相當於今日的萬華、新莊、永和、中和、八里、關渡、新店、圓山一帶，面積廣達一百平方公里 |<br>| **影響** | 原以南臺灣為中心的泉州移民勢力深入北臺灣，是18世紀初臺灣最大規模的漢人開墾事件，但也導致日後北部地區的平埔族遷移、同化與滅絕 |,teachers_book,清治臺灣,社會,"[陳賴章墾號, 臺北盆地, 大佳臘, 開墾, 平埔族]",V.1/Ch.5/十六至十九世紀臺灣的經濟活動,陳賴章墾號的成立與影響,,,
287,指向官府申請許可，或承官府諭示發給墾照（又稱墾單、墾諭），再進行投資招佃開墾者。墾戶有獨資者，也有合夥者，多半為擁有巨資與武力的富豪，又稱墾首，在法律上取得業主的資格時稱業主、業戶。應墾戶之名，從事實際開墾工作者，稱為佃戶、佃人或墾佃，惟其常需「自備工（勞力）本（資本）」。換言之，開墾過程中常是墾佃合作，但真正讓荒土成良田者多為佃人之力。<br>【引用自：許雪姬總策劃，《臺灣歷史辭典》（臺北：文建會，2004），p.1260】,teachers_book,清治臺灣,社會,"[墾首制, 墾照, 墾戶, 佃戶, 業主]",V.1/Ch.5/十六至十九世紀臺灣的經濟活動,墾首制,,,
288,| | |<br>| :--- | :--- |<br>| **清廷規定** | 漢民不准私越番界濫墾，不得任意買賣原住民田地，也不准娶平埔族婦女，以免漢人利用平埔族女性的繼承權，進占土地 |<br>| **政策難以落實** | 1. 地權的糾紛常因漢人通事或官府的協調對原住民不利，甚至招致胥吏的需索<br>2. 歸化原住民須納社餉，在鹿場因漢民大量開發水田而萎縮後，社餉來源短缺，被迫私下出讓土地使用權給漢人，作為交換條件 |<br>| **優點** | 1. 藉漢佃交租，落實業主的地權，並防止其他漢民侵墾<br>2. 提供土地，交換漢人的投資工本與技術，分享農作成果 |<br>| **代價** | 1. 部落地權分割，普遍趨向私有化<br>2. 地權分割與私有化後，游耕狩獵的傳統無法維持，逐漸養成依賴租粟過活的習慣<br>3. 接受漢人一田二主的地權觀念，原住民業主只有收租權而無管理權，與土地的關係逐漸疏離<br>4. 由於地權為租單形式，可靈活典賣，有不少原住民業主將收租權抵押借資金後無法贖回，以致空有田業而無租可收 |<br>【改寫自：陳秋坤，《清代臺灣土著地權：官僚、漢佃與岸裡社人土地變遷（1700～1895）》（臺北：中央研究院近代史研究所，1997），pp.77～78】,teachers_book,清治臺灣,社會,"[番產漢佃, 地權, 一田二主, 原住民, 漢佃]",V.1/Ch.5/十六至十九世紀臺灣的經濟活動,番產漢佃,,,
289,「林成祖」是以福建漳浦林氏移民為主組成的墾號，最知名的墾首是林秀俊，他自小務農，1734年來到臺灣，憑藉家鄉朋友的資助，在大甲承租原住民的田地耕種，由於土地肥沃，一年可以兩熟，收入逐漸增加，家資日益富裕。1750年，林秀俊組織「林天成」墾號，到新莊平原開墾；又組織「林成祖」墾號開墾擺接平原。拓墾範圍遍及今日的板橋、中和、土城區。當時擺接平原屬於原住民擺接社所有，林秀俊的開墾遭到原住民強烈阻撓，後來，擺接社發生流行性傳染病，許多原住民染病身亡，林秀俊因略懂醫術，救了很多人，頭目非常感激，就把女兒許配給他。於是，林秀俊順利取得土地開墾權，夫婦合力經營，原住民也和漢人雜居通婚，漸漸接受漢人文化。<br>【引用自：林佩欣，《圖解臺灣史》（臺北：書泉，2011），p.46】,teachers_book,清治臺灣,社會,"[林成祖, 林秀俊, 墾號, 擺接平原, 擺接社]",V.1/Ch.5/十六至十九世紀臺灣的經濟活動,臺北林成祖墾號,,,
290,| | |<br>| :--- | :--- |<br>| **進墾** | 吳沙把開拓隊組成軍隊式的集團，以漳州移民為主力，在1796年率移民在烏石港南邊築土圍，稱頭圍（即頭城） |<br>| **噶瑪蘭族抵抗入侵** | 原住民發現吳沙的侵略意圖，立即由觀望態度轉為大舉襲擊。吳沙也動員千餘人應戰，吳沙之弟吳立在一次拚殺中戰死 |<br>| **醫療示好** | 原住民村落流行天花，不少人病死。吳沙主動醫治，改善與原住民之間的關係 |<br>| **武裝開墾** | 吳沙趁機開拓土地，並組織墾民，以十數人為一結、數十結為一圍的形式，形成有系統的開墾組織。在不到一年的時間，墾地幾十里，接連開發了二圍、三圍 |<br>【引用自：臺灣海外網，「吳沙開發宜蘭平原」，http://www.taiwanus.net/history/3/54.htm】,teachers_book,清治臺灣,社會,"[吳沙, 蛤仔難, 噶瑪蘭族, 頭圍, 武裝開墾]",V.1/Ch.5/十六至十九世紀臺灣的經濟活動,吳沙拓墾蛤仔難地區,,,
291,清朝為防範漢人侵入原住民生活領域，或犯人逃匿山中，實施了漢、原隔離的政策，禁止漢人進入原住民地域。能進入原住民地域者，除政府特許入山取木的軍工匠人外，只有擔任內山防務的平埔族了。漢人為了要入山，一方面以布、酒、鐵器、火藥等物品與原住民進行邊境貿易，一方面也誘使原住民以防務繁忙、無力耕作為理由，招攬漢人入山勞作，以此蒙混，砍伐樟樹，熬製樟腦。<br>此外，擅長於丘陵地區開墾的客家移民，也在官方的許可下，藉守衛番界的名義，以武裝隘墾的形式，跨越界線，進行大規模且集團性的拓殖開發。這使得客家族群的生活空間與這片丘陵地區結合得更緊密，也使沿山地帶興起許多新市鎮，讓臺灣的市鎮行列，從平原逐步邁向丘陵、山區。<br>【引用自：石文誠、陳怡宏、蔡承豪、謝仕淵等，《簡明臺灣圖史：從區域地理環境的角度看臺灣史》（臺北：如果，2010），pp.64～65】,teachers_book,清治臺灣,社會,"[封山, 隘墾制, 漢原隔離, 客家移民, 樟腦]",V.1/Ch.5/十六至十九世紀臺灣的經濟活動,清朝的封山與隘墾制,,,
292,"1831年，淡水同知李嗣鄴為了強化防番並增闢耕地，他諭令從事防番開墾工作多年的姜秀鑾，與新竹的閩籍墾戶周邦正共同開墾新竹東南地區的北埔、峨眉、寶山一帶。對姜秀鑾來說，除了要面對剽悍的泰雅族人和賽夏族人之外，還得與閩南人合作，這對常常發生械鬥流血衝突的閩、客兩籍移民來說，是一項艱鉅的考驗。為了使開墾荒地更為順利，經過一番協商之後，廣東籍的姜秀鑾與福建籍的周邦正兩人，各出資12,600兩銀元，加上李嗣鄴提供官銀1,000銀元，共組「金廣福」墾號，開墾新竹東南部。「廣」意指廣東的客家人，「福」則是福建的福佬人，而「金」則是因當時商人喜歡以「金」字冠號，代表開墾順利，取個好彩頭的意思。隨著開墾面積的擴大，姜秀鑾與周邦正以北埔作為「金廣福墾號」據點，建築「金廣福公館」，辦理竹塹東南山區墾隘業務。<br>【引用自：林佩欣，《圖解臺灣史》（臺北：書泉，2011），p.52】",teachers_book,清治臺灣,社會,"[金廣福墾號, 姜秀鑾, 周邦正, 閩客合作, 北埔]",V.1/Ch.5/十六至十九世紀臺灣的經濟活動,金廣福墾號的成立,,,
293,| | |<br>| :--- | :--- |<br>| **背景** | 清雍正2年起，漢人移民除向官府申請土地開墾權外，亦可向原住民承墾土地 |<br>| **漢人開墾模式** | 1. 自行開墾：原住民即為大租戶，實際開墾的漢人是小租戶<br>2. 另找人開墾：與原住民簽約的漢人為大租戶，實際開墾者是小租戶 |<br>| **稅金繳納** | 原住民所獲得的租金稱為番大租。稅務的部分，身為大租戶的原住民，並不須親自繳納土地稅予官府，而是由承墾的漢人移民代為繳納 |<br>【改寫自：吳聰敏主持，行政院國家科學委員會補助專題研究計畫成果報告「大租權制度之經濟分析」（臺北：國立臺灣大學經濟學系暨研究所，2005），pp.304～307】,teachers_book,清治臺灣,經濟,"[番大租, 大租戶, 小租戶, 承墾, 土地稅]",V.1/Ch.5/十六至十九世紀臺灣的經濟活動,番大租,,,
294,| 名稱由來 | 地名 |<br>| :--- | :--- |<br>| 平埔族社名 | 宜蘭的加禮宛、苗栗的通霄、臺中的沙鹿、雲林的斗六 |<br>| 「番」字 | 嘉義的番路 |<br>| 合作開墾 | 臺南的七股、苗栗的頭份、宜蘭的五結、苗栗的公館（業主辦公處） |<br>| 戶數 | 桃園的八德（原稱八塊厝） |<br>| 防禦措施 | 臺北的木柵、土城、宜蘭的壯圍、各地的竹圍、屏東的車城 |<br>| 原漢界址 | 臺北的石牌 |<br>| 農地面積 | 臺南的六甲、臺北的六張犁、七張（犁） |<br>| 原鄉地名 | 彰化伸港泉州厝、屏東潮州 |<br>| 祈求興旺 | 桃園蘆竹的廣興村 |<br>| 血緣關係 | 桃園平鎮的宋屋、彰化福興的粘厝 |,teachers_book,清治臺灣,文化,"[地名, 平埔族, 合作開墾, 防禦措施, 原鄉]",V.1/Ch.5/十六至十九世紀臺灣的經濟活動,臺灣地名的由來,,,
295,學者估算，清治前期臺灣蔗、稻作每甲之年均收益：水稻在康熙年間為66～71.5兩，雍正至乾隆年間提升為90兩；蔗作之平均收益維持在62～68兩。水田因生產力高而且穩定，買賣價格遠高於旱田；而擁有收租權的大租主，每甲水田所收取的大租也是旱田的兩倍。因此，不管大、小租戶或現耕佃農，無不在高利潤的誘引下，以開成水田、種植水稻作為土地經營之優先考量。學者黃富三指出，康熙年間歷時十年在今彰化地區完成八堡圳的施世榜，是臺灣興建大規模水利工程的前鋒，也是水田化運動的先驅。<br>【引用自：「水田化運動」，臺灣大百科全書，http://nrch.culture.tw/twpedia.aspx?id=3600】,teachers_book,清治臺灣,經濟,"[水田化運動, 水稻, 八堡圳, 施世榜, 大租主]",V.1/Ch.5/十六至十九世紀臺灣的經濟活動,清治時期的水田化運動,,,
296,| | |<br>| :--- | :--- |<br>| **名稱由來** | 八堡圳灌溉區域包括當時彰化縣十三個堡中的八個而得名 |<br>| **興建者** | 由施世榜出資興建，從1709年起花費十年、近百萬兩銀開鑿完成，又名施厝圳 |<br>| **施工過程** | 相傳施世榜開鑿八堡圳時，無法順利導引溪水入埤圳；此時有位自稱姓林的老叟出現，授與水利圖說，重新以「堰堤土工法」開鑿施工，採人工方式攔堵水流及變更水道，終於大功告成。八堡圳開通後，老叟卻不知去向。鄉民感念其恩澤，因此在圳頭附近建有「林先生廟」 |<br>【改寫自：駱芬美，《被誤解的臺灣史，1553-1860之史實未必是事實》（臺北：時報，2013年），pp.206～207】,teachers_book,清治臺灣,經濟,"[八堡圳, 施世榜, 施厝圳, 林先生廟, 水利]",V.1/Ch.5/十六至十九世紀臺灣的經濟活動,八堡圳的興建,,,
297,潘敦仔從雍正元年起，陸續與漢人通事張達京及其所代表的六館業戶「割地換水」，把水田耕作技術引進岸裡社，按照每個社的人口平均分配田地，使岸裡社土地私有化，也讓岸裡社的生活型態從傳統打獵、游耕改變成定居、農耕，另將部分土地招徠漢業（佃）戶開墾。<br>【引用自：「潘敦仔」，臺灣大百科全書，http://nrch.culture.tw/twpedia.aspx?id=11164】,teachers_book,清治臺灣,社會,"[潘敦仔, 岸裡社, 割地換水, 張達京, 土地私有化]",V.1/Ch.5/十六至十九世紀臺灣的經濟活動,潘敦仔對岸裡社的貢獻,,,
298,「割地換水」為岸裡社原住民與六館業戶的特殊土地開墾模式：岸裡社的土地，因需大規模水圳才能灌溉開發，故提供土地給漢人興築水利設施，以此換取部分的水圳使用權，以及每年定額的租穀；漢人取得土地後，可招墾佃開墾，並收取租穀。<br>【改寫自：陳秋坤，《清代臺灣土著地權——官僚、漢佃與岸裡社人的土地變遷，1700～1895》（臺北：中央研究院近代史研究所，1997），pp.36～52】,teachers_book,清治臺灣,經濟,"[割地換水, 岸裡社, 六館業戶, 水圳, 土地開墾]",V.1/Ch.5/十六至十九世紀臺灣的經濟活動,割地換水,,,
299,為順利開鑿水圳，郭錫瑠曾娶原住民女性為妻，名為潘氏白番。過往之研究，多認為其為泰雅族婦女。但泰雅族有著「仇敵不婚」的傳統觀念，與漢人結婚之女性會被視為不祥之人，並被禁止回到社內，故郭錫瑠娶泰雅族女性為妻，並無法緩和其與原住民族間的緊張關係；另外，如就該女性的姓名、地緣關係來看，她應是秀朗社的原住民，故其妻應為平埔族，而非以往所認知的泰雅族。<br>【改寫自：李宗信，《瑠公大圳》（臺北：玉山社，2014），p.25】,teachers_book,清治臺灣,社會,"[郭錫瑠, 水圳, 潘氏白番, 秀朗社, 平埔族]",V.1/Ch.5/十六至十九世紀臺灣的經濟活動,娶平埔族女性為妻的郭錫瑠,,,
300,| | |<br>| :--- | :--- |<br>| **背景** | 為有效管理海運，另求臺海兩岸的商貿與交通發展 |<br>| **過程** | 運用特許航線制度，開放數個港口，稱為「正口」<br>1. 1783年前，僅開放福建廈門、臺灣鹿耳門對渡<br>2. 1784年，開放鹿港、蚶江對渡<br>3. 1788年，開放淡水八里坌與福州五虎門對渡<br>4. 1810年，取消對渡，下令臺閩六處港口皆可自由通航<br>5. 1826年，增設雲林五條港（海豐港）與宜蘭烏石港為正口<br>6. 1843年，臺灣各港與寧波、乍浦對渡 |<br>| **意義** | 臺灣在清末開港通商前，除偷渡走私外，即依各個正口與福建進行兩岸貿易，各港市也因正口地位而使其更加繁榮 |,teachers_book,清治臺灣,經濟,"[對渡, 正口, 鹿耳門, 鹿港, 八里坌]",V.1/Ch.5/十六至十九世紀臺灣的經濟活動,對渡口岸的形成,,,
301,| | |<br>| :--- | :--- |<br>| **荷蘭據臺** | 地圖上已有紀錄，顯示當時已有船隻由此進出 |<br>| **17～19世紀初** | 1661年，鄭成功利用鹿耳門水道進入臺江。不久，鹿耳門港道因受潮流疏通而利於船隻通行，加上大員港受漂沙淤塞的影響，使鹿耳門港變成入臺第一港道。從此，府城的軍事、經濟、政治、交通都以此為屏障 |<br>| **道光以後** | 1823年曾文溪洪水氾濫，臺江內海因泥沙淤積而形成陸地，鹿耳門失去了港灣的機能。臺南也因缺乏重要屏障的依靠，而逐漸失去臺灣首邑的地位 |<br>【改寫自：周宗賢，《淡水：輝煌的歲月》（臺北：臺灣商務，2007），pp.353～354】,teachers_book,清治臺灣,經濟,"[鹿耳門, 臺江, 鄭成功, 港道, 曾文溪]",V.1/Ch.5/十六至十九世紀臺灣的經濟活動,鹿耳門地理位置的重要性,,,
302,府城三郊最早出現者為北郊、其次為南郊，最後是糖郊，根據考證，三郊形成的年代約是介於1760～1780之間。臺南三郊的出現，代表了康熙時期至乾隆中晚期臺灣南部商業的成熟，以府城為中心的商業街市，在清治初期的百年間急速成長。由原本外來商舶向本地商人收購貨物的貿易模式，轉為臺屬船戶能獨立經營越洋貿易。因此早在1784年鹿港開港以前，府城已是各郊林立的局面，成為當時臺灣最大的商業城市，其中，北、南、糖三郊最為重要，成為府城三郊。<br>【引用自：黃懷賢，臺灣傳統商業團體臺南三郊的轉變（1760-1940），國立政治大學臺史所碩士論文，p.23】,teachers_book,清治臺灣,經濟,"[府城三郊, 北郊, 南郊, 糖郊, 商業城市]",V.1/Ch.5/十六至十九世紀臺灣的經濟活動,府城三郊的形成,,,
303,「郊」是臺灣與中國大陸兩地進出口貿易商人或是同業商人所形成的商業組織。清代臺灣的「郊」至少可以分成三種：<br>| | |<br>| :--- | :--- |<br>| **往同一地區貿易** | 「北郊」、「南郊」、「泉郊」、「廈郊」 |<br>| **指稱某地區** | 「塹郊」 |<br>| **指同業商人** | 「藥郊」、「油郊」、「布郊」、「糖郊」、「茶郊」 |<br>「郊」的成員稱「郊商」或「郊鋪」。「郊商」是自中國大陸、臺灣沿岸各港來的船戶、水客以及行鋪取得進口商品，又包買地區性物產出口的進出口貿易商人。他們通常在港口市街上設置店鋪，規模大者或兼營水客，或僱傭船隻，甚至於自置船隻，出海貿易，一般稱為「船頭行」；規模小者則僅接受來港船戶或水客的委託販賣商品，或是代為收買土產，收取2%的傭金，即一般所謂的「九八行」。<br>「郊」大都集中在沿海或內河的港口市街；郊數的多寡，反映市街集散市場的大小。<br>【引用自：許雪姬總策劃，《臺灣歷史辭典》（臺北：文建會，2004），p.327】,teachers_book,清治臺灣,經濟,"[郊, 郊商, 商業組織, 北郊, 糖郊]",V.1/Ch.5/十六至十九世紀臺灣的經濟活動,郊的形成與分類,,,
304,1741年府城的進出口商人首先於水仙宮建三益堂，以利聯絡會商。其後為降低運費，維護航行安全，逐漸形成以大商號為中心，專事聚貨分售的貿易集團，即行郊。乾隆年間，府城最先出現北郊，專營對長江以北各港口的貿易。其後，臺灣各大港方才陸續成立行郊。<br>【引用自：林玉茹，《清代臺灣港口的空間結構》（臺北：知書房，1996），p.88】,teachers_book,清治臺灣,經濟,"[府城, 北郊, 行郊, 水仙宮, 貿易集團]",V.1/Ch.5/十六至十九世紀臺灣的經濟活動,府城北郊的形成,,,
305,| | |<br>| :--- | :--- |<br>| **一府** | 清治初期，實施臺灣鹿耳門與福建廈門對渡的港口管理政策，鹿耳門成為對外貿易的唯一正口 |<br>| **二鹿** | 即彰化鹿港，1784年清朝政府開放「福建泉州府晉江縣所屬蚶江口」與「彰化縣鹿仔港」來往通商。此後行郊雲集、商務發達，成為中部第一大港 |<br>| **三艋舺** | 1788年，清廷開放八里坌為正口，與福建五虎門對渡。位於淡水河、新店溪匯流處的艋舺逐漸興起，嘉慶中葉後，逐漸成為北臺政治、經濟、軍事重心 |<br>| **意義** | 反映臺灣由南向北的開墾史，以及各城仰賴海洋貿易的情況 |,teachers_book,清治臺灣,經濟,"[一府二鹿三艋舺, 鹿耳門, 鹿港, 艋舺, 對渡]",V.1/Ch.5/十六至十九世紀臺灣的經濟活動,「一府二鹿三艋舺」的形成與意義,,,
306,清代臺灣的商鋪依經營方式和營業規模，可分成三種：<br>#### 郊行<br>1. 為進出口貿易商與大盤商<br>2. 自大陸、臺灣沿岸各港口進口以及收購鄰近地區的物產<br>#### 割店<br>1. 是中盤批發商，又稱武市，是指經營商品批發的店鋪<br>2. 主要分布於港口市街與大型鄉街中。部分港口市鎮的割店通常由郊鋪兼營，而在大型鄉街的割店則通常是中盤批發商，兼營批發和零售<br>#### 文市<br>1. 即零售商，又稱門市或下手<br>2. 遍布於城市、鄉街以及村莊，向郊行、割店以及販仔購入商品，以零售的方式銷售<br>【整理自：林玉茹，《清代竹塹地區的在地商人及其活動網絡》（臺北：聯經，2000），pp.126、131、135】,teachers_book,清治臺灣,經濟,"[商鋪, 郊行, 割店, 文市, 批發商]",V.1/Ch.5/十六至十九世紀臺灣的經濟活動,清代臺灣商鋪的分類,,,
307,鴉片戰爭戰敗之後的清帝國，並沒有從國際交涉中了解國際外交知識，結果又讓英國、法國逮到機會，引發了1858年及1860年的兩次英法聯軍之役，先後訂下了《天津條約》和《北京條約》。與北京訂約的國家包括英、法、美、俄。英、美、俄三國均提及臺灣通商，法國的《天津條約》則正式列入臺灣（指的是安平）、淡水通商條約。有了國際條約的規定，清廷終於被動在臺灣正式開港。閉關自守的清國，視開港如割肉，當然不願多開港口，法國一位駐福州的稅務司 De Meritensm 於是作了彈性解釋，他說港口分成「正口」和「子口」，合起來只有一港。淡水為正口，雞籠（基隆）是淡水的子口；安平為正口，打狗（高雄）為安平的子口，合起來只有兩個港，沒有多開。如此彈性解釋，使得原來二港實際上變成四港。<br>【引用自：李筱峰，《臺灣史100件大事（上）》（臺北：玉山社，1999），pp.77～78】,teachers_book,清治臺灣,政治,"[天津條約, 開港通商, 英法聯軍, 淡水, 安平]",V.1/Ch.5/十六至十九世紀臺灣的經濟活動,《天津條約》與臺灣開港通商,,,
308,| | |<br>| :--- | :--- |<br>| **原居者** | 沿岸地方原為平埔族馬卡道族打狗社的所在地 |<br>| **明末以後** | 有來自中國的漢人來此地居住 |<br>| **清領以後雍正九年** | 開為島內貿易港，此時北方有安平港，且鳳山尚未為縣治，此港未充分發展，「無大商船停泊，惟臺屬小商船往來貿易」。然而臺江的壅塞及鳳山地方的開發，促使此港的殷賑 |<br>| **開港通商** | 1858年簽訂《天津條約》，1862年開放此港為安平港的附設港以後，其交通範圍遽然擴大，歐美商船停泊者漸多，「華洋雜處，商賈雲集」 |<br>| **日治時期** | 從1904年起實施浚挖及填拓工程。1920年，以近音日語雅字改稱「高雄」。後曾計劃建設人口百萬的大都市，以為日本的南進基地。戰後將楠梓、左營、小港併入，而成今大高雄市 |<br>【引用自：張德水，《臺灣種族地名政治沿革》（臺北：前衛，1996），pp.144～146】,teachers_book,清治臺灣,社會,"[打狗, 高雄, 馬卡道族, 開港通商, 天津條約]",V.1/Ch.5/十六至十九世紀臺灣的經濟活動,從打狗到高雄,,,
309,1858年，臺灣先後開放淡水、雞籠、安平及打狗為對外通商港口，並於1862年正式於滬尾設海關正口，次年以雞籠為外口。1864年又設立打狗海關，1865年安平海關亦告成立，而附屬於打狗海關；惟因安平為正口，因而海關正式名稱為臺灣關。換言之，清末臺灣有四個海關，名義上滬尾和雞籠合稱淡水關，打狗和安平合稱臺灣關。<br>海關設置地點的選擇，為求船隻進出口量最大，商業交易最活絡，以利徵稅與管理，乃以當時臺灣港口條件為最佳、適合船隻停泊的通商港口為主。而且，有海關設置的港口，由於通行洋船，並進行國際貿易，故港口規模較大，等級也較高。<br>【引用自：林玉茹，《清代臺灣港口的空間結構》（臺北：知書房，1996），p.108】,teachers_book,清治臺灣,經濟,"[海關, 通商港口, 淡水關, 臺灣關, 滬尾]",V.1/Ch.5/十六至十九世紀臺灣的經濟活動,海關的設置,,,
310,臺灣對外貿易發達，除了適合對外貿易的環境外，與大陸之間高度區域分工更是關鍵（大陸→臺灣：日常用品、手工業製品；臺灣→大陸：農產品）。而透過茶、糖、樟腦的產銷分析，可以發現1860～1895年間臺灣社會在西方經濟力量滲入以後所發生的變遷：<br>| | |<br>| :--- | :--- |<br>| **茶** | 中國大陸茶出口地位的沒落是臺灣、日本及印度錫蘭茶競爭的結果。若以1871年（同治10年）為基期，1896年（光緒22年）的臺茶出口比1871年增加12倍，日本茶增加2倍，印度、錫蘭茶增加13倍。初期是因臺茶的價格較為低廉，後來則因臺茶品質改善，加上美國市場偏好臺茶之特殊風味，故臺茶出口地位日趨重要，以烏龍茶為大宗 |<br>| **糖** | 開港前，主要出口地是中國大陸。開港後，外銷市場擴大至澳洲、西歐、日本、北美等地 |<br>| **樟腦** | 1860～1895年間臺灣的樟腦市場，雖仍包括開港以前原有的中國大陸市場，但以歐、美、印度為主。運往中國大陸的臺灣樟腦，多由廈門轉口，運往歐、美、印度者，則由香港轉口。香港轉口數量為臺灣出口總量之93.37%，廈門則占6.63% |<br>【引用自：林滿紅，《茶、糖、樟腦業與臺灣之社會經濟變遷》（臺北：聯經，1997），pp.19、21、23、37】,teachers_book,清治臺灣,經濟,"[茶, 糖, 樟腦, 對外貿易, 區域分工]",V.1/Ch.5/十六至十九世紀臺灣的經濟活動,茶、糖、樟腦的產銷分析,,,
311,"陶德為英國蘇格蘭人，1860年首度訪臺；1864年再度來臺，創「寶順洋行」。1866年，由福建安溪引進茶苗；1867年試銷臺茶（老茶種）到澳門，受到市場歡迎。同年在艋舺設茶工廠，為臺灣精緻茶之濫觴。1866年聘李春生為買辦，1867年透過李春生在艋舺租得一屋準備作為洋行行館，但一直遭官方、角頭刁難，1868年發生該行二位洋員被暴民攻擊、受重傷事件而作罷；同年將臺茶直接運到美國檢驗並試銷。1869年乃設寶順於大稻埕，仍保留淡水、基隆行館，另在廈門、上海也設有分行；同年用兩艘可能租自怡和洋行的大型帆船，運載20萬3,000磅的精緻茶（安溪新茶種）試銷紐約，品質極佳，備受歡迎，遂引起其他洋行、臺人競相投入，開啟大稻埕的茶香歲月，造就李春生等買辦與媽振館（商館）的興起，也使大稻埕成了洋行集中地，臺茶成了外銷大宗。<br>【引用自：（英）約翰·陶德原著，陳政三譯著，《泡茶走西仔反：清法戰爭臺灣外記》（臺北：臺灣書房，22007），p.1】",teachers_book,清治臺灣,經濟,"[陶德, 寶順洋行, 李春生, 大稻埕, 臺茶]",V.1/Ch.5/十六至十九世紀臺灣的經濟活動,陶德與大稻埕茶業,,,
312,| | |<br>| :--- | :--- |<br>| **背景** | 歐洲海權國家到亞洲殖民，因蒸汽機的發明改為蒸汽動力的輪船。自歐洲經印度洋再向東一直到日本九州或山東並無產煤港口，缺乏添加動力源的煤水，大大減低了航行的能力 |<br>| **英美探查** | 1848年英國海軍少校戈敦、1854年美國海軍艦隊司令培理均曾前來雞籠，派人登陸探查煤礦開採情形，並採購大量的煤樣回國化驗，提出詳細的調查報告。戈敦少校的報告在英國大放異彩，培理的海外遊記，也讓美國人提議購買雞籠作為美國的亞洲基地 |<br>【改寫自：林再生，《基隆煤礦史》（基隆：基隆市政府，1999），p.6】,teachers_book,清治臺灣,經濟,"[雞籠, 煤礦, 蒸汽機, 培理, 戈敦]",V.1/Ch.5/十六至十九世紀臺灣的經濟活動,英美各國覬覦雞籠煤礦,,,
313,| | |<br>| :--- | :--- |<br>| **1845年** | 創立於廈門，是19世紀英國對華貿易的大商行之一，主要從事貿易、保險、金融等業務 |<br>| **1867年** | 至安平租屋營業，隨後在英國駐安平領事館（今臺南西門國小）北側海灘地，興建洋房、倉庫，作為在臺貿易的第一個據點，為安平五大洋行之一，以從事砂糖、樟腦的輸出及鴉片的輸入為主 |<br>| **1870～1880年代** | 由於臺灣北部茶葉貿易逐漸興起，吸引了許多外商趕赴臺北設行，德記洋行亦在大稻埕設立據點，這段時間可說是德記洋行在臺灣的鼎盛期 |<br>【改寫自：吳密察監修，《臺灣史小事典》（臺北：遠流，2000），pp.76～77】,teachers_book,清治臺灣,經濟,"[德記洋行, 安平, 大稻埕, 砂糖, 樟腦]",V.1/Ch.5/十六至十九世紀臺灣的經濟活動,德記洋行在清代臺灣的發展,,,
314,根據研究指出，早在荷治時期即有硫磺貿易，其作為火藥的來源，是當時臺灣出口的重要商品之一。清朝治臺之後，臺灣由東亞貿易圈的轉口港，轉變為中國的內港，直到開港之後，才重回國際貿易的行列。在此期間，清廷因消極治臺方針（認為硫磺會成為反清勢力的武裝來源），對硫磺貿易採取封禁政策，至開港後才逐漸放寬，1887年正式開放民營。清廷開放臺灣採硫，實與清末開始追求現代化與發展富國強兵的政策有關：臺灣當時面臨新政經費不足的窘境，為此，沈葆楨指出，若採取先開採煤礦，獲利後再轉向開採硫磺的方式，就能增加地方財源，且劉銘傳也上奏請求開放硫磺開採、外銷，以獲取商業利益。至此，硫磺從原本具有對帝國有潛在危險的屬性，在清末臺灣反而成為支持財政的商品。簡言之，透過硫磺貿易的發展，主要可以看到臺灣近四百年出口貿易商品的變化歷程（經濟利益出口→政治考量封禁→經濟利益出口）與象徵的意義。<br>【參考自：吳奇娜，〈17～19世紀北臺灣硫磺貿易政策轉變之研究〉，國立成功大學歷史所碩士論文，1999年】,teachers_book,清治臺灣,經濟,"[硫磺貿易, 封禁政策, 沈葆楨, 劉銘傳, 富國強兵]",V.1/Ch.5/十六至十九世紀臺灣的經濟活動,清代的硫磺貿易,,,
315,| | |<br>| :--- | :--- |<br>| **創造就業、扶養人口** | 1. 茶、糖、樟腦的生產提供了許多就業機會，尤其在開港之後，茶的地位日趨重要，且由僅知粗製轉而有再製，更創造了許多就業機會（挑夫、船夫、或牛車夫以及造船的人）<br>2. 以茶業的扶養人口最多；樟腦業除客家、平埔族之外，也吸收了許多無業遊民，亦有緩和人口壓力的作用 |<br>| **賺取外匯、刺激進口、增加稅收** | 茶、糖、樟腦的出口是造成此時期臺灣出超的主要因素，以1889年為例，田賦占臺灣總稅收比例僅12%，貿易稅則占59%，為最主要歲入來源；但出口賺取的外匯，卻因換取大量的鴉片，因此限制其推動臺灣經濟發展的力量 |<br>| **邊區開發、原住民的東移問題** | 茶和樟腦主要產於山區，又不與米、糖爭地，充分運用臺灣邊區土地，但也侵犯了原住民原有的生活領域 |<br>| **城鎮之繁興** | 因茶、樟腦而興起的山區城鎮，有大稻埕、大嵙崁、三角湧、鹹菜甕、樹杞林、貓里、八份、南庄、三義河、東勢角、集集、林圯埔等 |<br>【引用自：林滿紅，《茶、糖、樟腦業與臺灣之社會經濟變遷（1860～1895）》（臺北：聯經，1997），pp.149、153、159、167、170、171】,teachers_book,清治臺灣,社會,"[開港通商, 茶, 糖, 樟腦, 邊區開發]",V.1/Ch.5/十六至十九世紀臺灣的經濟活動,開港通商對臺灣社會的影響,,,
316,| | |<br>| :--- | :--- |<br>| **1860年以前** | 臺灣以栽種於平原的米、糖生產為主，山區僅能種植經濟價值不高的蕃薯、藍靛等，而適合米、糖種植之平原主要分布於南部，北部除臺北、新竹、宜蘭部分地區可種植稻米外，均為山區，故缺乏大幅拓展市場經濟之憑藉 |<br>| **1860年以後** | 山區因可種植或採伐經濟價值極高的茶、樟樹而興起，其中，又以北部山區的發展最為顯著。臺灣邊區自此被納入市場經濟的範疇 |<br>【改寫自：林滿紅，《茶、糖、樟腦業與臺灣社會經濟變遷(1860-1895)》（臺北：聯經，1997），pp.193～194】,teachers_book,清治臺灣,經濟,"[經濟作物, 米, 糖, 茶, 樟樹]",V.1/Ch.5/十六至十九世紀臺灣的經濟活動,清治時期臺灣重要經濟作物的轉變,,,
317,#### 生產地<br>1. 茶：北部為主，以深坑、石碇為最多，其次為桃園、新竹地區，苗栗以南、三貂嶺以東則漸少<br>2. 糖：中南部為主，17～18世紀，臺灣的糖產地以臺南平原為主，1860年（咸豐10年）以後打狗產區產糖量則多於臺灣府產區<br>3. 樟腦：中北部為主，1863年（同治2年）以大嵙崁溪、大甲溪、鳳山溪、後龍溪流域之內山為主要產地；1872年（同治11年）以後，因外人至大嵙崁、三角湧、鹹菜甕一帶大量採買樟腦，三地轉為全臺最主要的樟腦集散中心<br>【引用自：林滿紅，《茶、糖、樟腦業與臺灣之社會經濟變遷》（臺北：聯經，1997），pp.60～61、64】,teachers_book,清治臺灣,經濟,"[茶, 糖, 樟腦, 產地, 大嵙崁]",V.1/Ch.5/十六至十九世紀臺灣的經濟活動,茶、糖、樟腦的產地,,,
318,| | |<br>| :--- | :--- |<br>| **時間** | 1860年至1895年這段期間，1880年代尤為轉捩點 |<br>| **背景** | 1. 糖業產區開發已久，地力漸失，報酬遞減的現象較為明顯，利潤頗為微薄<br>2. 國際市場對茶、樟腦商品需求激增，而茶與樟腦的市場競爭小，價格可隨市場需要而上揚，這些商品多產於北部，使北部商業更盛、人口漸增 |<br>| **加速北移** | 1. 1881年後，北部貿易額已超越南部且加大差距，成為1887年劉銘傳將政治中心北移（巡撫衙門設於臺北）的重要因素<br>2. 1886年劉銘傳為籌措建省經費，加課百貨釐金，並進行土地清丈，使糖業深受打擊<br>3. 劉銘傳撫臺期間所從事的近代化措施（鐵路、架設電報、開礦等）多在北部 |<br>【整理自：林滿紅，《茶、糖、樟腦業與臺灣之社會經濟變遷（1860～1895）》（臺北：聯經，1997），pp.185～187】,teachers_book,清治臺灣,政治,"[重心北移, 劉銘傳, 糖業, 茶, 樟腦]",V.1/Ch.5/十六至十九世紀臺灣的經濟活動,臺灣政治與經濟重心北移,,,
319,臺灣開港後，隨著海關稅務司與外國領事館的設立，外國商業資本紛紛湧入，在各通商口岸設立洋行，至1895年臺灣割讓前，各國在臺灣開設的洋行共有數十家，其中以英國商人的勢力最大。外商洋行除了擁有雄厚的資金，先進的交通、通訊工具和管理嚴密的商業組織外，更重要的是擁有自清政府手中奪取的種種特權，他們利用具有仲介機能的買辦，對生產者進行貸款、預購，控制貨源，進而控制整個出口貿易，部分豪紳或買辦憑藉其私人武力或靈活的商業手腕，獨立經營，因而累積龐大的財富。豪紳如北部板橋林家經營茶業、中部霧峰林家經營樟腦業等，買辦如大稻埕李春生經營茶業、南部陳福謙經營糖業等，均成為社會的新貴，望重一方。<br>【引用自：黃秀政、張勝彥、吳文星，《臺灣史》（臺北：五南，2002），pp.125～126】,teachers_book,清治臺灣,社會,"[買辦, 洋行, 李春生, 陳福謙, 板橋林家]",V.1/Ch.5/十六至十九世紀臺灣的經濟活動,買辦階級的形成,,,
320,早在1870年，英國便曾因設立領事館經費浩繁，欲裁汰在臺灣的領事館，或改由商人代辦。當時的臺灣地方官員便直接指出，臺灣的外商是屬於「貲本無多」的小洋行，因此需要與華商「合夥」，或受雇於華商。這反映了一個事實：有些華商名義上是外商的買辦，實質上卻是「合夥人」的角色。在臺灣南部，糖的交易主控權不是在外商，而是在買辦手中。外商只能透過買辦購買糖貨，連安排船隻出口的事宜也必須與其協商。這情況並不是南臺灣獨有，以上海來說，小洋行雖然正式聘用華商為買辦，就字面上的意義來看，洋行是雇主，買辦是受僱者。然而實際上無論是採購本土貨物出口，或進口商品，所有業務、資金均掌控在買辦手中。<br>【改寫自：李佩蓁，〈依附抑合作？清末臺灣南部口岸買辦商人的雙重角色（1860-1895）〉，《臺灣史研究》第20卷第2期，2013，pp.41、43】,teachers_book,清治臺灣,經濟,"[洋行, 買辦, 華商, 合夥人, 糖]",V.1/Ch.5/十六至十九世紀臺灣的經濟活動,洋行與買辦間的權力關係,,,
321,李春生是福建廈門人，20歲即開始經商，30歲到大稻埕，擔任英商陶德的買辦。李春生因早年即受洗為基督徒，常與外國傳教士接觸，故外語能力極強。在臺灣經商期間，與陶德獎勵北臺灣的農民種茶，改良烘焙茶葉的方式，提升茶葉的品質，使茶葉成為臺灣重要的出口商品。後來，李春生自行創業，擴大營業範圍，輸出臺灣的煤炭、稻米、蔗糖，獲取龐大的利潤，成為北臺的鉅富。,teachers_book,清治臺灣,經濟,"[李春生, 陶德, 買辦, 大稻埕, 茶葉]",V.1/Ch.5/十六至十九世紀臺灣的經濟活動,李春生致富的經過,,,
322,除強取豪奪以外，漢人也透過以下方式取得原住民族土地：<br>| | |<br>| :--- | :--- |<br>| **交換** | 1709年，開墾臺北盆地的陳賴章墾號，就以豬、酒、花紅等物，交換圭泵社大加蚋堡的土地 |<br>| **通婚** | 利用平埔族以女性繼承家業的習俗，漢人入贅以得地。如彰化的客家人娶番婦，進而壟斷樟腦之利；以及黃祈英（黃斗奶）在19世紀娶番婦，藉此獲取苗栗南庄一帶的土地 |<br>| **交友結拜** | 和平埔族原住民結拜 |<br>| **騙取土地** | 與平埔族訂契約，並刻意將界限寫得模糊不清。一旦發生爭執，通事又偏袒漢人，一紙字據就奪走大片土地 |<br>| **偷墾** | 1833年，宜蘭發現漢人偷墾番地。被抓到的，或改為購買、購耕，甚至以「番地作荒地報墾」 |<br>| **交易** | 平日讓平埔族人賒帳，至其無力償還時，以土地作為賠償條件 |<br>| **利用原住民的習俗** | 平埔族人遇見土地上有死物、穢物就棄地他遷，漢人則乘機占土地。例如噶瑪蘭的大埔原為貯穀場，漢人在此建墓地，逼走他們 |<br>| **借居或租屋而取地** | 竹塹社文書：「又有一種無賴惡棍，藉名稅屋開張米酒什貨生活，實貪少婦姿色，誘謀術騙私通；甚至蠱惑番婦反目『放手』（丈夫），結為夫婦，妻占而屋並距」 |<br>| **放高利貸** | 逼寫典契，最後拿土地為抵償 |<br>【整理自：楊碧川，《簡明臺灣史》（高雄：第一，1987），pp.64～66】,teachers_book,清治臺灣,社會,"[漢人, 原住民族, 土地, 平埔族, 通婚]",V.1/Ch.5/十六至十九世紀臺灣的經濟活動,漢人取得原住民族土地的方式,,,
323,| | |<br>| :--- | :--- |<br>| **英國長老教會** | 1. 1865年馬雅各牧師在今日臺南、高雄一帶傳教，並開辦看西街醫館<br>2. 設立教育機構<br> (1)目的：訓練漢人從事傳教工作<br> (2)教育機構：如1876年的福音書院、1885年和1887年設立中學<br>3. 刊行《臺灣府城教會報》，並以閩南語拼音教導民眾讀經 |<br>| **加拿大長老教會** | 1. 馬偕於1872年以淡水為根據地向外發展傳教事業，並創立偕醫館<br>2. 創辦各種學校：如1882年的牛津學堂、淡水女學堂 |<br>| **天主教道明會** | 1. 郭德剛與洪保祿神父以南臺灣為中心，陸續向屏東原住民部落及臺灣中北部傳教<br>2. 設醫館，透過施藥治病博取民眾認同 |,teachers_book,清治臺灣,文化,"[教會, 馬雅各, 馬偕, 醫療, 教育]",V.1/Ch.5/十六至十九世紀臺灣的經濟活動,教會傳入近代教育與醫療,,,
324,"矢內原忠雄在《帝國主義下的臺灣》一書中提到，所謂帝國主義是指一個國家運用其強大的資本力量，對外展開政治性或經濟性之擴張行動。然而當時日本資本主義尚未發達，很難展開帝國主義的擴張行為，所以占領與殖民臺灣的過程中，顯示日本帝國主義具有「後進」與「早熟」的特質。英國等歐洲國家，都是在壟斷資本的積極活動下，催促或要求政府奪取殖民地，准許資本家經營專利性的殖民會社。但日本既不是壟斷資本主義的國家，也無法展開金融資本主義的擴張活動，其殖民地經營必須依靠政府的扶持與保護。以殖民臺灣為例，日治初期，每年維持軍隊與政府統治機關的經費需要1,000萬日圓，其中700萬日圓是來自本國的補助；臺糖株式會社股份的募集，官方出力甚多，每年還給予補助金；臺灣銀行也是在政府的補助與保護下才順利營業。所以日本取得臺灣，具有帝國主義的色彩與意識形態，但實際上並未具備帝國主義的本質。日本是先採取政治與軍事行動，再發展實質的帝國主義式經濟擴張。<br><br>【引用自:何義麟，《矢內原忠雄及其帝國主義下之臺灣》(臺北:臺灣書房,2011),pp.27 ~ 33】",teachers_book,日治臺灣,經濟,"[矢內原忠雄, 帝國主義, 資本主義, 殖民地經營, 臺灣銀行]",V.1/Ch.6/二十世紀臺灣的經濟發展,日本與歐洲國家的殖民地開發差異,,,
325,"| | |<br>| :--- | :--- |<br>| 作法 | 1. 1898年，設立臨時臺灣土地調查局，進行地籍調查、三角測量、地形測量<br>2. 整頓清代租佃制度，確立小租戶為土地所有權人<br>3. 制定土地登記規則，除繼承或遺囑外，強制以登記為權利移轉效力的發生條件 |<br>| 成果 | 1. 掌握了土地情況，治安管理更加方便<br>2. 清查隱田，土地課稅面積增加，增加財政收入<br>3. 土地權利關係的確定，使得土地可以安全交易 |<br>| 意義 | 是臺灣資本主義化的基礎，也是日本資本征服臺灣的必要步驟 |<br><br>【改寫自:何義麟，《矢內原忠雄及其帝國主義下之臺灣》(臺北:臺灣書房,2011),pp.34 ~ 35】",teachers_book,日治臺灣,經濟,"[土地調査, 臨時臺灣土地調查局, 小租戶, 隱田, 資本主義化]",V.1/Ch.6/二十世紀臺灣的經濟發展,日治初期的土地調査,,,
326,"1895年日本治臺後，制定〈官有林野取締規則〉，確立無主地國有原則，之後規定無主地的開墾需獲得官方的許可，但民眾無視規定，仍私自開墾。因此，總督府於1910年起實施為期5年的林野調查。調查結果，官有林野達92萬甲、民有林野則不足6萬甲，合計97萬餘甲。官有地中，仍有一些屬善意占有、已完成土地改良等的特定地，這些特定地被當作保管林，或准許有條件的使用，但徵收相當金額之保管費。為解決這些特有地的問題，總督府又於1915年展開官有林野地的整理，將其分為「保留」及「不保留」林野兩種，前者整理後約達32萬甲，後者則約為40萬甲。1925年，官有林野整頓事業終告完成。<br><br>【引用自:吳文星，〈太陽旗下的臺灣〉《日本文摘》第100期(1994年5月),pp.106 ~ 107】",teachers_book,日治臺灣,經濟,"[林野調查, 官有林野取締規則, 無主地國有, 總督府, 保管林]",V.1/Ch.6/二十世紀臺灣的經濟發展,日治初期的林野調查,,,
327,| | |<br>| :--- | :--- |<br>| 設立 | 1899年日本為了開發臺灣資源所設立，與三井、三菱財閥共同獨佔臺灣的金融 |<br>| 事業範圍 | 1. 發行貨幣、資金流通<br>2. 直接、間接支配糖業、茶葉、樟腦、菸草、鹽業等產業<br>3. 後將營業擴張至華南及南洋群島，是日本南進的重要經濟推手 |<br>| 危機:昭和金融恐慌 | 1. 時間:1927年<br>2. 背景:臺灣銀行最大的融資對象鈴木商店瀕臨破產，臺灣銀行受其波及<br>3. 過程:除臺灣島上的總行與分行外，日本及海外分行全部臨時休業<br>4. 影響:臺灣銀行信用鬆動，糖業等資本投資失去靠山<br>5. 解決:日本政府以債務展延、加印鈔票、其他銀行提供援助等方式，渡過危機 |<br>| 現況 | 現今臺灣銀行是於1946年設立，初期委由臺灣省行政長官公署財政處代為管理，1998年12月21日起，配合精省而收歸國營，2003年7月1日，改制為股份有限公司 |,teachers_book,日治臺灣,經濟,"[臺灣銀行, 三菱財閥, 南進政策, 昭和金融恐慌, 鈴木商店]",V.1/Ch.6/二十世紀臺灣的經濟發展,臺灣銀行的昔與今,,,
328,"| | |<br>| :--- | :--- |<br>| 背景 | 1. 伊藤博文簽署《馬關條約》時，曾表示日本禁止鴉片，臺灣鴉片應同步禁絕<br>2. 後藤新平提出《關於臺灣鴉片意見》，主張「漸禁」政策，包含:<br>(1)尊重舊慣:尊重當地傳統習慣，避免鴉片上癮者反感產生政治不安<br>(2)政府專賣:鴉片上癮者發許可證，並課徵鴉片稅，以增加稅收<br>(3)日人禁止:嚴禁日人沾染吸食惡習 |<br>| 壟斷政策 | 1. 只允許特許藥鋪販賣，將上癮者視為病患，以治療名義提供<br>2. 向臺灣人學習提煉鴉片的技術<br>3. 鴉片原料須由官方向德國、英國商館購買 |<br>| 影響 | 1. 吸食者緩慢減少:日本取得臺灣之時，約有十幾萬人吸食鴉片，到了1930年還有兩萬多人，直至1945年6月17日，總督府才停止鴉片專賣，明令禁止吸食鴉片<br>2. 加速總督府財政獨立 |<br><br>【改寫自:呂正理，《另眼看世界(下):一部有關中、日、韓、臺灣及周邊世界的多角互動歷史》(臺北:遠流,2010),p.730。黃昭堂著、黃英哲譯，《臺灣總督府》(臺北:前衛,2013),pp.78 ~ 79、86】",teachers_book,日治臺灣,經濟,"[鴉片專賣, 後藤新平, 漸禁政策, 總督府, 財政獨立]",V.1/Ch.6/二十世紀臺灣的經濟發展,鴉片專賣與臺灣的財政收入,,,
329,| | |<br>| :--- | :--- |<br>| 原因 | 因軍事、治安、經濟等考量，開始廣建鐵道 |<br>| 公營鐵路 | 縱貫線：自基隆迄高雄<br>淡水線：自臺北至淡水<br>屏東線：自高雄至林邊、東港<br>宜蘭線：自縱貫線之八堵站起，達宜蘭、蘇澳<br>集集線：自縱貫線二水站達外車埕<br>臺東線：自花蓮港至臺東 |<br>| | 除了公營鐵路，也有林業與製糖會社等民營鐵路 |,teachers_book,日治臺灣,經濟,"[鐵路, 公營鐵路, 縱貫線, 製糖會社, 民營鐵路]",V.1/Ch.6/二十世紀臺灣的經濟發展,日治時期的鐵路興建,,,
330,"| | |<br>| :--- | :--- |<br>| 日治以前 | 1. 大航海時代:1628年,西班牙在此修築聖薩爾瓦多城<br>2. 清代:因腹地狹小,開港後僅為淡水港的副港 |<br>| 日治時期 | 1. 背景:港口條件較佳、最靠近日本,總督府將其規劃為臺日連絡之重要港口<br>2. 興築:1899~1944年,共分五階段興建<br>3. 功能:包含造船、軍港、漁港、運輸等<br>4. 意義:日治時期首座現代化港口<br>5. 影響:<br>(1)帶動基隆的市區改正<br>(2)帶來大量的移入人口,1920年時,人口數僅次於臺北、臺南 |<br><br>【改寫自:陸傳傑，《隱藏地圖中的日治臺灣真相:太陽帝國的最後一塊拼圖》(新北:遠足,2015),pp.81~82】",teachers_book,日治臺灣,經濟,"[基隆港, 總督府, 現代化港口, 市區改正, 移入人口]",V.1/Ch.6/二十世紀臺灣的經濟發展,日治時期的基隆港,,,
331,"| | |<br>| :--- | :--- |<br>| 日治以前 | 為一潟湖,港口自然條件佳,卻因離府城較遠,開港後僅為安平港的副港 |<br>| 日治時期 | 1. 背景:港口條件佳、位於縱貫鐵路終點,物資集散方便<br>2. 興築:1905 ~ 1942年,共分三階段興建<br>3. 功能:原以砂糖運輸為主，後期配合南進政策，轉為軍事、工業物資運輸<br>4. 影響:<br>(1)帶動高雄的市區改正<br>(2)帶來大量的移入人口，1920年時，人口數僅次於臺北、臺南、基隆 |<br><br>【改寫自:陸傳傑，《隱藏地圖中的日治臺灣真相:太陽帝國的最後一塊拼圖》(新北:遠足,2018),pp.81~82】",teachers_book,日治臺灣,經濟,"[高雄港, 縱貫鐵路, 砂糖運輸, 南進政策, 市區改正]",V.1/Ch.6/二十世紀臺灣的經濟發展,日治時期的高雄港,,,
332,"| | |<br>| :--- | :--- |<br>| 來臺背景 | 為振興臺灣製糖業，後藤新平於1901年聘農工專家新渡戶稻造博士為總督府殖產局局長 |<br>| 糖業主張:《糖業改良意見書》 | 1. 分析領臺後糖業衰退的原因<br>2. 對糖業改良提出具體方法:<br>(1)技術改良:包含甘蔗品種、栽培法、灌溉設施、擴大蔗園面積、開墾蔗作適地、製糖法、壓榨方法等<br>(2)保護獎勵:包含提高砂糖輸入關稅、開發交通利於搬運、擴大銷路、公定蔗價、獎勵副產品開發等<br>(3)糖業設施及機構:包含成立臨時臺灣糖務局、培育技術人員、設置甘蔗試作場、勸誘大企業家參與糖業等 |<br>| 落實 | 總督府根據這份意見書，實行補助糖廠資本、確保製糖原料和保護市場等獎勵政策，製糖業迅速發展成日治時期臺灣最重要的產業 |<br>| 紀念 | 1984年，新渡戶稻造被選為日本5,000円紙幣的圖像 |<br><br>【引用自:許極燉，《臺灣近代發展史》(臺北:前衛,1996),p.275。張靜宜，《農業臺灣》(臺中:莎士比亞文化,2006),p.25】",teachers_book,日治臺灣,經濟,"[新渡戶稻造, 糖業改良意見書, 後藤新平, 總督府, 臨時臺灣糖務局]",V.1/Ch.6/二十世紀臺灣的經濟發展,新渡戶稻造與日治時期的糖業發展,,,
333,"根據舊慣調查，日治初期總督府並未干涉臺灣人設立會社，甚至地方政府還勸誘設立，種類以製糖及釀酒業為大宗。直到1912年臺灣總督府發布〈府令第16號〉，才禁止臺灣人在商號中使用「會社」一詞。倘若臺人想組設會社，則必須加入日本人或中國人以外之外國人擔任股東。<br><br>【參考自:高淑媛，〈日治時期臺灣總督府之企業管理政策(1895-1923)〉《臺灣史研究》，12:1,2005年，中研院臺史所,pp.55、59、61】",teachers_book,日治臺灣,經濟,"[會社, 總督府, 舊慣調查, 府令第16號, 企業管理]",V.1/Ch.6/二十世紀臺灣的經濟發展,總督府有無限制臺人設立會社?,,,
334,製糖產業可區分成農業與工業部門，為確保原料栽培區域，製糖公司常有併購土地的現象；為提高單位面積生產量，自製肥料發展成為附加產業；工廠的廢糖蜜製作成酒精，運至日本成為工業原料；製糖公司還會投資糖果製造，如森永製菓株式會社等。這些都是糖業為分散風險、增加利潤、降低成本所發展出的上下游產業鏈。,teachers_book,日治臺灣,經濟,"[製糖產業, 廢糖蜜, 酒精, 森永製菓株式會社, 產業鏈]",V.1/Ch.6/二十世紀臺灣的經濟發展,與糖業相關的產業,,,
335,"| | |<br>| :--- | :--- |<br>| 興建 | 1. 背景:總督府為增加米糖產量，決定整治旱雨不定的嘉南平原<br>2. 時間:1920~1930年，中間曾因關東大地震、經濟大恐慌等因素停建<br>3. 方式:八田與一以曾文溪和濁水溪為水源，興建嘉南大圳與烏山頭貯水池等 |<br>| 影響 | 是東亞規模最大的水利工程，1930年大圳完工後，改變原本以看天田為主的耕作型態，對於土地改良與米糖生產有很大成效 |<br><br>【改寫自:許雪姬策劃，《臺灣歷史辭典》(臺北:文建會,2004),pp.1018 ~ 1019。東嘉生、周憲文，《臺灣經濟史概說》(臺北:帕米爾,1985),pp.79~81。李筱峰，《臺灣史100件大事(上)》,p.167】",teachers_book,日治臺灣,經濟,"[嘉南大圳, 八田與一, 烏山頭貯水池, 總督府, 水利工程]",V.1/Ch.6/二十世紀臺灣的經濟發展,嘉南大圳,,,
336,"日本石川縣人，1910年從東京帝國大學畢業後來臺。1920年，他開始設計並督導嘉南大圳工程事宜，1930年正式通水啟用。大圳完工後，原本貧瘠的嘉南平原成為臺灣最重要的穀倉，他也因此被稱為「嘉南大圳之父」。二戰期間，他被徵召準備前往南洋開發水利時，所搭乘的「大洋丸」號遭美軍潛艇擊中，不幸罹難。骨灰被帶回臺灣，長眠於烏山頭水庫。1945年9月1日，其夫人外代樹在烏山頭儲水池投水自盡。戰後，嘉南農田水利協會為紀念他的貢獻，在烏山頭水庫旁為八田夫婦建造一座日式墳墓，並為其立像。2007年政府更頒贈對八田與一的褒揚令，表彰其對臺灣農業的貢獻。<br><br>【改寫自:陳鴻圖，《農業水利建設》(臺中:莎士比亞文化,2006),pp.37 ~ 40。李筱峰，《臺灣史100件大事(上)》(臺北:玉山社,1999),pp.166 ~ 167】",teachers_book,日治臺灣,經濟,"[八田與一, 嘉南大圳, 烏山頭水庫, 嘉南平原, 大洋丸]",V.1/Ch.6/二十世紀臺灣的經濟發展,八田與一,,,
337,"日本廣島縣人。1912年來臺，任職於總督府農事試驗場。1920年前後，前往歐美各國留學，學習農產品改良技術；並赴中國、香港、東南亞等地考察。回臺後，於臺北帝國大學任教，並兼總督府中央研究院技師，致力於蓬萊稻的育種研究。1922年，他成功培育出新品種「蓬萊米」、並推廣種植。他是戰後少數獲准留臺的日本人，並擔任臺灣省農林廳技術顧問。當他退休返日時，中華民國政府贈予三餐足用之蓬萊米以酬謝他的付出與貢獻，直到他過世為止。磯永吉對培植蓬萊米的貢獻卓越，故被稱為「蓬萊米之父」，他的《蓬萊米談話》回憶錄也成為珍貴的史料。<br><br>【改寫自:吳密察監修，《臺灣史小事典》(臺北:遠流,2000),pp.176 ~ 177。張靜宜，《農業臺灣》(臺中:莎士比亞文化,2006),p.23】",teachers_book,日治臺灣,經濟,"[磯永吉, 蓬萊米, 總督府農事試驗場, 育種研究, 蓬萊米之父]",V.1/Ch.6/二十世紀臺灣的經濟發展,磯永吉,,,
338,"因日本本土稻作產量不足，故總督府欲引進日本品種的稻米來臺，但日、臺氣候和地理條件不同，因此很難在臺普遍種植。1918年，臺中農事試驗場研究出一種革命性的栽培方式，使得日本種的稻米可以成功地在臺灣栽培，即使是溫度較高的南部，也有一年兩穫的好成績。1922年，磯永吉技師研發出新品種的稻米，並於1926年在臺北召開的日本米穀大會上，由總督伊澤多喜男正式命名為「蓬萊米」。蓬萊米改良成功後，甘蔗和蓬萊米成為相互對抗的兩種經濟作物，進而在1930年代逐漸發展成「米糖相剋」的局勢。蓬萊米研發成功以後，一直以外銷日本為主，直至戰後稻米的外銷市場斷絕，蓬萊米才真正成為臺灣人日常食用的主糧。<br><br>【引用自:吳密察監修，《臺灣史小事典》(臺北:遠流,2006年),p.136】",teachers_book,日治臺灣,經濟,"[蓬萊米, 磯永吉, 總督府, 米糖相剋, 伊澤多喜男]",V.1/Ch.6/二十世紀臺灣的經濟發展,蓬萊米的培育,,,
339,"荷治時期以來，米糖就一直並列為臺灣最主要的兩大作物，米糖之間「衝突」的記載也不絕於史書。清治時期，因為商品作物(甘蔗)擴張過度，威脅到糧食作物(米)的生產，造成糧荒引起社會動盪。日本創設原料採集區制度，以方便製糖業者控制原料的供給及價格，但農民在此制度下仍保有轉作的自由。如1918 ~ 1919年米價昂貴，便激勵臺灣農民的種稻意願，因此嚴重打擊製糖會社的甘蔗原料供應，米糖問題開始尖銳化。<br>首先是「爭地」的問題，其次則是兩種作物之間因為相對價格的高低而產生「選擇」的問題。米價提高時會誘引蔗農放棄甘蔗生產而改種米，以致製糖會社被迫要付出更高的甘蔗收購價格來保住原料的供給。「米糖相剋」問題以嘉南平原最為嚴重，為此，總督府乃透過水資源的分配，強勢推動三年輪作，以約束農民耕作的選擇權。<br><br>【改寫自:柯志明，《米糖相剋:日本殖民主義下臺灣的發展與從屬》(臺北:群學,2003),pp.129 ~ 130。許雪姬策劃，《臺灣歷史辭典》(臺北:文建會,2004),pp.309~310】",teachers_book,日治臺灣,經濟,"[米糖相剋, 原料採集區制度, 製糖會社, 總督府, 三年輪作]",V.1/Ch.6/二十世紀臺灣的經濟發展,米糖相剋,,,
340,"| | |<br>| :--- | :--- |<br>| 日治初期 | 1. 洋商結合買辦仍牢牢控制臺灣茶與樟腦出口<br>2. 本地糖商仍掌握蔗糖外銷 |<br>| 政策調整 | 1. 提高關稅及出口稅額，限制臺灣與他國貿易<br>2. 實施出港稅的優惠待遇，鼓勵臺灣出口米、糖等重要產品到日本 |<br>| 施行結果 | 以臺、日、中的貿易為例:<br>1. 1896年，臺灣和中國的貿易占整體出口的76.1%；1908年，降至不到10%<br>2. 1896年，臺灣與日本的貿易占整體出口的10%左右；至1908年上升到72.04%；1930年代達90% |<br><br>【改寫自:柯志明，《米糖相剋:日本殖民主義下臺灣的發展與從屬》(臺北:群學,2003),p.55】",teachers_book,日治臺灣,經濟,"[貿易, 關稅, 出口稅, 買辦, 蔗糖外銷]",V.1/Ch.6/二十世紀臺灣的經濟發展,日治時期臺灣的貿易概況,,,
341,"| | |<br>| :--- | :--- |<br>| 產量 | 自1895年的1,020萬公斤增至1917年的1,716萬多，達到了顛峰，此後即逐步下降，至二次大戰前夕只剩1,085萬公斤左右，大約降低到日治初期的水準 |<br>| 種類 | 1. 除了烏龍茶與包種茶之外，還出現了紅茶與綠茶<br>2. 紅茶最初主要是供給日本為主，綠茶則是為了滿足臺灣本島的需要 |<br>| 外銷 | 1918年以後，印度、錫蘭和爪哇等產茶國大大改善製茶技術，所生產的紅茶備受英美消費者歡迎，臺灣烏龍茶的市場因此縮小 |<br>| 產地 | 由於茶葉是賺取外匯的商品，故備受重視，茶產地逐漸擴張，自臺北州至新竹州 |<br><br>【改寫自:陳慈玉，〈日治時期出口品的流通機制〉《新亞學報》第31卷(2013.6),pp.45 ~ 48】",teachers_book,日治臺灣,經濟,"[茶業, 烏龍茶, 包種茶, 紅茶, 外銷]",V.1/Ch.6/二十世紀臺灣的經濟發展,日治時期臺灣茶業的發展,,,
342,"日治以前，臺灣香蕉是自給性農作物，日治以後，臺灣的香蕉市場才逐漸發展。1903年，日商都島金次郎首次將香蕉運銷至神戶，並獲得銷售上的成功；加上鐵路交通發展、氣候等因素，臺灣開始出現大規模的香蕉栽培，尤以適合香蕉生長的中部地區為主，並以集集為中心。銷路部分，除日本各港外，也遍及當時日本統治的朝鮮釜山、仁川、漢城、平壤，滿洲國的大連、奉天、哈爾濱，中國的北京、上海、福州、廈門及香港等地。<br><br>【改寫自:古関喜之，〈臺灣香蕉產業發展與日本市場的關係〉《臺灣文獻》第五十九卷第四期,2008,pp.238 ~ 241】",teachers_book,日治臺灣,經濟,"[香蕉, 都島金次郎, 集集, 滿洲國, 外銷]",V.1/Ch.6/二十世紀臺灣的經濟發展,日治時期臺灣香蕉的出口,,,
343,"| | |<br>| :--- | :--- |<br>| 發展 | 日本領臺後，在兩岸貿易方面，政府以優厚補助日商進行官民合作模式經營，給予臺商的補助則少之又少，但臺商因有語言、習俗優勢，日本籍的身分也使臺商免於被課徵釐金，並享有治外法權，所以也走出若干經貿空間 |<br>| 對象 | 1931年以前以華南為主要貿易對象，之後逐漸轉為東北、華中、華北等地 |<br>| 模式 | 17世紀至1895年，資金與技術是由中國流向臺灣；1895年以後，轉為資金與技術由臺灣流向中國 |<br>| 累積經驗 | 包括拓展直接貿易、投資；以股票集資，以開博覽會、迎神會、廣告等方式促銷；有關政治、文化認同問題等需要更靈活的處理 |<br><br>【改寫自:林滿紅，〈臺灣資本與兩岸貿易關係(1895∼1945)—臺商拓展外貿經驗之一重要篇章〉《臺灣經驗—歷史經濟篇》(臺北:東大,1993),pp.137 ~ 138】",teachers_book,日治臺灣,經濟,"[臺商, 兩岸貿易, 治外法權, 釐金, 華南]",V.1/Ch.6/二十世紀臺灣的經濟發展,日治時期臺商在中國的經濟活動,,,
344,"總督府為籌備臺灣工業化和南進策略而組成的調查組織。1935年初開始策劃，同年5月14日公布調查會規程。原名「南方經濟調查會」，後改名為「熱帶產業調查會」。該會的任務主要是研究日本統治臺灣以來，臺灣產業、經濟、文化等情況，以及臺灣對南洋、華南的對策，以謀求臺灣與南洋、華南相互貿易的進展。<br><br>【參考自:「熱帶產業調查會」，文化部國家文化資料庫,http://nrch.culture.tw/twpedia.aspx?id=5872】",teachers_book,日治臺灣,經濟,"[熱帶產業調查會, 總督府, 南進策略, 工業化, 南方經濟調查會]",V.1/Ch.6/二十世紀臺灣的經濟發展,熱帶產業調查會,,,
345,"| | |<br>| :--- | :--- |<br>| 成立時間 | 1936年11月25日 |<br>| 性質 | 官民合辦，總資本額為三千萬，其中一半為官股，以官有地資產充抵，加上日本糖業聯合會、三井、三菱等財閥出資，使總督府得以壟斷、控制臺灣產業 |<br>| 目的 | 經營臺灣、華南與南洋的拓殖事業，以及提供拓殖資金 |<br>| 事業版圖 | 1. 臺灣:擁有大批耕地與林地，除土地開發經營外，也投資礦業與工業公司<br>2. 廣東與海南島:投資與經營農林、畜牧、開發、運輸、建築、煉瓦、製冰等事業，多半與日本軍事占領並進 |<br>| 結束 | 戰後主要資產被中華民國政府所接收 |<br><br>【引用自:經典雜誌編著，《赤日炎炎:臺灣1895 ~ 1945》(臺北:經典雜誌,2005),pp.172 ~ 173。梁華璜，《臺灣總督府南進政策導論》(臺北:稻鄉,2003),pp.47 ~ 49】",teachers_book,日治臺灣,經濟,"[臺灣拓殖株式會社, 總督府, 拓殖事業, 官民合辦, 南洋]",V.1/Ch.6/二十世紀臺灣的經濟發展,臺灣拓殖株式會社的發展,,,
346,包含輕金屬工業(鋁業、合金鐵)、化學肥料生產(硫酸亞)、製紙工業(利用蔗渣)、建築材料工業(蔗板)、水泥工業、火柴工業(磷)、基隆造船所、臺灣汽車修造會社等。此外，也配合政策進行農業升級多角化經營，發展出無水酒精工業(糖蜜)、蓖麻油工業、製麻工業、香料品工業(樟腦)、樹薯粉工業等。,teachers_book,日治臺灣,經濟,"[工業, 輕金屬工業, 化學肥料, 製紙工業, 無水酒精工業]",V.1/Ch.6/二十世紀臺灣的經濟發展,1930年代臺灣工業的發展,,,
347,"總督小林躋造上任後，提出「皇民化、工業化、南進基地化」的政策，改變了「農業臺灣，工業日本」的原則，太平洋戰爭後，臺灣儼然成為「南方作戰的兵站基地」，軍需關聯產業以驚人的速度成長，鋼鐵、化學、紡織、金屬、機械等現代工業呈現活躍狀況。1939年，工業生產趕上農業生產，占總生產額的45.9%，達到5億7千萬圓，1944年3月已超過7億圓，特別是化學、金屬工業明顯大幅提升，這應和軍需產業的發展有關。<br><br>【引用自:羅吉甫，《日本帝國在臺灣:日本經略臺灣的策謀剖析》(臺北:遠流,2004),p.232】",teachers_book,日治臺灣,經濟,"[小林躋造, 工業化, 南進基地化, 農業臺灣，工業日本, 軍需產業]",V.1/Ch.6/二十世紀臺灣的經濟發展,日治時期臺灣的農、工產值變化,,,
348,"| | |<br>| :--- | :--- |<br>| 背景 | 由於當局實施低利率，臺灣民眾儲蓄意願不高 |<br>| 目標 | 1. 1938年:5千萬元，實際完成1億元<br>2. 1939年:10億元，實際完成1億5千萬元<br>3. 1940年:2億元，實際完成2億元 |<br>| 方法 | 1. 宣傳:包括開辦鼓勵儲蓄演講會、運用報紙雜誌、小冊子、廣播、標語、學校等媒介宣傳，強調儲蓄是報國的光榮行為，並結合皇民奉公運動推行<br>2. 獎勵:利用政府、銀行、工廠、各社會團體、町會、部落會和新設的儲蓄組合獎勵儲蓄 |<br>| 性質 | 1. 往往是半強制性的，各級層層下達目標，分配儲蓄額度<br>2. 對完成任務者給予表彰，不能完成任務者甚至被貼上「非國民」的政治標籤<br>3. 以經濟警察進行監督，民眾沒有自主選擇的自由 |<br>| 對象 | 大多(約六成)是農民 |<br><br>【引用自:黃靜嘉，《春帆樓下晚濤急:日本對臺灣殖民統治及其影響》(臺北:臺灣商務,2002),pp.418~430】",teachers_book,日治臺灣,經濟,"[儲蓄政策, 戰時體制, 皇民奉公運動, 儲蓄組合, 非國民]",V.1/Ch.6/二十世紀臺灣的經濟發展,戰時體制時期的儲蓄政策,,,
349,"1937年開始的「金報國運動」，強迫人民出售金、銀、銅、鐵、錫等，以家庭主婦為中心，由臺灣銀行領頭，透過儲蓄組合、信用組合、保甲部落團體，挨門逐戶推行，到1939年3月，金額達5,000萬元。太平洋戰爭前夕，在「金獻納」的名義下，臺灣人民被迫交出的金品價值180餘萬元，在日本帝國內僅次於東京、大阪而居第三位。<br><br>【引用自:林金田，《烽火歲月:戰時體制下的臺灣史料特展圖錄》(南投:國史館臺灣文獻館,2003),p.92】",teachers_book,日治臺灣,經濟,"[獻金報國, 金報國運動, 臺灣銀行, 儲蓄組合, 太平洋戰爭]",V.1/Ch.6/二十世紀臺灣的經濟發展,獻金報國,,,
350,"戰時實施的配給制度，規定所有民生必需品都要憑證購買。各地均設置有「米穀組合」，用來控制米穀的生產與配給。地方的市街庄役所(公所)發行「家庭米穀通帳」或「米購買帳」，「通帳」或「購買帳」上會寫明每戶的戶長名字、家庭人口數與地址等，再由公所人員與警察，依家庭成員的年齡區分的人口數，計算1日與10日的米糧消費量，記載於購買帳上面。民眾則攜帶購買帳到「配給所」(其實是販賣所)去購買，配給所會在購買帳上登記購買的日期、米穀種類、數量與金額，並蓋上配給所或販賣所的印章。購買帳毀損、遺失時，須向原發行單位申請補發；家族人數異動，造成消費量變更時，也必須向地方派出所及公所提出訂正。當時有所謂「沒有通帳(或購買帳)，一粒米也買不到」的說法，凸顯米糧控制的嚴苛。<br><br>【引用自:蔡錦堂，《戰爭體制下的臺灣》(臺北:日創社文化,2006),p.146。施淑宜總編輯，《臺灣影像歷史系列:見證臺灣總督府(1895~1945)》(臺北:立虹,1996),p.57。羅吉甫，《日本帝國在臺灣:日本經略臺灣的策謀剖析》(臺北:遠流,2004),p.228】",teachers_book,日治臺灣,經濟,"[配給制度, 戰時體制, 米穀組合, 家庭米穀通帳, 市街庄役所]",V.1/Ch.6/二十世紀臺灣的經濟發展,戰時體制下的配給制度,,,
351,"當時從事布料批發生意的吳修齊說:「1942年，強制命令各商店停業，並於臺北市成立臺灣纖維製品統制株式會社，各地區指定代行店，代理該會社配給布疋給小賣組合…………1944年，戰爭愈來愈激烈，日本政府開始整備各代行店，新和興代行店亦不例外。我因此失業。」高雄的柯旗化也說:「糧食極端缺乏，長期間儲存已經發霉的西貢米煮一個飯盒的飯，六個人分吃。大家經常吃不飽。偶爾一頓南瓜裡加些小肉片，就算是豐盛的菜了。」臺北的林彥卿回憶:「那時物資相當匱乏，尤其是糧食不足所造成的影響最為嚴重，家裡的女傭及洗衣婦們抓了蟑螂在鍋裡煎了吃。我說:『髒死了!』她們只是不在乎地笑笑而已。姑且不論味道和營養如何，至少沒有到瀉肚子的地步看來，該是無害的樣子。……因為糧食不足，我們老是感到饑餓，抓到了青蛙就用火烤熟了吃掉。聽說烏龜能吃，又想辦法去抓烏龜。」<br><br>【引用自:李筱峰，〈從回憶錄見證臺灣人的戰時經驗(1937 ~ 1945)〉,https://www.jimlee.org.tw/article_detail.php?SN=8733&currentPage=8&AtricleCategory=1】",teachers_book,日治臺灣,社會,"[吳修齊, 柯旗化, 糧食缺乏, 物資匱乏, 戰時經驗]",V.1/Ch.6/二十世紀臺灣的經濟發展,戰火下臺灣人民的生活,,,
352,"| | |<br>| :--- | :--- |<br>| 興建過程 | 1. 總督府於1919年合併各公、民營發電所組成「臺灣電力株式會社」，並開始興建，1934年第一期工程竣工，開始發電，發電量達十萬瓩<br>2. 因用電需求量增加，第二期發電廠工程又動工，於1937年完工，發電量4萬5瓩，是當時亞洲最大的發電廠<br>3. 興建時，從二水車站修築集集線鐵路，載運興建電廠所需材料，集集線由此誕生 |<br>| 發電方式 | 在濁水溪上游建築大壩，將溪水攔截注入日月潭，再利用水位落差發電 |<br>| 目的 | 提供廉價、豐富的電力，以振興工業、發展經濟 |<br>| 成效 | 1. 日人引進製鋁、矽、鐵等工業，創設了日本鋁業公司、臺灣電器化學公司、臺灣化學工業社等<br>2. 臺灣的金屬、化學、紡織、機械及器具工業等產值快速增加 |<br>| 影響 | 自此，原象徵「農業之河」的濁水溪，同時也具有「工業之河」的地位，但也因此造成河床升高、各攔沙壩淤積嚴重、河床乾涸等問題 |<br>| 戰爭破壞與重建 | 1. 太平洋戰爭期間，為了保護發電系統，日本對發電所進行偽裝，還興建「假發電所」掩人耳目以防轟炸，但徒勞無功。1945年3月，美軍對發電所進行猛烈轟炸，所幸只炸易修復的設施<br>2. 戰後，擔任臺電機電處處長的孫運璿在日籍技術人員協助下進行修建，1946年恢復供電，並由蔣中正改名為「大觀發電廠」 |<br><br>【改寫自:李筱峰，《臺灣史100件大事》(臺北:玉山社,1999),pp.168~169。戚嘉林，《臺灣史:江山如此多嬌》(臺北:海峽學術,2007),pp.279 ~ 281。陳學聖總編輯，《走過臺灣百年歷史電廠》(新北市:財團法人臺灣生命力文教基金會,2017),pp.90~ 91】",teachers_book,日治臺灣,經濟,"[日月潭, 水力發電, 臺灣電力株式會社, 濁水溪, 孫運璿]",V.1/Ch.6/二十世紀臺灣的經濟發展,日月潭水力發電廠,,,
353,"中日戰爭爆發後，日本積極推動南進政策，以臺灣為南進基地，作為進攻南洋之準備。1940年6月，日本與泰國簽訂《日泰友好條約》後，開始增加對泰國的空中航線，6月「東京——臺北——曼谷線」開航，1941年4月「臺北——曼谷臨時線」、「橫濱——淡水——曼谷線」也相繼開航。臺灣總督府積極鼓勵臺灣人移民泰國，拓展各種事業。由於臺人原籍以閩南居多，一般通用閩南語，泰國華僑以潮州人占絕大多數，通行潮州語，這兩種語言相近，所以雙方溝通較無障礙。另外，部分臺人也熟習日語，遂成為日本商社與當地華僑或與暹羅商人間的中介者。<br><br>【改寫自:日治時期臺灣與暹羅的關係,https://www.ntl.edu.tw/public/Attachment/73171140108.pdf】",teachers_book,日治臺灣,經濟,"[南進政策, 航空線, 泰國, 總督府, 日泰友好條約]",V.1/Ch.6/二十世紀臺灣的經濟發展,日治時期臺灣與泰國航空線的發展,,,
354,1940年代全臺重要市鎮均設有郵局，除建立完整郵遞網絡外，還可推動郵政儲蓄措施；1931年開設「臺北放送局」後，全島無線電臺陸續設立，目的係為鞏固本島人民的皇民信念，除了私人的收音機可以接收訊息，也在重要公共場所設置廣播器。,teachers_book,日治臺灣,經濟,"[郵政, 廣播, 郵政儲蓄, 臺北放送局, 皇民信念]",V.1/Ch.6/二十世紀臺灣的經濟發展,戰時的廣播與郵政,,,
355,"| 時間 | 1930年代之前 | 1930年代以後 |<br>| :--- | :--- | :--- |<br>| 貿易總額(日本以外) | 占進出口貿易總額約50%左右 | 1. 出口:1938年以後攀升到80%以上<br>2. 進口:始終維持在50%以上，戰爭後期更提高到80~90% |<br>| 貿易重心 | 以福建為主的華南地區 | 轉為東北地區 |<br>| 轉移原因 | 1932年，滿洲國成立後，中國東北成為日本的勢力範圍，日本大力加強臺灣與中國東北的基礎建設，如金融網路的建立、交通運輸的一體化、關稅與匯兌的特殊安排等 |<br>| 貿易商品 | 1. 出口:米、糖、酒精、香蕉、柑橘、紙板等<br>2. 進口:豆貨、硫胺、石炭、水泥、鐵等 |<br>| 貿易收支 | 對中國東北處於入超狀態 |<br><br>【改寫自:薛化元等，《臺灣貿易史》(臺北:外貿協會,2008),pp.192 ~ 193】",teachers_book,日治臺灣,經濟,"[貿易, 滿洲國, 東北地區, 華南地區, 入超]",V.1/Ch.6/二十世紀臺灣的經濟發展,日治時期臺灣與中國的貿易情形,,,
356,"| | |<br>| :--- | :--- |<br>| 招募背景 | 1942年6月，日本中途島戰役失利，為快速強化航空，在鄰近神奈川縣的海軍航空基地成立「海軍航空技術廠相模野出張所」(簡稱空C廠)，後改名「高座海軍工廠」。當時日本男子人力短缺，故以「海軍航空機製作工業從業員」名義在臺招募員工 |<br>| 招募條件 | 歷經考試、體檢等關卡，共八千多名12 ~ 18歲的臺灣少年成為空C廠員工。他們初期工資是20~30日圓，到了1944年可領到80~100日圓，比警察還多 |<br>| 赴日工作 | 先在岡山接受短期基礎軍事訓練，再乘船赴日，部分留在高座海軍工廠，部分被分配到日本各地的海軍軍需工廠學習兼工作。高座海軍工廠是製造迎擊美國B-29轟炸機「雷電」戰鬥機的主要工廠，到戰爭結束為止，共製造了100多架雷電戰鬥機 |<br>| 戰後返臺 | 因受空襲轟炸或營養不良而病死的至少有52人，其他的少年工則於1945年底與1946年初陸續回到臺灣 |<br><br>【改寫自:蔡錦堂，《戰爭體制下的臺灣》(臺北:日創社文化,2006),pp.125 ~ 127;戴月芳，《日據時期:戰爭體制下的臺灣》(臺中:莎士比亞文化,2009),pp.24~27】",teachers_book,日治臺灣,社會,"[海軍少年工員, 高座海軍工廠, 中途島戰役, 雷電戰鬥機, B-29轟炸機]",V.1/Ch.6/二十世紀臺灣的經濟發展,海軍少年工員,,,
357,"從1953年起，臺灣經建會(最早稱為美援會)就開始實施一連串的計畫經濟，當時是為了配合美國援臺目標「促進臺灣自給自足的能力」而實施。直到現在，經建會仍會提出各項經濟計畫，涵蓋的層面也愈來愈廣，希望以規畫來帶領經濟發展。但由於臺灣市場愈來愈自由開放，因此政府經建計畫的重要性就愈來愈低。<br><br>【引用自:許介鱗，《戰後臺灣史記》(東京:文英堂,1996),pp.329~330。計劃經濟與市場經濟:從建國百年看兩岸制度演變—國家政策研究基金會 https://www.npf.org.tw/2/9814】",teachers_book,中華民國,經濟,"[計畫經濟, 經建會, 美援會, 美國援臺, 自給自足]",V.1/Ch.6/二十世紀臺灣的經濟發展,戰後臺灣計畫經濟的推行,,,
358,"| 計畫期別 | 時間 | 目標 | 工業項目 |<br>| :--- | :--- | :--- | :--- |<br>| 第一期 | 1953~1956 | 工業的自給自足 | 電力、肥料、水泥、紡織 |<br>| 第二期 | 1957~1960 | 出口有利工業之發展與擴充 | 玻璃、木材、造紙、人纖、橡膠等消費型工業 |<br>| 第三期 | 1961~1964 | 繼續拓展外銷 | 能源、鋼鐵 |<br>| 前三期重點在推行進口替代工業，1963年起，工業產值超過農業，成為臺灣主要出口項目 |<br>| 第四期 | 1965~1968 | 民生工業的持續成長 | 食品、紡織、成衣、化學纖維 |<br>| 第五期 | 1969~1972 | 勞力密集轉型為技術密集產業 | 電子、石化、精密機械、造船、機電 |<br>| 第六期 | 1973~1981 | 因為石油危機，提前結束此期計畫，1976年開始新的六年經建計畫，擴建基礎設施 | 推動十項建設，包括交通、核能發電，以及煉鋼、石化、造船等重工業 |<br>| 第七期 | 1976~1981 | 制定「產業升級條例」，改善產業結構 | 通訊、資訊、半導體、航太、醫療保健等 |<br>| 第八期 | 1982~1985 | 持續經濟成長、平衡區域發展等 | |<br>| 第九期 | 1986~1989 | 推動自由化、健全財稅與金融體制、發展重點科技等 | |<br>| 第十期 | 1990~1993 | 加強環境保護、增進社會福利等 | |<br>| 第十一期 | 1991~1996 | 重建經濟社會秩序、謀求全面平衡發展等 | |<br>| 第十二期 | 1997~2000 | 提升國家競爭力、促進永續發展等 | |<br>| 第十三期 | 2000~2004 | 建設綠色矽島、知識化環境、公義化環境等 | |<br>| 第十四期 | 2005~2008 | 建設富人文特色的綠色矽島、縮小永續性與國民福利缺口等 | |<br><br>【引用自:臺灣省政府新聞處，《經濟發展的回顧與展望》(南投:臺灣省政府,1995),pp.237 ~ 240。臺灣經建計畫沿革,http://ebooks.lib.ntu.edu.tw/1_file/CEPD/2/001.pdf】",teachers_book,中華民國,經濟,"[計畫經濟, 進口替代, 十項建設, 產業升級條例, 綠色矽島]",V.1/Ch.6/二十世紀臺灣的經濟發展,戰後臺灣計畫經濟的發展階段,,,
359,"國共內戰期間，從中國大陸來臺的人數在短期間大量增加，物品需要額外增加亦非常明顯，尤以1948年下半年趨於嚴重，因此更帶來連續性的大幅度物價水準上漲，正所謂「一日三市」。當時裝著一麻袋的臺幣去買一碗麵的情形，絕非小說杜撰的情節。由於物價上漲過速，臺幣供不應求，臺灣銀行乃於1948年開始發行臺灣人從未見過的「定額本票」，這種每張面額達5千、1萬、10萬的高額流通券，與舊臺幣並行在市場上流通。1948年底，臺幣發行額為1,420億元，而本票發行額已達其54.9%，即780億元之鉅。再經過半年後的1949年6月，本票發行額直線上升為12,100億元的天文數字，遠超過臺幣的發行額。臺灣自所謂「光復」後到1949年中，物價也漲了七千多倍。<br><br>| 物品 | 米(斤) | 麵粉(斤) | 豬肉(斤) | 雞蛋(個) | 花生油(斤) |<br>| :--- | :--- | :--- | :--- | :--- | :--- |<br>| 1947年2月倍數 | 3.8 | 4.4 | 2.2 | 8 | 2.8 |<br>| 物品 | 鹽(斤) | 白糖(斤) | 茶葉(斤) | 香菸(十支) | 陰布(尺) |<br>| 倍數 | 17.7 | 21.3 | 8.1 | 1 | 4.9 |<br><br>【改寫自:李筱峰，《臺灣史100件大事(下)》(臺北:玉山社,1999),pp.25 ~ 26】",teachers_book,中華民國,經濟,"[通貨膨脹, 國共內戰, 物價上漲, 舊臺幣, 定額本票]",V.1/Ch.6/二十世紀臺灣的經濟發展,戰後初期臺灣的通貨膨脹,,,
360,"| | |<br>| :--- | :--- |<br>| 背景 | 為了穩定金融秩序，抑制惡性通貨膨脹，省主席陳誠與財政廳長嚴家淦決定改革幣制，以從上海運來的200萬黃金和白銀為準備金，發行新的貨幣 |<br>| 時間 | 1949年6月15日公告「新臺幣發行辦法」，由臺灣銀行發行「新臺幣」 |<br>| 內容 | 1. 舊臺幣4萬元折換新臺幣1元，限於1949年12月31日前兌換完畢<br>2. 新臺幣的最高發行額為2億元<br>3. 新臺幣以黃金、白銀、外匯及可換取外匯的物資為十足準備<br>4. 採行1美元折合新臺幣5元的固定匯率 |<br>| 結果 | 幣制改革實施後，通貨膨脹轉趨緩和 |<br><br>【改寫自:楊蓮福，《圖說臺灣歷史》(臺北:博揚文化,2001),p.183。茅家琦，《臺灣30年:1949~1979》(鄭州:河南人民,1988),pp.25 ~ 26】",teachers_book,中華民國,經濟,"[幣制改革, 新臺幣, 陳誠, 嚴家淦, 通貨膨脹]",V.1/Ch.6/二十世紀臺灣的經濟發展,幣制改革,,,
361,"| | |<br>| :--- | :--- |<br>| 背景 | 1. 戰後臺灣佃農及半佃農之人口占農業人口的57.5%，明顯人地分配失衡<br>2. 國共內戰使國民黨失去大陸政權，為了阻隔臺灣農民受共產思想影響，又可控制糧食徵收考量下，土地改革成為最佳的解決方案<br>3. 美國為求「由解決不安定之農村問題入手，有效阻止共產主義之蔓延」，與國府合作成立「農復會」，並撥款協助與介入臺灣土改 |<br>| 推動者 | 陳誠扮演主導角色，實施三七五減租時，他是臺灣省主席；之後晉升行政院長，主持公地放領和耕者有其田 |<br>| 三部曲 | 1. 三七五減租<br>規定自1949年第一期農作物收割繳租起，地主向佃農收租時，租額不得超過正產物收穫量的37.5%。減租後，農地價格下降，佃農收入增加。從1949~1951年，臺灣的地價貶值約1/3，24,270餘戶佃農因此得以購買耕地<br>2. 公地放領<br>將部分公有耕地依正產物2.5倍價格放領給土地佃戶，放領獲得土地的佃戶則分十年向政府付清購地款<br>3. 耕者有其田<br>地主按當局規定保留水田三甲、旱田六甲，其餘由政府徵收，再出售給佃戶。政府再以實物土地債券、或以當局沒收的四家日本公司股票(臺泥、臺紙、工礦、農林)之形式得到補償，而得到土地的佃農則向政府分十年付清購地款 |<br>| 地主態度 | 1. 土改的時機在二二八事件後，地主因此不敢有太強烈反應。陳誠曾說:「刁皮搗蛋不要臉的人也許有，但我相信，不要命的總不會有」<br>2. 以霧峰林家為例，林獻堂不反對「三七五減租」，但對「收購大中戶餘糧」極為憤慨，1949年秋天，他以治病為藉口渡日，其後一直拒絕國民政府的遊說，不回臺灣，最後客死東京 |<br>| 意義 | 創造有利於經濟快速發展的條件 |<br><br>【改寫自:費正清等主編，《劍橋中華人民共和國史》(上海:上海人民,1992),pp.956 ~ 957。許介鱗，《戰後臺灣史記》(東京:文英堂,1996),pp.133 ~ 151。韓聖和，《土地改革》(臺中:莎士比亞文化,2006),pp.5 ~ 40】",teachers_book,中華民國,經濟,"[土地改革, 三七五減租, 公地放領, 耕者有其田, 農復會]",V.1/Ch.6/二十世紀臺灣的經濟發展,戰後臺灣的土地改革,,,
362,"臺灣水泥公司成立於1946年5月，是接收日治時期的淺野、南方、臺灣石灰石礦業及臺灣化成等四大株式會社改組而成。1953年，政府推動耕者有其田時，以七成實物土地債券及三成公營公司股票給付，後者即包含臺泥公司。辜振甫當時以大地主的身分擔任經濟部顧問，1954年，臺泥轉為民營之前，辜振甫被派至負責有關移轉事宜。1959年，出任臺泥總經理，後來接任董事長，造就現在呼風喚雨的國內第三大財團地位。<br><br>【引用自:許介鱗，《戰後臺灣史記》(東京:文英堂,1996),p.351】",teachers_book,中華民國,經濟,"[辜振甫, 臺灣水泥, 耕者有其田, 土地債券, 公營公司股票]",V.1/Ch.6/二十世紀臺灣的經濟發展,辜振甫與臺灣水泥,,,
363,| | |<br>| :--- | :--- |<br>| 時間 | 1951年至1965年 |<br>| 背景 | 韓戰爆發後，美國所主導的反共圍堵陣線必須在東亞建立更鞏固的防線，臺灣的戰略地位因此提升。所以1951年，美國國會通過《共同安全法案》，開始對臺灣提供各種援助 |<br>| 金額 | 共15億美元，占臺灣進口總金額的40%，除了現金也有物資 |<br>| 目的 | 穩定經濟、協助美方軍事活動、促進臺灣自給自足的能力 |<br>| 機構 | 我方:美援會，由行政院長兼任主委<br>美方:在大使館的指導下，有經援使團與軍援顧問團，駐臺經濟援助機構設有自然資源、電力、教育、貿易和工業，以及公共行政等小組，其工作人員均為各領域的專家 |<br>| 型態 | 軍援、經援、財政補助、建設資金、公營事業貸款等，其中以軍援最多 |,teachers_book,中華民國,經濟,"[美援, 韓戰, 共同安全法案, 美援會, 反共圍堵]",V.1/Ch.6/二十世紀臺灣的經濟發展,美援與臺灣的經濟發展,,,
364,"美援期間，臺灣民眾對糧食類之補助的感受最強。在物資缺乏的時代，人們往往「物盡其用」，將使用後的空袋經過剪裁與縫製，轉換為家中的抹布、圍裙，甚至是孩子的內褲，因此當時印有中、美兩國旗幟，雙手互握圖樣的再製品，成為當時代民眾的共同記憶。例如:作家林清玄曾回憶小時候都是穿著用麵粉袋和肥料袋製成的衣服，母親會把肥料袋上的「硫銨」字樣，放在胸前，他家由於兄弟眾多，因此自己還取名為「硫銨棒球隊」。前總統陳水扁也表示，他第一次喝的牛奶就是在小二時學校提供的美援牛奶。此外，由於美援物資都是免費提供，當時因而也發展出相關的詞彙，例如閩南語的「美國時間」、「美國錢」，即是用來調侃時間很多、錢很多可以浪費之意。<br><br>【改寫自:天下編輯，《一同走過從前》(臺北:天下雜誌,2006),p.27】",teachers_book,中華民國,社會,"[美援, 麵粉袋, 林清玄, 共同記憶, 美國時間]",V.1/Ch.6/二十世紀臺灣的經濟發展,美援小故事,,,
365,田賦徵實源於抗戰時期，因政府濫發紙幣，造成嚴重的通貨膨脹，政府若是收取現金，收到的貨幣在幾個月後可能成為廢紙。當時福建省經濟廳廳長嚴家淦因此設計出將土地稅折換為實物的徵收方式，將原先應徵收稅額，折算成等值的糧食實物。<br>田賦徵實的存與廢:<br><br>| | |<br>| :--- | :--- |<br>| 1946年 | 通過戰時立法，實施實物繳納制，土地稅1元臺幣繳納8.85公斤稻穀 |<br>| 1947年 | 以公務員用糧為名，追加2.655公斤 |<br>| 1950年 | 以防衛捐追加2.655公斤(總計1元臺幣的土地稅要繳納14.16公斤稻穀) |<br>| 1954年 | 確定土地稅以稻穀繳納的制度 |<br>| 1961年 | 1元臺幣的土地稅提高到19.37公斤 |<br>| 1967年 | 1元臺幣的土地稅提高到26.35公斤 |<br>| 1968年 | 實施九年國教，政府再追加0.65公斤 |<br>| 1987年 | 停止田賦徵實的政策 |,teachers_book,中華民國,經濟,"[田賦徵實, 嚴家淦, 土地稅, 實物繳納, 稻穀]",V.1/Ch.6/二十世紀臺灣的經濟發展,田賦徵實,,,
366,"1945年10月臺灣省糧食局成立，開始規定以穀物(而非現金)繳納地租，次年7月起更由政府強制收購稻穀，1948年起再實施「肥料換穀」政策。此政策的背景，是因為當時農業所需的化學肥料皆掌控在政府手中，農民為取得肥料，必須接受政府所規定的「以1公斤對1公斤」的標準，用稻米來交換化學肥料。由於同樣重量的稻穀單價高於肥料，因此政府從中獲利不少，農民也被迫損失農產的收益。以1952年為例，市價1公斤1.9元的稻米，只能兌換1公斤0.9元的化學肥料；到了1960年，4.1元的稻米只能兌換1.5元的化學肥料，對農民十分不公平。日後，隨著臺灣農業生產和經濟結構的轉變，肥料換穀制度在1973年1月9日廢除。<br><br>【引用自:吳密察監修，《臺灣史小事典》(臺北:遠流,2000),p.184】",teachers_book,中華民國,經濟,"[肥料換穀, 臺灣省糧食局, 化學肥料, 稻米, 強制收購]",V.1/Ch.6/二十世紀臺灣的經濟發展,肥料換穀,,,
367,"1950年時，臺灣的棉花、棉布皆購自日本，在生管會兼中央信託局局長尹仲容策劃下，制定代紡代織辦法，由政府管制棉紗和棉布進口，委託民間棉紡業者進行加工，1950年下半年至1953年6月實施。業者於1952年6月以前取得棉花現物作為加工工資，其後則為現金加工。業者繳回政府的紡織品，按政府之公定價格，一部分與農民進行米布交換，另一部分則經由指定商流往市場，亦可提供到自由市場，不僅開闢了財源，也節省了棉紗、棉布進口之外匯，國內的紡織工業也因此奠定了基礎。1966年，在國際紡織市場激烈的競爭下，來自臺灣的紡織品在越戰的大量需求下，躍居世界市場的第一名。<br><br>【引用自:許雪姬策劃，《臺灣歷史辭典》(臺北:文建會,2004),p.223。黃秀慧主編，《認識臺灣，回味1895~2000》(臺北:遠流,2006),p.154】",teachers_book,中華民國,經濟,"[紡織業, 尹仲容, 代紡代織, 米布交換, 越戰]",V.1/Ch.6/二十世紀臺灣的經濟發展,戰後臺灣紡織業的發展,,,
368,"1954年，時任美援會副主委的尹仲容希望利用美援發展塑膠工業，原屬意的永豐工業因認為臺灣發展塑膠製造業在國際上不具競爭力而放棄，尹仲容乃透過臺灣銀行的存款資料，發現嘉義有一個米商王永慶，擁有八百萬的存款。在尹的邀請下，王永慶決定投資PVC塑膠業。確定合作後，尹仲容親自為公司命名為Formosa，直譯為「福懋塑膠公司」。但王永慶認為「福懋」兩字筆畫多，希望改名，尹仲容同意王永慶的建議，將公司名字改為「台灣塑膠公司」，此即「台塑」的由來。研究發現「臺灣今日之大企業家，無不與當年獲配美援物資或接受美援計畫有關。」據統計，臺塑公司獲得美援75萬8千美元，占該產業總額的百分之九十六。<br><br>【引用自:中華民國全國商業總會，《Monthly bulletin, the General Chamber of Commerce, Republic of China(9)》(臺北:全國商業總會,1996),p.86。伍忠賢，《臺塑王朝:王永慶的管理與佈局》(臺北:五南,2006),p.21】",teachers_book,中華民國,經濟,"[台塑, 王永慶, 尹仲容, 美援, PVC塑膠業]",V.1/Ch.6/二十世紀臺灣的經濟發展,台塑的創建與發展,,,
369,"| | |<br>| :--- | :--- |<br>| 時間 | 1960年8月至1990年 |<br>| 目的 | 以租稅減免為主要手段，希望能在美援停止後，繼續吸取更多外資 |<br>| 內容 | 包含稅捐減免、低利貸款、投資抵減、投資工業區等 |<br>| 範圍 | 包括公用事業、礦業、製造業、運輸業、觀光旅館業等 |<br>| 結果 | 成功創造臺灣有利的投資環境，在吸引投資、獎勵出口上，皆有正面效果。但長期使臺灣的經濟資源分配扭曲，1990年，政府以《促進產業升級條例》取代 |<br><br>【引用自:李筱峰，《臺灣史100件大事(下)》(臺北:玉山社,1999),p.67】",teachers_book,中華民國,經濟,"[獎勵投資條例, 租稅減免, 外資, 投資環境, 促進產業升級條例]",V.1/Ch.6/二十世紀臺灣的經濟發展,獎勵投資條例,,,
370,"| | |<br>| :--- | :--- |<br>| 背景 | 1. 進口替代政策下，國內市場飽和<br>2. 越戰補給<br>3. 美援停止<br>→ 1960年代改採「出口擴張」策略，發展勞力密集輕工業並拓展外銷 |<br>| 依據 | 《加工出口區設置管理條例》 |<br>| 內容 | 區內投資者，可豁免自國外輸入機器設備及原料的進口稅，及原料、半製品的貨物稅，合乎《獎勵投資條例》的生產事業，還可減免營利事業所得稅 |<br>| 設置 | 1. 1966年設高雄加工出口區<br>2. 1971年設楠梓、臺中(潭子)加工出口區 |<br>| 目的 | 吸引工業投資、拓展對外貿易、增加就業機會、引進最新技術 |<br>| 結果 | 1. 工業生產指數增加6.9倍，平均每年工業成長率達17%<br>2. 1966年重工業產值比例超過輕工業 |<br>| 意義 | 1. 在臺灣經濟起飛的年代，扮演著帶頭衝鋒陷陣的角色<br>2. 全球首創兼具自由貿易區與工業區功能之經濟特區 |<br><br>【引用自:林鐘雄，《臺灣經濟發展四十年》(臺北:自立晚報,1993),p.93。段承璞，《臺灣戰後經濟》(臺北:人間,1994),p.128。李筱峰，《臺灣史100件大事(下)》(臺北:玉山社,1999),p.68】",teachers_book,中華民國,經濟,"[加工出口區, 出口擴張, 勞力密集, 高雄加工出口區, 經濟起飛]",V.1/Ch.6/二十世紀臺灣的經濟發展,加工出口區的設立與發展,,,
371,"根據統計，來臺投資的外國廠商，從1961年29家增至1968年325家，其中以日、美兩國居多，日本的數量又高於美國。可能原因是臺、日兩地距離近，臺灣又曾被日本殖民，老一輩本土人士對日本多存好感，通日語人口頗多，所以當時日本許多製造業在面臨國內工資高漲等不利因素時，自然而然便將工廠轉移至臺灣。此外，臺灣的企業家也習慣到日本「取經」，學習新的技術，例如與日本「三陽工業」技術合作的臺灣三陽機車負責人張國安就長年駐日，鑽研技術學習業務。<br><br>【引用自:中國時報，《臺灣戰後50年——土地·人民·歲月》(臺北:時報,1995),pp.287 ~ 289】",teachers_book,中華民國,經濟,"[日商, 外國廠商, 投資, 三陽工業, 張國安]",V.1/Ch.6/二十世紀臺灣的經濟發展,日商來臺投資,,,
372,"| | |<br>| :--- | :--- |<br>| 時間 | 1973年10月至1975年 |<br>| 原因 | 埃及和敘利亞軍隊進攻以色列，第四次中東戰爭爆發，石油輸出國組織(OPEC)決定暫禁石油出口。1973年12月宣布收回原油標價權，提高油價；次年1月再次宣告漲價，造成全球石油危機 |<br>| 結果 | 物價急速攀升，當時經營鞋業進出口的陳定南說:「鞋盒包裝紙，早上、中午、晚上買，價錢都不一樣。」民眾大肆搶購衛生紙、油、鹽等日用品。一位國際經銷商形容當時生意好做到「只要店裡有貨，馬上就被搬走」 |<br>| 政府對策 | 1. 採取節約措施:如縮短加油站營業時間、行政機關禁用冷氣、路燈照明減半等，並全面開放日用品進口，結果造成臺灣1974、1975年連續兩年貿易入超<br>2. 進行第二次進口替代 |<br>| 反映臺灣經濟問題 | 包括外貿依存度高、能源短缺、新興工業國的競爭、工資上升經營成本增加、公營企業效率低落等 |<br><br>【改寫自:宮崎正勝著、趙韻毅譯，《世界史圖解》(臺北:商周,2006),p.332。天下編輯，《一同走過從前》(臺北:天下,2011),pp.87 ~ 88】",teachers_book,中華民國,經濟,"[石油危機, 中東戰爭, OPEC, 物價攀升, 進口替代]",V.1/Ch.6/二十世紀臺灣的經濟發展,第一次石油危機,,,
373,"| | |<br>| :--- | :--- |<br>| 實施時間 | 1973年11月至1979年陸續完成 |<br>| 目的 | 消除當時重大基本設施不足的瓶頸，並提高經濟活動的效率，而重工業化的投資則是希望改善臺灣原本的產業結構 |<br>| 項目 | 交通建設:中山高速公路、鐵路電氣化、北迴鐵路、中正國際機場、臺中港、蘇澳港<br>重化工業:大煉鋼廠、造船廠、石化工業<br>核能發電(蔣經國院長原本只提出「九項建設」，為求十全十美，又加上此項) |<br>| 影響 | 儘管當時一些經濟學家反對如此鉅額的政府資金，蔣經國卻表示:「今天不做，明天就會後悔」。後來的事實證明，政府果斷採取一系列嚴厲措施，使1975年的通貨膨脹下降到5%。十大建設的大規模投資，彌補民間投資之不足，克服了停滯性的通貨膨脹與失業問題，緩和經濟衰退，進而促使景氣迅速復甦 |<br><br>【改寫自:費正清等主編，《劍橋中華人民共和國史》(上海:上海人民,1992),pp.976 ~ 977。李俐歆，《十大建設和經濟奇蹟》(臺中:莎士比亞文化,2006),pp.5 ~ 39】",teachers_book,中華民國,經濟,"[十大建設, 蔣經國, 中山高速公路, 重工業化, 基礎設施]",V.1/Ch.6/二十世紀臺灣的經濟發展,十大建設,,,
374,| | |<br>| :--- | :--- |<br>| 發展 | 1. 指1970~1990年代經濟高度發展的四個亞洲經濟體:臺灣、南韓、香港與新加坡<br>2. 利用已開發國家欲轉移勞力密集產業的機會，吸引外資與技術來設廠製造，並調整經濟發展策略，參與國際分工的經濟路線 |<br>| 臺灣風光不再 | 1. 近年來，臺灣經濟成長率在四小龍中墊底，風光不再<br>2. 可能原因包括有:民間消費嚴重下滑、內需不振、企業猛存錢不投資、自創國際品牌不多等 |,teachers_book,中華民國,經濟,"[亞洲四小龍, 經濟成長率, 勞力密集產業, 國際分工, 內需不振]",V.1/Ch.6/二十世紀臺灣的經濟發展,亞洲四小龍發展情形,,,
375,"| | |<br>| :--- | :--- |<br>| 位置 | 位於臺灣西海岸中央，距離基隆港和高雄港各約110浬航程 |<br>| 完工 | 1976年 |<br>| 貢獻 | 1. 減輕基、高負荷:隨著臺灣進出口貿易劇增，基、高二港逐漸形成擁塞現象<br>2. 區域均衡發展:使北中南各有一個重要對外貿易門戶 |<br><br>【改寫自:臺灣省政府新聞處，《經濟發展的回顧與展望》(南投:臺灣省政府,1995),pp.342 ~ 343】",teachers_book,中華民國,經濟,"[臺中港, 貿易門戶, 區域均衡發展, 基隆港, 高雄港]",V.1/Ch.6/二十世紀臺灣的經濟發展,臺中港,,,
376,| | 李國鼎 | 孫運璿 |<br>| :--- | :--- | :--- |<br>| 生卒 | 1910~2001年 | 1913~2006年 |<br>| 學歷 | 中央大學物理學學士、英國劍橋大學物理研究所 | 哈爾濱工業大學、國防研究院 |<br>| 任職單位 | 臺灣造船公司、經濟安定委員會工業委員會、美援運用委員會、國際經濟合作發展委員會、經濟部 | 臺灣電力公司、交通部、經濟部、行政院 |,teachers_book,中華民國,經濟,"[李國鼎, 孫運璿, 經濟安定委員會, 美援運用委員會, 臺灣電力公司]",V.1/Ch.6/二十世紀臺灣的經濟發展,李國鼎與孫運璿,,,
377,"| | |<br>| :--- | :--- |<br>| 時間 | 1980年12月正式運作，是臺灣第一個科學工業園區 |<br>| 成立背景 | 產業外移、國際保護主義的抬頭及臺幣升值等，臺灣不僅要面對勞力密集、出口導向的開發中國家之急起直追，也要與已開發國家的高科技產業競爭。因此，必須推動產業升級，與相互配合的措施，才能帶動經濟的持續發展 |<br>| 設立目的 | 1. 引進和培養技術人才，把科學研究和實際生產結合<br>2. 研發高級工業品，促進臺灣產業由勞動密集轉向技術密集 |<br>| 分期建設 | **期數**: 第一期 **時間**: 1981~1983 **重點**: 科技引進，人才培養<br>**期數**: 第二期 **時間**: 1984~1986 **重點**: 科技生根，市場拓展<br>**期數**: 第三期 **時間**: 1987~1990 **重點**: 科技突破，產品創新 |<br>| 結果 | 1. 近年產值達新臺幣1兆以上，廠商數有5百多家，就業人數超過15萬人，成功帶動了國內的經濟成長<br>2. 持續不斷引進國內外旗艦級的創新公司，使臺灣的半導體及光電產業均在世界上占有重要地位(如晶圓代工值世界第一)，使竹科成為臺灣高科技產業成功經營的典範<br>3. 在「科技新貴」的號召下，使得科技相關產業成為臺灣就業者的首選之一，職業版圖就此變動洗牌 |<br><br>【改寫自:李俐歆，《電子產業的興起與發展》(臺中:莎士比亞文化,2007),p.31、新竹科學工業園區官方網站,2019年5月20日檢索】",teachers_book,中華民國,經濟,"[新竹科學工業園區, 產業升級, 技術密集, 半導體, 科技新貴]",V.1/Ch.6/二十世紀臺灣的經濟發展,新竹科學工業園區,,,
378,"臺灣之所以可以在1980年代初就提出「資訊社會」這個概念(比韓國早4年)，最主要是歸國學人的再三提倡。當時亞洲只有日本有這個觀念，其資訊工業策進會已有六、七年歷史，臺灣派人到日本考察，回國後也成立資策會發展資訊工業，歐洲起步都還比臺灣晚一、兩年。目前臺灣出口值中，電子業居第一，是全球電子產業最重要的代工基地之一。<br><br>【引用自:天下編輯，《一同走過從前》(臺北:天下雜誌,2006),pp.133 ~ 134】",teachers_book,中華民國,經濟,"[電子資訊業, 資訊社會, 歸國學人, 資策會, 代工基地]",V.1/Ch.6/二十世紀臺灣的經濟發展,臺灣的電子資訊業,,,
379,"1985年起，美國在海外純資產從債權國變成債務國，在此背景下，1986年5月美國國會通過「貿易綜合法案」，加強對所謂不公正貿易國的報復，要求臺灣逐年減少百分之十的對美貿易順差。於是，從1980年代起，美國動輒以三○一法案威脅，要求臺灣推動貿易自由化。該年12月，臺灣同意開放美國菸酒自由進口，美國才宣布取消對臺灣實施三○一法案；1987年1月通過六大財經重要變革，大幅降低進口關稅；4月在華盛頓舉行的中美綜合貿易諮商談判結束，臺灣同意六十二項農工產品平均減稅百分之五十。<br><br>【引用自:許介鱗，《戰後臺灣史記》(臺北:文英堂,1996),pp.513 ~ 514】",teachers_book,中華民國,經濟,"[經濟自由化, 貿易順差, 貿易綜合法案, 三○一法案, 進口關稅]",V.1/Ch.6/二十世紀臺灣的經濟發展,美國施壓與臺灣經濟自由化,,,
380,| | |<br>| :--- | :--- |<br>| 源起 | 1989年澳大利亞前總理霍克倡議成立 |<br>| 目的 | 希望藉由亞太地區各政府相關部門官員的對話與協商，帶動該區域的經濟成長與發展 |<br>| 成員 | 包括澳大利亞、汶萊、加拿大、智利、中國、香港、臺灣、印尼、日本、韓國、馬來西亞、墨西哥、紐西蘭、巴布亞紐幾內亞、祕魯、菲律賓、俄羅斯、新加坡、泰國、美國及越南等，計21個會員體 |<br>| 臺灣加入 | 1991年APEC主辦會員國韓國居間協調，以Chinese Taipei(中華臺北)的名義加入 |<br>| 對臺灣的意義 | 1. 與其他會員進行非正式雙邊交流<br>2. 提升臺灣參與國際組織的層次，爭取較高的國際地位<br>3. 提升臺灣在全球經濟競爭力與影響力<br>4. 藉由各國的經濟合作，獲取發展國內經濟所需之資源、商機<br>5. 與中國有良性互動<br>6. 是臺灣目前唯一能派遣高級官員與會的大型國際組織 |,teachers_book,中華民國,經濟,"[亞太經濟合作會議, APEC, 霍克, Chinese Taipei, 國際組織]",V.1/Ch.6/二十世紀臺灣的經濟發展,亞太經濟合作會議,,,
381,| | |<br>| :--- | :--- |<br>| 成立時間 | 1995年 |<br>| 總部 | 瑞士日內瓦 |<br>| 成員 | 目前共有164個成員 |<br>| 臺灣加入 | 2002年元旦，以「臺澎金馬個別關稅領域」的名義正式加入，成為第144個會員 |<br>| 參加優缺點 | 優點:享受最惠國待遇、可以參與制定國際經貿規範、創造就業機會，提高國民所得、促進產業升級，改善企業體質、擴大國際空間，提升國家地位<br>缺點:必須對所有會員國開放市場、制定規範過程中，為達最大效益，可能必須犧牲一些利益、農、工階層可能面臨嚴重的失業問題、缺乏競爭力的產業可能會被外商取代、兩岸商貿往來更密切，將影響兩岸關係的發展 |,teachers_book,中華民國,經濟,"[WTO, 臺澎金馬個別關稅領域, 最惠國待遇, 開放市場, 國際經貿]",V.1/Ch.6/二十世紀臺灣的經濟發展,臺灣加入WTO,,,
382,"1985年，政府為了振興股市，決定停徵「證券交易所得稅」，此後臺灣對外貿易順差持續擴大，民間盛行「大家樂」賭風，加上新臺幣升值，影響股市一路攀升。1988年，政府為了遏止賭博風氣，決定停辦愛國獎券，導致過剰資金及貪婪的人心突然大量轉進房市與股市，臺股於當年8月突破8,000點，1989年6月時突破一萬點，至1990年2月還衝到一萬兩千點，投資人樂觀的以為指數將很快衝到15,000點，甚至更高。股市投資人口在五年內，由47萬餘戶暴增為264萬餘戶，買股票成為全民運動，在此熱潮下也誕生許多股市名嘴和菜籃族。但1990年爆發波斯灣戰爭，隨著伊拉克入侵科威特、美元大漲等衝擊，臺股在隨後八個月內狂跌。<br><br>【引用自:許極燉，《臺灣近代發展史》(臺北:前衛,1996),pp.558 ~ 559。黃秀慧主編，《回味臺灣:1895~2000》(臺北:遠流,2005),p.200】",teachers_book,中華民國,經濟,"[股市, 證券交易所得稅, 大家樂, 新臺幣升值, 菜籃族]",V.1/Ch.6/二十世紀臺灣的經濟發展,1989年股市狂飆,,,
383,"| | |<br>| :--- | :--- |<br>| 背景 | 1. 中國:進行改革開放，設立經濟特區吸引外資<br>2. 臺灣:工資上漲、環保意識抬頭；外匯存底大量累積，新臺幣快速升值，對以出口為主的企業不利，急需到海外投資；1987年解嚴，開放大陸探親，引發中國經貿熱 |<br>| 型態 | 1. 投資:規模由中小企業逐漸轉向中大型企業，投資金額也愈來愈高<br>2. 產業:從傳統產業逐漸轉向電子產業(勞力密集到技術密集)<br>3. 地區:由東南沿海轉向長江三角洲 |<br>| 結果 | 長期以來臺、日、美關係漸轉變為臺、日、中、美的關係 |<br><br>【引用自:高希均，《兩岸經驗20年:1986年以來的經貿合作與發展》(臺北:天下遠見,2006),pp.109~112】",teachers_book,中華民國,經濟,"[臺商西進, 改革開放, 經濟特區, 解嚴, 長江三角洲]",V.1/Ch.6/二十世紀臺灣的經濟發展,臺商西進中國,,,
384,- **背景**：1665 年，陳永華向鄭經提議建聖廟、立學校，培養人才為國所用<br>- **建校**：擇承天府興建臺灣首座孔廟，旁設明倫堂，以設學延師，舉賢取士，開啟臺灣儒學的先聲，故稱「全臺首學」<br>- **考試取才**：<br>    1. 州試：天興、萬年二州三年一試，取中的生員俗稱秀才，州試有名者移府<br>    2. 府試：有名者由學院試策論，取中者貢入國子監為監生。給予廩膳，每月考試一次。三年大試，選其優異者補六官內都事，正式入仕<br><br>【改寫自：戴月芳，《再現臺灣：東寧風雲》（臺中：莎士比亞，2009），pp.22 ∼ 23；黃秀政、張勝彥、吳文星，《臺灣史》（臺北：五南，2006），pp.57 ∼ 58】,teachers_book,鄭氏臺灣,文化,"[陳永華, 鄭經, 孔廟, 全臺首學, 儒學]",V.1/Ch.7/文學、藝術發展與信仰,鄭氏時期的興學,,,
385,- **制度層級**：<br>    1. 童試：錄取者稱生員<br>    2. 鄉試：錄取者稱舉人<br>    3. 會試：錄取者稱進士<br>- **保障名額**：<br>    1. 背景：臺灣最初隸屬福建省，每逢鄉試，生員須赴福州應考。然而，臺灣士子自知中舉機率不大，加上渡海應試的風險，大多興趣缺缺<br>    2. 調整：1687 年，福建陸路提督張雲翼奏請比照甘肅、寧夏邊疆例，在福建鄉試時另編「臺」字號，固定取中 1 名，以資鼓勵。皇帝照准。此舉對臺灣生員應考起了鼓勵作用，當年就有 5 人渡海應試<br>    3. 增額：1735 年，臺灣分巡道張嗣昌再請增 1 名，於是每三年臺灣固定產生 2 名舉人。咸豐初年又增為每科 6 名。1808 年另編保障客籍的「田」字號<br>- **冒籍應考**：清治初期臺灣文風不盛，應試武科者較多，加以鄭氏遺臣不願應考，福建考生見臺籍文科的中舉機率大增，故常有冒籍應考之舉<br><br>【改寫自：楊龢之，《再現臺灣（007）：清領時期的建制與施政》（臺中：莎士比亞，2009），pp.35 ∼ 36】,teachers_book,清治臺灣,文化,"[科舉, 保障名額, 鄉試, 臺字號, 冒籍應考]",V.1/Ch.7/文學、藝術發展與信仰,清代臺灣科舉制度,,,
386,- **背景**：<br>    1. 儒學的設置已不能滿足各行政區人民向學的需要<br>    2. 義學、社學所教授內容過於簡單<br>- **設置**：<br>    1. 康熙年間僅兩所，雍正以後普遍設立<br>    2. 光緒一朝設置最多，與清廷積極治臺有關<br>- **性質**：官私合辦或官督私辦，均須向官方報備<br>- **分布**：早期以南部為多，晚期則以中、北部為盛，與政治及經濟中心北移有關<br>- **名稱**：多取自創建宗旨──「興賢育才」、「提倡文教」有關，如崇文書院、英才書院等<br>- **功能**：<br>    1. 補足學校之不足<br>    2. 教化人民、改善社會風氣<br>    3. 培育地方才俊：為清治時期仕紳階級建立之憑藉，仕紳階級也是臺灣移墾社會轉為文治社會的表徵<br><br>【改寫自：黃秀政，《臺灣史研究》（臺北：學生書局，2001），p.106、pp.127 ∼ 129】,teachers_book,清治臺灣,文化,"[書院, 儒學, 仕紳階級, 文治社會, 興賢育才]",V.1/Ch.7/文學、藝術發展與信仰,清代臺灣書院,,,
387,- **設置**：<br>    1. 1684 年，臺灣府首任知府蔣毓英於府治（位今臺南市）建社學二所<br>    2. 其後，福建巡撫張伯行令臺灣府各縣增設，社學遂遍及中南部<br>- **性質**：屬官辦性質，於鄉堡坊里設置，以便僻遠生童就學<br>- **發展**：<br>    - **漢人社學**：<br>        1. 成為文人雅士聚會結社之所，如乾隆年間嘉義縣之文彥社、道光年間彰化縣之振文社等，雖稱社學，然僅事課文、定期集會，不再具有學校之功能<br>        2. 朱一貴事件後，各地多受波及，社學漸廢，義學代興<br>    - **原住民社學**：<br>        1. 盛行於清初，遍設於南北路平埔族分布區<br>        2. 嘉慶以後，原住民社學亦漸廢弛<br>        3. 道光年間，因平埔族急速漢化，或已大規模遷徙，平埔族生童多就近進入義學就讀，原住民社學之制遂告中止<br><br>【引用自：經典雜誌編著，《臺灣教育四百年》（臺北：經典雜誌，2006），pp.46 ∼ 48；黃秀政、張勝彥等著，《臺灣史》（臺北：五南，2002），p.112】,teachers_book,清治臺灣,文化,"[社學, 蔣毓英, 漢人社學, 原住民社學, 平埔族]",V.1/Ch.7/文學、藝術發展與信仰,清代臺灣社學,,,
388,- **設置**：1706 年，始置臺灣府及臺灣、諸羅二縣義學，隨後又設鳳山縣義學<br>- **宗旨**：義學亦稱義塾，其創設旨在延請名師，聚集清寒生童，勵志讀書<br>- **性質**：<br>    1. 地方官創建，或官民義捐而成，或屬個人私設<br>    2. 入學者不必具束脩學資之儀均可就讀，其制相同，故稱義學<br>- **普設**：朱一貴事件平定後，藍鼎元參與籌辦臺灣善後事宜，指出「臺灣之患，不在富而在教」，因而倡議普設義學。自此以後，除澎湖、噶瑪蘭二地外，多設有義學<br>- **私設**：<br>    1. 道光年間，淡水廳芝蘭一堡之芝山文昌祠義塾最為著名，該義塾造就人才頗眾，可視作臺北文教發祥之地<br>    2. 1873 年，板橋林家成立大觀義學（位今板橋西門街）<br><br>【引用自：經典雜誌編著，《臺灣教育四百年》（臺北：經典雜誌，2006），pp.48 ∼ 50；黃秀政、張勝彥等著，《臺灣史》（臺北：五南，2002），pp.112 ∼ 113】,teachers_book,清治臺灣,文化,"[義學, 藍鼎元, 朱一貴事件, 芝山文昌祠, 大觀義學]",V.1/Ch.7/文學、藝術發展與信仰,清代臺灣義學,,,
389,- **別稱**：民學、書塾、學堂等<br>- **性質**：有文人自設者，有鄰堡鄉里共捐貲而設者，有殷戶宗族獨立經營者<br>- **目的**：培植學童識字讀書之能力，並為將來科舉作準備<br>- **師資**：無限制，故水準多參差不齊<br>- **修業**：年限無限制，多在 10 年左右<br>- **課程**：均限定為經學及藝文，以配合科舉應試<br><br>【引用自：黃秀政、張勝彥等著，《臺灣史》（臺北：五南，2002），p.113】,teachers_book,清治臺灣,文化,"[書房, 民學, 書塾, 科舉, 經學]",V.1/Ch.7/文學、藝術發展與信仰,清代臺灣書房,,,
390,- **出身**：解大賓因父親曾擔任新港社土目（頭目），故其自幼便被挑選進入義學學習儒家經典<br>- **職務**：1884 年中舉為武秀才，曾擔任竹塹屯總董事，負責新竹及苗栗一帶的屯務、日治初期土地調查員等職務<br>- **詩作**：其〈悲憤詩〉敘述先祖的起源及受到欺凌而四處遷徙，以及漢番的生活習俗及語言差異<br><br>【引用自：劉俊雄，〈不同漢俗不同域──晚清臺灣熟番文人的個案研究〉《臺灣學研究》14（2012.12）：p.104、107、110】,teachers_book,清治臺灣,文化,"[解大賓, 新港社, 武秀才, 悲憤詩, 熟番]",V.1/Ch.7/文學、藝術發展與信仰,解大賓,,,
391,- **出身**：<br>    1. 沈光文為明萬曆年間內閣首輔沈一貫後裔<br>    2. 1630 年考中鄉試副榜，恩准貢入太學。1644 年，清兵入關占領，他與史可法共同擁護南京的福王朱由崧，後隨魯王退守浙江，擔任太常博士。兵敗，隱居普陀山。1647 年永曆帝即位於廣東肇慶，沈光文前往依附，授太僕寺少卿<br>- **來臺**：1651 年，追隨魯王至金門。1662 年搭船前往泉州途中遭遇颱風，漂流到臺灣。同年鄭成功過世，鄭經嗣位，沈光文為賦以諷，幾致不測，避難大崗山（今高雄阿蓮），落髮為僧，法號「超光」，風波漸平之後則徙居目加溜灣（今臺南縣善化），設帳教學，行醫濟世<br>- **詩社**：<br>    1. 1683 年，鄭氏政權瓦解後，相傳沈光文曾上〈平臺灣序〉向清廷表達稱頌之意<br>    2. 1685 年沈光文與諸羅知縣季麒光等清吏，以及部分明末遺老共同組織臺灣第一個詩社「東吟社」<br><br>【改寫自：國立臺灣文學館，https://nmtl.daoyidh.com/en/main/litoverview?region=AOT7&artId=EVT14297】,teachers_book,鄭氏臺灣,文化,"[沈光文, 鄭經, 目加溜灣, 東吟社, 詩社]",V.1/Ch.7/文學、藝術發展與信仰,沈光文,,,
392,- **出身**：浙江人，長期擔任福建地方官幕僚，十分愛好旅遊<br>- **來臺**：1697 年，郁永河為補足福建彈藥庫因爆炸所損失的火藥，搭船到淡水採硫磺。他從鹿耳門登陸，拜訪地方官員並準備採硫磺的前置工作，如購買採硫工具、聘請工人等<br>- **過程**：<br>    1. 郁永河途經新港社、目加溜灣社等番社，看見平埔族人有的身上刺滿紋身、有的以耳朵大為美、有的只留頭頂上的頭髮<br>    2. 在 20 日的長途跋涉後，終於抵達淡水，請附近的原住民幫忙採硫，工人開始煉硫，但煉硫工人常因水土不服病倒，颱風也常使工作中斷，歷經艱辛才完成煉硫回福建覆命<br>- **遊記**：郁永河將在臺的所見所聞寫成《裨海紀遊》上中下三卷，此外還包括《偽鄭逸事》、《海上紀略》、《番境補遺》、《宇內形勢》等著作<br><br>【改寫自：「郁永河」，文化部國家文化資料庫，http://nrch.cca.gov.tw/twpedia.php?id=5546；郁永河，《遇見 300 年前的臺灣：裨海紀遊》（臺北：圓神，2004），pp.1 ∼ 4】,teachers_book,清治臺灣,文化,"[郁永河, 採硫磺, 平埔族, 裨海紀遊, 番社]",V.1/Ch.7/文學、藝術發展與信仰,郁永河,,,
393,- **背景**：自吳沙入墾後，因漢人的大量移入，使噶瑪蘭人生存的空間日漸縮小，生計愈來愈困難。後來雖設官治理稍加教化和保護，也有心劃出保留地以維護噶瑪蘭人的權益，但還是無法有所改善<br>- **內容**：1835 年，噶瑪蘭通判柯培元有感噶瑪蘭人飽受官吏及漢人欺壓，遂作〈熟番歌〉：「人畏生番如猛虎，人欺熟番賤如土。強者畏之弱者欺，毋乃人心太不古。熟番歸化勤躬耕，荒埔將墾唐人爭。唐人爭去餓且死，翻悔不如從前生。竊聞城中賢父母，走向城中崩厥首。啁啾鳥語無人通，言不分明畫以手，訴未終，官若聾，竊視堂上有怒容。堂上怒，呼杖具，杖畢垂頭聽官諭。嗟爾番，汝何言？爾與唐人吾子孫，讓耕讓畔胡弗聞。吁嗟乎！生番殺人漢奸誘，熟番翻被唐人醜？為父母者慮其後！」<br>- **賞析**：〈熟番歌〉描寫土地為漢人侵占的熟番赴訟於官，希望能討回公道，結果反遭官吏撻處訓斥，深刻道盡熟番的處境。他並在結語呼籲為官者要明察「生番殺人漢人誘，熟番翻被唐人醜」之原委，否則天理昭彰，因果循環，不能不為後代子孫著想啊<br><br>【改寫自：許俊雅，「熟番歌」詞條，臺灣文學館線上資料平臺，https://db.nmtl.gov.tw/site2/dictionary?id=Dictionary02149&searchkey=%E8%A8%B1%E4%BF%8A%E9%9B%85】,teachers_book,清治臺灣,文化,"[熟番歌, 噶瑪蘭人, 柯培元, 熟番, 漢人侵占]",V.1/Ch.7/文學、藝術發展與信仰,〈熟番歌〉,,,
394,- **開臺進士**：竹塹人。1818 年中舉，1823 年考取進士<br>＊在鄭用錫之前，臺灣已有陳夢球、王克捷、莊文進考取進士。陳夢球是陳永華的兒子，籍貫隸屬滿洲正白旗（按：應為漢軍正白旗），其他 2 人則被認為有冒籍考試之嫌。因此一般都認定鄭用錫才是臺灣第一位考取進士的人<br>- **貢獻**：<br>    鄭用錫是竹塹鄭家的家長，也是有名的仕紳<br>    1. 曾捐獻巨款興建淡水文廟，並建議修築淡水廳城，出任城工總理<br>    2. 鴉片戰爭之際，招募兵勇，協助防守大安港<br>    3. 1853 年，淡水廳發生分類械鬥，亦幫助官府維持治安<br>    4. 曾在明志書院擔任講席<br>- **作品**：<br>    1. 詩作：《北郭園詩鈔》，其中附有〈勸和論〉<br>    2. 地方志：淡水廳設治以來一直未修纂地方志，鄭用錫著手編纂，完成《淡水廳志初稿》，雖然未刊，卻是後來《淡水廳志》的張本<br><br>【引用自：吳密察監修，《臺灣史小事典》（臺北：遠流，2000），p.64】,teachers_book,清治臺灣,文化,"[鄭用錫, 開臺進士, 淡水廳, 北郭園詩鈔, 勸和論]",V.1/Ch.7/文學、藝術發展與信仰,開臺進士鄭用錫,,,
395,- **出身**：廣東嘉應人，號芸閣，別署雲壑，晚號鐵梅老人<br>- **來臺**：1837 年來臺，居住在苗栗銅鑼灣樟樹林莊的雙峰山。吳氏才富學高，文筆頗得臺灣道徐宗幹賞識。1868 年淡水同知陳培桂修廳志時，曾聘請吳子光主筆，歷時 3 年完成<br>- **作品**：吳子光著有《一肚皮集》18 卷，共 20 萬言，他在其中《臺灣紀事》提到：在百姓持續不斷的開採樟腦之下，「牛山濯濯，頓改舊觀」，也導致「生番失所憑依，且以山川好生，萌蘗猶存，此事於德產仍無損焉。」<br><br>【改寫自：施懿琳撰寫，「吳子光」詞條，臺灣文學館線上資料平臺，https://db.nmtl.gov.tw/site2/dictionary?id=Dictionary01310&searchkey=%E6%96%BD%E6%87%BF%E7%90%B3】,teachers_book,清治臺灣,文化,"[吳子光, 徐宗幹, 陳培桂, 一肚皮集, 臺灣紀事]",V.1/Ch.7/文學、藝術發展與信仰,吳子光,,,
396,| 詩社 | 櫟社 | 南社 | 瀛社 |<br>| :--- | :--- | :--- | :--- |<br>| | 1902 年，由霧峰林家創立 | 1906 年，由臺南連橫主辦 | 1909 年，由北部文人創立 |<br>| **影響** | 1. 凝聚了傳統文人的創作能量<br>2. 以三大詩社為核心，再擴增更多的小型詩社，進一步成為全臺性的聯吟網絡，直至 1934 年，臺灣約有 98 個詩社 |<br><br>【改寫自：施懿琳，《臺灣文學百年顯影》（臺北：玉山社，2003），p.20】,teachers_book,日治臺灣,文化,"[漢文詩社, 櫟社, 南社, 瀛社, 霧峰林家]",V.1/Ch.7/文學、藝術發展與信仰,日治時期三大漢文詩社,,,
397,- **成立**：1902 年於臺中成立<br>- **發起者**：霧峰林家林獻堂的堂兄林朝崧（癡仙）和姪子林幼春等<br>- **社名**：以臺灣割讓日本後，傳統文人過去所學已無用處，故採「櫟社樹」為「不材之木」來作比喻<br>- **立場**：反日立場鮮明<br>- **特色**：<br>    1. 成員以臺灣民族運動成員為主，林獻堂亦曾大力提倡<br>    2. 日治時期最具批判性格與抗議精神的詩社<br><br>【改寫自：施懿琳，《臺灣文學百年顯影》（臺北：玉山社，2003），pp.20 ∼ 21】,teachers_book,日治臺灣,文化,"[櫟社, 霧峰林家, 林獻堂, 林朝崧, 臺灣民族運動]",V.1/Ch.7/文學、藝術發展與信仰,櫟社,,,
398,- **出身**：<br>    1. 1878 年生於臺南府寧南坊<br>    2. 號雅堂（棠），又號劍花，別署慕真<br>- **學歷**：20 歲時負笈上海，入聖約翰大學學習俄文，但母親催促他返臺完婚，而放棄學業歸臺<br>- **事業**：<br>    1. 在臺南《臺澎日報》擔任漢文部主筆，後繼續服務於《臺南新報》、《鷺江報》（廈門）、《福建日日新報》<br>    2. 創刊《臺灣詩薈》月刊，後因財務問題而停刊<br>    3. 與友人經營「雅堂書局」，隔年即因不堪虧損而歇業<br>- **詩社**：<br>    1. 1906 年與趙雲石等在臺南創「南社」<br>    2. 1909 年入盟由林癡仙創立的「櫟社」<br>- **著作**：《臺灣通史》、《臺灣語典》<br>- **晚年**：耽於禮佛，終老中國大陸，1936 年因罹肝疾，病逝上海,teachers_book,日治臺灣,文化,"[連橫, 臺灣通史, 南社, 櫟社, 臺灣詩薈]",V.1/Ch.7/文學、藝術發展與信仰,連橫,,,
399,- **出身**：臺北板橋人。本名張清榮，筆名有一郎、劍華、野馬等<br>- **論戰**：1924 年，張我軍在《臺灣民報》發表〈致臺灣青年的一封信〉，節錄如下：「諸君怎的不讀些有用的書來實際應用於社會，而每日只知道做些似是而非的詩，來做詩韻合解的奴隸，或講什麼八股文章替先人保存臭味。想出出風頭，竟然自稱詩翁、詩伯，鬧個不休。」、「臺灣的詩文等從不見過真正有文學價值的，且又不思改革，只在糞堆裡滾來滾去，滾到百年千年，也只是滾得一身臭糞。」<br>→該文猛烈批評臺灣傳統文人及其文學活動，引發新、舊文學論戰<br>- **經歷**：<br>    1. 1929 年自北京師大畢業，歷任北京師範、北大法學院等教職<br>    2. 1945 年返臺<br>- **影響**：張我軍在臺灣現代文學運動史上，無論是理論的傳播、思想的批判，還是小說、新詩創作，都是重要的開拓者<br><br>【改寫自：許雪姬策劃，《臺灣歷史辭典》（臺北：文建會，2004），p.739。吳密察監修，《臺灣小事典》（臺北：遠流，2006），p.132。許極燉，《臺灣近代發展史》（臺北：前衛，1996），pp.389 ∼ 395】,teachers_book,日治臺灣,文化,"[張我軍, 臺灣民報, 新舊文學論戰, 致臺灣青年的一封信, 現代文學]",V.1/Ch.7/文學、藝術發展與信仰,張我軍,,,
400,| | 提倡新文學 | 支持傳統文學 |<br>| :--- | :--- | :--- |<br>| **時間** | 1924 年，張我軍用「一郎」的筆名在《臺灣民報》上發表〈致臺灣青年的一封信〉，抨擊臺灣舊文學，引發了一連串筆戰 | |<br>| **代表** | 張我軍、賴和等 | 連橫、林獻堂等 |<br>| **主張** | 批評古文不適用，阻礙文學改革 | 強調古文對臺灣文學基礎的重要性 |<br>| **情勢** | 臺灣受到中國五四運動刺激，故提倡新文學一派占有較大優勢 | |<br>| **問題** | 日治時期臺灣人對中國語言並不熟悉，要以中國白話文進行創作，有其語言轉譯的困境 | |<br>| **調和** | 因應臺灣文學的複雜性，故有呼籲新舊文學相容並蓄的聲音 | |<br><br>【改寫自：施懿琳，《臺灣文學百年顯影》（臺北：玉山社，2003），pp.40 ∼ 41、132】,teachers_book,日治臺灣,文化,"[新舊文學論戰, 張我軍, 賴和, 連橫, 臺灣民報]",V.1/Ch.7/文學、藝術發展與信仰,新舊文學論戰,,,
401,- **出身**：高雄鳥松人。一生未曾進入學校就讀，僅於私塾中自修 13 個月<br>- **主張**：<br>    1. 1930 年，在《伍人報》發表〈怎樣不提倡鄉土文學〉，引起文學界一陣騷動<br>    2. 1931 年，在《臺灣新聞》發表〈再談鄉土文學〉，重申以臺灣話文書寫臺灣鄉土文學之觀點，臺灣話文運動因而展開<br>- **作品**：橫跨新舊文學領域，新文學觀點有著社會主義的激進，舊文學裡則多見其自我心靈的表述，兩者皆表現了其關懷臺灣本土、批判醜惡世態的自主精神<br>- **地位**：黃石輝是日治時期以寫實化、大眾化的觀點提倡以臺灣話文書寫臺灣鄉土，並加以實踐的先鋒<br><br>【改寫自：國立臺灣文學館，https://db.nmtl.gov.tw/site2/dictionary?id=Dictionary01687&searchkey=%E9%BB%83%E6%96%87%E8%BB%8A】,teachers_book,日治臺灣,文化,"[黃石輝, 鄉土文學, 臺灣話文運動, 伍人報, 臺灣新聞]",V.1/Ch.7/文學、藝術發展與信仰,黃石輝,,,
402,- **出身**：彰化人，原名賴河，幼年習漢文，並接受漢文教育。筆名有懶雲、甫三、安都生等<br>- **行醫**：賴和為臺灣總督府醫學校畢業，被尊稱為「和仔仙」<br>- **社運**：<br>    1. 積極從事文化抗日運動，除加入文協，亦赴各地演講啟蒙民眾<br>    2. 1923 年，因治警事件入獄<br>    3. 1925 年，撰寫其生平第一首新詩〈覺悟下的犧牲〉，聲援「二林事件」<br>- **文學貢獻**：<br>    1. 主編《臺灣民報》「學藝欄」，培植新文學作家<br>    2. 開拓反殖民、反帝國主義、反傳統陋習的文學內容，更開創臺灣話的文學語言型式<br>    3. 主張言文一致的臺灣話文文學，以更直接、有效的方式將社會運動的主張、思想傳播給群眾<br>- **評價**：王詩琅稱他是「培育臺灣新文學的父親和母親」，楊逵說他是「臺灣關心大眾生活的文學元老」，也有人稱他是「臺灣的魯迅」、「臺灣新文學之父」、「詩醫」<br><br>【改寫自：賴和，《賴和集》（臺北：前衛，2002），pp.11 ∼ 12。林瑞明，《臺灣文學與時代精神──賴和研究論集》（臺北：允晨，1993），pp.271 ∼ 273、275、280 ∼ 281】,teachers_book,日治臺灣,文化,"[賴和, 治警事件, 二林事件, 臺灣民報, 臺灣新文學之父]",V.1/Ch.7/文學、藝術發展與信仰,賴和,,,
403,- **本名**：楊貴<br>- **筆名**：以楊逵為代表筆名，另有伊東亮、公羊、SP、狂人等名<br>- **學歷**：1925 年考取日本大學專門部文學藝術科（夜間）<br>- **社運**：<br>    1. 1927 年應臺灣農民組合之召，返臺參與農民運動，先後兩次被捕<br>    2. 1949 年因發表〈和平宣言〉遭政府逮捕，入獄 12 年<br>- **文學表現**：<br>    1. 1935 年成立臺灣新文學社，發行《臺灣新文學》，以寫實主義描寫臺灣現實<br>    2. 戰後投入臺灣社會與文學重建，並翻譯介紹中國新文學作品。1948年於《臺灣新生報》「橋」副刊上，關於臺灣新文學的論爭中，肯定日治時期臺灣新文學的歷史<br>- **作品**：〈鵝媽媽出嫁〉、〈送報伕〉等<br><br>【改寫自：許雪姬策劃，《臺灣歷史辭典》（臺北：文建會，2004），p.964；林永福，〈生在那個時代何其不幸〉《日本文摘》，9：4（臺北：1994）】,teachers_book,日治臺灣,文化,"[楊逵, 臺灣農民組合, 和平宣言, 臺灣新文學, 送報伕]",V.1/Ch.7/文學、藝術發展與信仰,楊逵,,,
404,- **刊載**：此作為楊逵以在東京送報的勞動經驗創作的日文小說，1932 年刊載於賴和主編的《臺灣新民報》文藝版，但只刊行上半部，下半部遭日本查禁<br>- **獲獎**：1934 年，該作獲選東京《文學評論》第二獎，楊逵成為首位進軍日本文壇的臺灣作家<br>- **內容**：在日本糖業政策下，臺灣農民成為製糖會社的附庸，楊君為尋求新希望，東渡日本東京。一邊求學，一邊在派報所打工，卻遭老闆欺騙與剝削，多虧一同打工的日本青年田中與佐藤幫助，才熬過困境。最後，故鄉的幼小弟妹夭折，母親也上吊自殺，哥哥卻當了巡查，欺負同胞。另一方面，派報所由於勞工們的團結，勞動條件終於獲得改善<br>- **意義**：〈送報伕〉中關於經濟大恐慌、失業問題、蔗農問題、殖民統治本質、階級剝削、知識分子的角色扮演、弱勢者團結自救等，成為日後楊逵作品的重要主題<br><br>【改寫自：許雪姬策劃，《臺灣歷史辭典》（臺北：文建會，2004），p.964；林永福，〈生在那個時代何其不幸〉《日本文摘》，9：4（臺北：1994）】,teachers_book,日治臺灣,文化,"[送報伕, 楊逵, 臺灣新民報, 賴和, 階級剝削]",V.1/Ch.7/文學、藝術發展與信仰,〈送報伕〉（日文原名〈新聞配達夫〉）,,,
405,- **出身**：原名呂石堆，臺中豐原潭子人<br>- **文學**：1935 年於日本《文學評論》發表〈牛車〉而受到矚目，此後又發表幾篇具批判性的現實主義作品<br>- **音樂**：1939 ∼ 1942 年赴東京武藏野音樂學校學習聲樂，成為臺灣優秀之男中音歌手<br>- **社運**：戰後，呂赫若於建中、北一女教授音樂，並活躍於樂界，但是日益激進，除參與《人民導報》、《自由報》、《光明報》等刊物之編輯外，亦為臺共地下黨員<br>- **逝世**：1950 年代白色恐怖期間參與鹿窟武裝事件，傳聞遭蛇咬傷而喪生<br><br>【改寫自：許雪姬策劃，《臺灣歷史辭典》（臺北：文建會，2004），p.363。林永福，〈生在那個時代何其不幸〉《日本文摘》，9：4（臺北，1994）】,teachers_book,日治臺灣,文化,"[呂赫若, 牛車, 白色恐怖, 鹿窟武裝事件, 臺共]",V.1/Ch.7/文學、藝術發展與信仰,呂赫若,,,
406,- **發表**：1935 年發表，為呂赫若成名作<br>- **內容**：主角楊添丁靠著祖傳的牛車為人運貨度日，早年「口袋裡幾乎是不斷錢的」，但日本人帶來汽車、腳踏車等新機器後，他就逐漸陷入貧窮了。儘管早出晚歸，卻仍難以掙錢，夫妻感情也瀕臨破裂。決定租田來種，但為了交頭期的租金，妻子淪為娼妓。最後為了一項「兩圓」的荒謬罰款，落了個家毀、人入獄的下場<br>- **象徵**：呂赫若藉由新機器影射殖民統治，而一些迎合「新機器」、鄙視弱勢者的人，又隱約代表著過去封建的本性。貧困的牛車主人如楊添丁等，只能在半夜毀壞「禁止牛車走路中間」的路碑來傳達恨意<br>- **意義**：該作點醒人們在追求進步的同時，應該懷抱更多的悲憫及人道主義精神<br><br>【改寫自：許雪姬策劃，《臺灣歷史辭典》（臺北：文建會，2004），p.363。林永福，〈生在那個時代何其不幸〉《日本文摘》，9：4（臺北，1994）】,teachers_book,日治臺灣,文化,"[牛車, 呂赫若, 楊添丁, 殖民統治, 人道主義]",V.1/Ch.7/文學、藝術發展與信仰,〈牛車〉,,,
407,- **語言**：日文小說<br>- **發表**：1941 年，周金波的〈志願兵〉於《文藝臺灣》發表<br>- **內容**：<br>    1. 以「臺籍志願兵」為題材，描寫三個青年在皇民化運動下的抉擇與行動。敘述者我、張明貴、高進六在時代浪潮下，對於如何成為真正的日本人而苦惱<br>    2. 在敘述者眼中，張明貴站在教育養成的立場上，支持利用皇民化運動、循序漸進改造臺灣人；改名高峰進六的高進六，積極參與皇民煉成團報國青年隊，其立場則接近信仰型態，傾向透過神靈附身的做法來體驗大和精神，藉此強化成為日本人的信念<br>    3. 在張明貴、高進六激烈爭辯不歡而散後不久，張明貴從報紙上得知高進六血書參加志願從軍的消息，張明貴與敘述者最後也同意了高進六的做法才能真正改變臺灣人，為臺灣謀福<br><br>【改寫自：國立臺灣文學館，https://db.nmtl.gov.tw/site2/ikm?id=295】,teachers_book,日治臺灣,文化,"[周金波, 志願兵, 皇民化運動, 文藝臺灣, 臺籍志願兵]",V.1/Ch.7/文學、藝術發展與信仰,周金波〈志願兵〉,,,
408,- **出身**：日本會津若松市人。3 歲隨父母來臺定居<br>- **作品**：風格受法國文學與中國文學漢詩之影響，充滿強烈的異國風味與南國情調。其內容多為臺灣鄉土歷史的描寫，筆法奇詭而鮮艷<br>- **創刊**：1940 年，西川滿創辦《文藝臺灣》，此為太平洋戰爭時期臺灣重要文學刊物，內容著眼於呈現內地「旅者」眼中的臺灣，具有浪漫的鄉土味。但隨著戰爭的進行，刊物內容也不可免的向「皇民文學」傾斜<br><br>【改寫自：國立臺灣文學館，https://db.nmtl.gov.tw/site2/dictionary?id=Dictionary01302&searchkey=%E8%A5%BF%E5%B7%9D%E6%BB%BF；國家文化記憶庫，https://memory.culture.tw/Home/Detail?Id=329083&IndexCode=Culture_Object】,teachers_book,日治臺灣,文化,"[西川滿, 文藝臺灣, 皇民文學, 太平洋戰爭, 鄉土歷史]",V.1/Ch.7/文學、藝術發展與信仰,西川滿,,,
409,- **事件前**：中華民國接收臺灣後，臺灣知識分子自發追求中國化，產出了一批反省日本殖民經驗的作品。但不久，社會問題叢生，遂出現批判新統治者的小說<br>- **事件後**：<br>    1. 臺灣本土作家逐漸隱退：歷經時代變換的本土作家，有的因語言問題與對時局絕望而退出文壇，有的則轉往文獻整理或學術研究，有些則從作家轉為左傾的「紅色青年」<br>    2. 主要發表園地由外省的文學工作者主控<br>    3. 臺灣新一代作家的短暫崛起<br>    4. 《臺灣新生報》「橋」副刊，雖發起「臺灣文學的重建」活動，盼能振興戰後低迷的文藝空氣。但 1949 年文壇重要人物──楊逵與歌雷，因四六事件被捕，宣告戰後初期臺灣文學的終結<br><br>【改寫自：施懿琳等著，《臺灣文學百年顯影》（臺北：玉山社，2003），PP.152 ∼ 154】,teachers_book,中華民國,文化,"[二二八事件, 中華民國接收, 臺灣新生報, 楊逵, 四六事件]",V.1/Ch.7/文學、藝術發展與信仰,二二八事件前後臺灣文學界的發展,,,
410,- **背景**：政府遷臺前後，臺灣與中國文化認同衝突<br>- **主軸**：如何建立臺灣新文學<br>- **主張**：以中國為中心的文學 VS. 強調臺灣歷史特殊性<br>- **結果**：論爭內容涉及左翼思想，本省籍與外省籍作家，如楊逵、歌雷均遭逮捕,teachers_book,中華民國,文化,"[臺灣新文學, 文化認同, 左翼思想, 楊逵, 歌雷]",V.1/Ch.7/文學、藝術發展與信仰,臺灣文學論戰,,,
411,- **特色**：<br>    1. 標榜戰鬥性，並配合「反共抗俄」、「反攻大陸」政策，以軍人為對象<br>    2. 「寓政治於文意」、「朗誦比閱讀收效來得大」、「讚頌模範人物，表彰英勇故事」<br>- **發展**：<br>| 時間 | 事件 |<br>| :--- | :--- |<br>| 1950 年 | 中國文藝協會成立，宗旨為研究文藝理論，從事文藝創作，實踐三民主義文化建設，完成反共抗俄、復國建國任務，促進世界和平 |<br>| 1953 年 | 在當時救國團主任蔣經國的支持下，中國青年寫作協會成立，在反共復國的時代氛圍下，該會曾是倡導戰鬥文藝的掌旗者 |<br>| 1954 年 | 國軍推動軍中文藝運動，標舉時代化、大眾化、革命化、戰鬥化 |<br>| 1955 年 | 1. 《軍中文藝》月刊推出「戰鬥文藝筆談特輯」<br>2. 《文藝月報》雜誌推出「戰鬥文藝理論專輯」<br>3. 「中國文藝協會」舉行成立五週年紀念，發表「戰鬥！戰鬥！再戰鬥！」的「文藝戰鬥宣言」，宣稱要擴大文藝戰鬥力量 |<br>- **代表**：朱西甯、司馬中原、段彩華、王藍等<br>- **影響**：當時的小說、詩或小品文，多充斥著「反共建國」的文藝作品及言論,teachers_book,中華民國,文化,"[反共文學, 反共抗俄, 中國文藝協會, 戰鬥文藝, 軍中文藝]",V.1/Ch.7/文學、藝術發展與信仰,反共文學,,,
412,- **出身**：本名吳延玫，出生於江蘇。15 歲從軍，未接受正規教育。1949 年來臺。1962 年軍官退役後，即以寫作為業<br>- **寫作**：類型十分多元，包括反共、懷舊、武俠、鬼怪等通俗小說，堪稱多產作家，獲獎無數<br>- **作品**：主要有《雲上的聲音》、《春雷》、《山靈》、《荒原》、《狼煙》、《狂風沙》等，更有多部改編為電影、電視劇，如《路客與刀客》、《大漠英雄傳》、《鄉野奇譚》<br>- **評價**：因文筆卓越，與段彩華、朱西甯三人號稱「軍中三劍客」<br><br>【改寫自：臺灣大百科全書，「司馬中原」，http://nrch.culture.tw/twpedia.aspx?id=4601】,teachers_book,中華民國,文化,"[司馬中原, 吳延玫, 軍中三劍客, 反共, 通俗小說]",V.1/Ch.7/文學、藝術發展與信仰,司馬中原,,,
413,- **創刊**：1960 年 3 月<br>- **創刊者**：白先勇、王文興等<br>- **成員**：臺大外文系南北社社員為主，如陳若曦、李歐梵、歐陽子等。身為戰後的一代，不分外省或本省，都面臨了「認同」危機，因而被現代主義述說虛無、存在困境、人生荒謬的哀傷調性打動<br>- **宗旨**：<br>    1. 對中國文學的關心<br>    2. 刊載好文章<br>    3. 有系統地翻譯介紹西方近代藝術學派、潮流、批評思想及其作品<br>- **貢獻**：除了小說、詩、散文、戲劇的創作與評論外，也以專號方式介紹西方作家與思潮<br>- **停刊**：<br>    1. 1973 年 9 月，因為經濟難以支撐宣告停刊<br>    2. 1977 年 7 月復刊，至 1984 年停刊<br><br>【改寫自：林瑛琪，《臺灣的文學》（臺中：莎士比亞，2007），p.26；柯慶明主編，《現代文學精選集：小說》（臺北：臺大出版中心，2009），pp.3 ∼ 6】,teachers_book,中華民國,文化,"[現代文學, 白先勇, 王文興, 現代主義, 認同危機]",V.1/Ch.7/文學、藝術發展與信仰,《現代文學》雜誌,,,
414,- **出身**：廣西桂林人，其父白崇禧是桂系將領<br>- **經歷**：臺大外文系就學期間，與歐陽子等人創辦《現代文學》。1963年進入美國愛荷華大學小說創作班，獲碩士學位<br>- **作品**：<br>    1. 〈臺北人〉：描寫大陸來臺第一代人的生活，主角多曾是在大陸掌權的領導者，以及其周邊的人與生活。他們無根的飄泊感，在面對陌生的土地，也無從扎根，只能在回憶中追尋過往<br>    2. 〈芝加哥之死〉：描寫來自臺灣的留學生、學人生活，主題仍著重放逐與飄泊<br>    3. 〈孤戀花〉、〈孽子〉：描寫臺灣下層民眾生活，風格寫實、成熟<br>    4. 其他：〈火島之行〉、〈金大班的最後一夜〉、〈一把青〉等<br><br>【改寫自：林瑛琪，《臺灣的文學》（臺中：莎士比亞，2007），pp.26 ∼ 27；陳若穎、鄭文暉選評編輯，《白先勇》（臺北：海風，1992）】,teachers_book,中華民國,文化,"[白先勇, 臺北人, 現代文學, 孽子, 白崇禧]",V.1/Ch.7/文學、藝術發展與信仰,白先勇,,,
415,- **出身**：宜蘭羅東人，畢業於屏東師範學院<br>- **經歷**：受過 1950、1960 年代「現代主義」的文化洗禮，吸收一些現代小說的藝術手法反映在社會現實的作品<br>- **寫作觸角**：<br>    1. 早期：著重在社會底層小人物的描寫，反映臺灣農村社會經濟的崩潰和人們思想所受之重大衝擊<br>    2. 後期：擴及到都市生活，對臺灣社會崇洋媚外、有失民族尊嚴的現象進行深刻而銳利的批判<br>- **代表作**：〈兒子的大玩偶〉、〈蘋果的滋味〉、〈看海的日子〉等<br><br>【改寫自：李瑞騰，〈我看黃春明的小說：筆尖所及正在社會的脈動上〉《中國時報》，1994 年 1 月 6 日】,teachers_book,中華民國,文化,"[黃春明, 現代主義, 兒子的大玩偶, 蘋果的滋味, 鄉土]",V.1/Ch.7/文學、藝術發展與信仰,黃春明,,,
416,- **背景**：1977 年 5 月，葉石濤在《夏潮》發表〈臺灣鄉土文學史導論〉，主張以「臺灣為中心」，創作 出屬於臺灣的鄉土文學<br>- **爆發**：<br>    1. 彭歌在《聯合報》指責鄉土文學作家「不辨善惡，只講階級」，和共產黨的階級理論掛鉤<br>    2. 余光中發表〈狼來了〉一文，指責臺灣鄉土文學作家的創作觀點，與延安的「工農兵文藝」路線相似<br>- **擴散**：《中央日報》和《青年戰士報》也加入論戰。官方甚至召開座談，大舉批評鄉土文學<br>- **反擊**：鄉土文學作家認為「現代主義」文學脫離土地與人民，是沒有靈魂的軀殼<br>- **影響**：此論戰表面上是文人對文藝創作的路線之爭，但私下卻隱含複雜多變的因素。論戰雖止，但卻悄悄為 1970 年代中期的統獨之爭，揭開序幕<br><br>【引用自：李筱峰，《臺灣史 100 件大事（下）》（臺北：玉山社，1999），pp.94 ∼ 95、遠流臺灣世紀回味編輯組，《認識臺灣，回味 1895 ∼ 2000》（臺北：遠流，2005），p.176】,teachers_book,中華民國,文化,"[鄉土文學論戰, 葉石濤, 余光中, 狼來了, 現代主義]",V.1/Ch.7/文學、藝術發展與信仰,鄉土文學論戰,,,
417,- **出身**：臺灣縣（今臺南）人，原籍福建漳州。祖父林登榜康熙年間來臺，營布商兼業砂糖<br>- **經歷**：<br>    1. 數次參加科考，皆名落孫山。爾後繼承家族海運事業，來往於兩岸之間。1778 年在臺南興築宅第，名曰「蓬臺書室」<br>    2. 1789 年，50 歲為歲貢生，63 歲再以資授中書銜。熱心公益，築城、修孔廟、救災賑難<br>- **藝術表現**：<br>    - **書法**：以行草書體居多，筆畫挺健蒼勁；草書作鵝群體，得宋代雷簡夫骨法。元代以後流行以書法筆意畫竹，林朝英卻以畫竹筆意寫字，尤其撇捺之筆，像片片竹葉，人稱「竹葉書」<br>    - **繪畫**：多見墨竹、花卉題材，罕見人物畫，但有一幅〈自畫像〉傳世。作畫時將書法筆趣融入繪畫中，表現豪放狂肆的野趣，個性鮮明<br>    - **其他**：通文學亦能竹雕<br>- **地位**：身兼貿易商、書生、鄉紳、慈善家多重身分，被視為清治臺灣本土重要的藝術家<br><br>【引用自：「林朝英」，文化部國家文化資料庫，http://nrch.cca.gov.tw/twpedia.php?id=2361】,teachers_book,清治臺灣,文化,"[林朝英, 蓬臺書室, 竹葉書, 墨竹, 藝術家]",V.1/Ch.7/文學、藝術發展與信仰,林朝英與其藝術成就,,,
418,- **分布**：<br>    1. 南部因開發較早，園林數量較多，但亦因歷史悠久，反不易保留<br>    2. 現存園林以中、北部居多<br>- **園主**：有官宦、文人、富農、巨賈等<br>- **規模**：面積最大的是霧峰林家萊園，有三萬多平方公尺；其次是板橋林本源園邸，有一萬六千平方公尺；其他約在一千多到兩千平方公尺<br>- **建築**：以亭、榭、樓、閣為主<br>- **型態**：<br>    1. 建築物及花木山石居中，水池環繞於外，如臺南歸園<br>    2. 建築物以水為中心散置於不規則的池水邊，以潛園、北郭園為代表<br>    3. 將庭園置於建築物的一側，偶有水榭深入水中，池之四周有環池小路，如嘉義大林省園<br>    4. 水池置於庭園之端點，通常是遊園路徑終點的高潮，很適合接待大批賓客，此型以板橋林本源園邸為代表<br><br>【引用自：李乾朗，《臺灣建築閱覽》（臺北：玉山社，1996），pp.106 ∼ 111】,teachers_book,清治臺灣,文化,"[園林, 霧峰林家萊園, 板橋林本源園邸, 潛園, 北郭園]",V.1/Ch.7/文學、藝術發展與信仰,臺灣園林特色,,,
419,- **興建**：清道光年間，臺灣府城鉅商吳尚新收購原屬荷蘭通事何斌的庭園舊址，沿著地勢高低建構庭園<br>- **設施**：聘名匠仿照漳州城外飛來峰的形勢，佈置假山、池臺水閣、奇花異木，極盡美觀，名為「吳園」，俗稱「樓仔內」<br>- **發展**：<br>    1. 日治：建為臺南公館，後來稱為臺南公會堂，為當時市民重要集會空間<br>    2. 戰後：改為中山堂，後再改為省立社教館並加以修繕，今庭園尚留存一部分<br><br>【改寫自：王育德紀念館，https://oitmm.tnc.gov.tw/content/index.php?m2=20；臺南市政府文化局古蹟營運科，https://historic.tainan.gov.tw/index.php?option=module&lang=cht&task=pageinfo&id=81&index=3】,teachers_book,清治臺灣,文化,"[吳園, 吳尚新, 何斌, 飛來峰, 臺南公會堂]",V.1/Ch.7/文學、藝術發展與信仰,吳園,,,
420,- **興建**：清咸豐年間，由開臺進士鄭用錫建造，為與賓客詩酒酬唱之所<br>- **得名**：此園因附近各山拱峙，如翠屏陳列，適與李白詩「青山橫北郭」之句相吻合，故取名「北郭園」<br>- **軼聞**：傳當時鄭用錫建北郭園，係為與林占梅所建之潛園一爭風采。建成後，時人以城內之潛園為「內公館」，而城外之北郭園為「外公館」<br>- **現況**：日治時期，總督府為改正市區道路，跨過北郭園中，屋宇種種築造多被折毀，現今僅存北大路舊址一片殘破景象供人憑弔<br><br>【改寫自：國家文化記憶庫，https://memory.culture.tw/Home/Detail?Id=167185&IndexCode=Culture_Object】,teachers_book,清治臺灣,文化,"[北郭園, 鄭用錫, 林占梅, 潛園, 內公館]",V.1/Ch.7/文學、藝術發展與信仰,北郭園,,,
421,- **背景**：「本源」二字為林國華（本記）、林國芳（源記）家號之合稱<br>- **興建**：林家於清咸豐年間建三落大厝之後可能即醞釀興築園林，陸續完成書屋及方鑑齋等建築。至光緒年間，由林維源投下鉅金修茸，將各園景串連起來，形成一座有體系的園林，光緒始告全部落成<br>- **發展**：<br>    1. 日治：臺灣被割讓日本後，板橋林家為避難，林維源等人遷入內地，從此未再返臺，僅令彭壽、祖壽回臺管理家產。日治初期，園邸在日本管理下一切如舊，但是後期已開始遭受破壞<br>    2. 戰後<br>        1. 隨政府遷臺人士眾多，不少人選擇林家作為暫棲之地，隨後也有臺籍人士相繼入住<br>        2. 在居住者的違章建築行為與任意拆建之下，內部的毀壞更嚴重，因此激起了國內外人士呼籲保存的行動，並開始謀求遷出現住戶、整修維護經費籌措等問題的解決之道<br>        3. 1977 年，林本源祭祀公業將林家花園的產權捐給臺北縣政府，並捐出 1100 萬元作為整修經費<br>        4. 1982 年底，花園的修復工程開始，經歷 4 年修復完成，終獲致今日保存的成果<br><br>【改寫自：文化部，https://cloud.culture.tw/frontsite/inquiry/emapInquiryAction.do?method=showEmapDetail&indexId=50770】,teachers_book,清治臺灣,文化,"[林本源園邸, 板橋林家, 林維源, 三落大厝, 林家花園]",V.1/Ch.7/文學、藝術發展與信仰,林本源園邸,,,
422,- **興建**：清光緒年間，林文欽中舉後，為感激其母羅太夫人養育之恩，特地大規模整建花園以供母親頤養天年<br>- **得名**：以老萊子彩衣娛親典故，命名為「萊園」<br>- **設施**：萊園初建時，是個依山傍水的閩南式林園，與火燄山九九峰連成一片，擣衣澗引自山泉，順著地勢，蜿蜒到達五桂樓前的小習池，形成園內無數的自然景觀<br>- **據點**：日治時期的萊園曾是櫟社詩人們的聚會所、文化協會「夏季學校」的上課處，更是林獻堂招待賓客或匯聚知識分子共商臺灣前途的重要據點<br>- **發展**：<br>    1. 1930 年代：林獻堂引入江南庭園與西洋建築風格加以整建，使其結構更為宏麗<br>    2. 1945 年之後：萊園因疏於照料逐漸失去原有風貌，直到 1990 年代大規模整修，才使萊園景觀再現<br><br>【改寫自：霧峰林家花園 | 林獻堂博物館園區，https://memory.culture.tw/Home/Detail?Id=167185&IndexCode=Culture_Object】,teachers_book,清治臺灣,文化,"[萊園, 林文欽, 老萊子, 櫟社, 林獻堂]",V.1/Ch.7/文學、藝術發展與信仰,萊園,,,
423,- **寺廟**：模仿古代宮殿或府第，包括三川殿門廳、正殿、後殿與左右護室，年代較晚者亦興築鐘鼓樓<br>- **佛寺**：規模完整時，包含山門、天王殿、鐘鼓樓、大雄寶殿、法堂、禪堂與方丈室等，稱為「叢林」，如白河大仙寺及臺南開元寺<br>- **道觀**：樣式多樣，也重視地理風水，建築格局有仿宮殿之傾向，如木柵指南宮<br>- **儒廟**：<br>    1. 多由官方所建，清代規定府、縣儒學，除孔廟外也附建明倫堂或書院，兼有教育功能<br>    2. 功能齊全者，包括萬仞宮牆、半月池、櫺星門、儀門、大成殿、崇聖祠、禮樂器庫、東西廡，以及明倫堂和奎閤<br><br>【引用自：李乾朗，《臺灣廟宇裝飾》（臺北：傳藝文化籌備處，2001），pp.15 ∼ 17】,teachers_book,清治臺灣,文化,"[宗教建築, 寺廟, 佛寺, 道觀, 儒廟]",V.1/Ch.7/文學、藝術發展與信仰,各類宗教建築特色,,,
424,- **出身**：祖籍漳州，清道光年間出生於嘉義民雄，本名葉麟趾，作品署名為葉王。葉王自小受父親葉清嶽影響，喜歡泥塑製陶，後由粵籍交趾陶匠挖掘，特地傳授他交趾陶技法<br>- **特色**：<br>    - **交趾陶**：多用於廟宇裝飾，題材廣泛，涵蓋小說人物與歷史典故<br>    - **人像**：多半形體不大，胎質薄、重量輕，表現手法精緻，栩栩如生<br>    - **用色**：以寶石釉為長，早期較為樸素，以紅、黑為主；中期以後用色更廣，善用胭脂紅、翡翠綠等，其中「胭脂紅」為葉王獨創的新釉色，是葉王派最重要的特徵<br>- **作品**：<br>    1. 主要分布於嘉南地區，但部分作品因翻修、盜取與損壞，多已不傳<br>    2. 1980年，臺南學甲慈濟宮數十件葉王珍品遭竊，廟方遂決定將葉王多數作品卸下，轉藏至「葉王交趾陶文化館」中，之後部分遭竊作品被買回也納入館藏<br>- **傳承**：弟子有黃得意、許子瀾等人<br>- **稱譽**：<br>    1. 有「臺灣交趾第一人」之譽<br>    2. 作品在巴黎世界博覽會展出時，被評為「臺灣絕技」<br>    3. 日治時期，代表臺灣藝術參與日本舉辦的世界博覽會，屢獲好評<br><br>【改寫自：劉文三，《臺灣宗教藝術》（臺北：雄獅，1995），pp.168 ∼ 170；褚如君，〈抹上一道胭脂紅──臺灣瑰寶葉王交趾陶〉，引自數位典藏說你的故事，http://content.teldap.tw/index/blog/?p=3128】,teachers_book,清治臺灣,文化,"[葉王, 交趾陶, 胭脂紅, 臺灣絕技, 學甲慈濟宮]",V.1/Ch.7/文學、藝術發展與信仰,交趾陶開山匠師──葉王,,,
425,| 組織 | 武館 | 文館 |<br>| :--- | :--- | :--- |<br>| **類別** | 宋江陣、獅陣等 | 南管、北管、太平歌等音樂團體 |<br>| **特色** | 具自衛組織之色彩 | 農村業餘娛樂團體 |<br><br>【改寫自：劉枝萬，《臺灣民間信仰論集》（臺北：聯經，1983），p.375】,teachers_book,清治臺灣,文化,"[武館, 文館, 宋江陣, 南管, 北管]",V.1/Ch.7/文學、藝術發展與信仰,武館與文館,,,
426,- **風格**：鑼鼓喧天、豪邁激昂的音樂風格，適合戶外節慶氣氛<br>- **樂器**：<br>    1. 平日練習：多使用金屬製的鼓架與大鑼槓<br>    2. 出陣：將特製的木雕鼓架與大鑼槓加入遊行隊伍，以彰顯社團的氣勢<br>- **型態**：包含排場、出陣、粉墨登場<br>- **類型**：<br>    1. 亂彈戲班：科班出身具職業性質<br>    2. 子弟館：由業餘成員組成<br>- **械鬥**：清治中葉，蘭陽地區子弟團因唱腔、樂器、信仰的差異，分為西皮、福祿兩派音樂系統，自此引發相互嫉視而釀成職業團體械鬥<br><br>【改寫自：典藏臺灣，https://digitalarchives.tw/Exhibition/4625/1.html；簡秀珍等，《北管文物風華：宜蘭總蘭社捐贈文物修復特展專輯圖錄》（宜蘭：國立傳統藝術中心，2003），pp.18 ∼ 21】,teachers_book,清治臺灣,文化,"[北管, 亂彈戲班, 子弟館, 械鬥, 西皮福祿]",V.1/Ch.7/文學、藝術發展與信仰,北管,,,
427,- **傳入**：由中國閩南地區傳入臺灣<br>- **風格**：詞曲與音樂幽遠抒情、婉約有致<br>- **樂器**：琵琶、雙鐘、三弦、二弦、洞簫、四塊、叫鑼、拍板等<br>- **戲曲**：包含七子戲、九甲戲等，亦為魁儡戲、布袋戲後場伴奏<br><br>【改寫自：沈雕龍等編，《音樂下冊》（臺北：華興文教，2020），p.68】,teachers_book,清治臺灣,文化,"[南管, 閩南, 七子戲, 魁儡戲, 布袋戲]",V.1/Ch.7/文學、藝術發展與信仰,南管,,,
428,- **由來**：客家人在山間工作時，藉歌謠來抒發情感，在山谷間對唱、問答，發展出富有地方特色的曲調<br>- **地區**：主要流行於廣東、福建、江西、臺灣等地的客家族群間<br>- **類型**：分為老山歌、山歌子、平板調等三大類。此三調之曲調固定，歌詞可隨意變化、即興創作<br>- **演奏**：<br>    - **鼓吹**：嗩吶為主，以北管曲調居多，小部分南管及其他地方音樂的曲牌<br>    - **弦所**：一為絲竹樂器合奏，另一類則是以嗩吶為主，絲竹樂器為輔<br>- **腔調**：<br>    1. 「九腔」：廣東省 9 種口音<br>    2. 「十八調」：歌謠中的 18 種調子<br><br>【引用自：遠足地理百科編輯組，《一看就懂臺灣文化》（臺北：遠足文化，2015），pp.180 ∼ 181】,teachers_book,清治臺灣,文化,"[客家山歌, 老山歌, 平板調, 九腔十八調, 客家族群]",V.1/Ch.7/文學、藝術發展與信仰,客家山歌,,,
429,- **服飾**：主要分為短衣與長衣，由兩片織布接起來<br>- **取材**：早期多就地取材，包括樹皮、獸皮、苧麻與香蕉絲等，目前許多阿美族部落長者仍會在豐年祭穿樹皮衣，藉以傳承服飾文化<br>- **染色**：使用植物染法，如薯榔常充作暗紅色染料，木炭則用來染黑。馬太鞍部落會把織好的布埋到濕地爛泥中，可使衣服染成咖啡色<br><br>【引用自：中國時報編輯部，《臺灣久久 臺灣百年生活印記（卷一）玩樂一百年》（臺北：天下遠見，2011），pp.267 ∼ 268】,teachers_book,原住民,文化,"[編織, 樹皮衣, 苧麻, 植物染, 阿美族]",V.1/Ch.7/文學、藝術發展與信仰,原住民編織之美,,,
430,- **提出者**：最早由考古學家劉益昌提出「南島玉路」學說，認為臺灣原住民族早在四千多年前，就曾在東南亞地區有貿易行為<br>- **主張**：<br>    1. 臺灣是南島民族發源地，從基因、語言及其文化要素等，皆可佐證之。透過出土的玉器文物顯示，臺灣南島族群與臺灣以外持有玉器族群間的關係為「臺灣史前文化是其他南島族群的『祖源』」<br>    2. 臺灣在新石器時代，是當時東南亞沿海國家的「玉器工藝」中心，玉器生產重鎮位於臺東而非今天的西部，所以從史前史角度而言，應該採取「從東部看臺灣」的思維<br>    3. 當時的臺灣人甚至在國外的玉器貿易地點設置工廠，部分玉石半成品，則由東臺灣運過去，抵達當地後再進行細緻加工<br>    4. 由於玉器的輸出與傳播，誕生了新的臺灣原住民族。劉益昌指出，東部較新的人種阿美族，可能是當時生產玉器的臺灣人在異地與東南亞國家居民通婚之後，所帶回來的新興民族<br>- **意義**：從臺灣出發的海上南島玉路，不僅是一系列貿易活動路線，更是臺灣南島祖先透過玉器流通，將海洋文化基因在太平洋諸島散播開來<br><br>【改寫自：劉益昌，「臺灣與環南海區域的早期互動：南島玉路建立與影響」摘要，http://cultureexpress.taipei/ViewEvent.aspx?id=18278】,teachers_book,史前臺灣,經濟,"[南島玉路, 劉益昌, 南島民族, 玉器, 新石器時代]",V.1/Ch.7/文學、藝術發展與信仰,南島玉路,,,
431,- **背景**：隨著日本統治臺灣，西畫也傳入臺灣。但當時的《臺灣民報》曾指出，「20 世紀初的世人幾乎不認為美術是有價值的，相反地會被罵為『畫尪仔』⋯⋯，如在書房裡畫圖的話，教師馬上就要打幾下手心。」<br>- **發展**：<br>    1. 1902 年，「國語學校」開始有圖畫課，公學校則是 1912 年才開課<br>    2. 1922 年，日本畫家石川欽一郎來臺任教，負責美術教育。石川利用課餘時間，組織了學生寫生會，暑假又增設了暑期美術講習會，這時陳植棋、李石樵、李澤藩、葉火城、楊啟東、李梅樹、陳瑛聲、倪蔣懷和藍蔭鼎等都是基本會員。他也經常利用白天帶學生在臺北市郊寫生，晚間則以座談的方式交換寫生心得。由於石川的盡心盡力，臺灣近代畫壇幾位舉足輕重的畫家，都在這時候先後踏上了畫家的生涯<br>- **畫會**：石川欽一郎推動了「七星畫壇」、「臺灣水彩畫會」的成立<br>- **展覽**：1927 年，總督府支持成立「臺灣美術展覽會」（臺展），自此臺灣西洋繪畫發展才站穩住腳。臺灣從富裕家庭開始培植買畫，請油畫家畫家族或個人的肖像<br><br>【改寫自：陳柔縉，《臺灣西方文明初體驗》（臺北：麥田，2011），pp.252 ∼ 255；謝里法，《日據時代臺灣美術運動史》（臺北：藝術家，1998），pp.69 ∼ 70】,teachers_book,日治臺灣,文化,"[西洋藝術, 石川欽一郎, 寫生, 臺灣美術展覽會, 臺展]",V.1/Ch.7/文學、藝術發展與信仰,西洋藝術傳入臺灣,,,
432,- **引進**：1920 年代，石川欽一郎等畫家引進西方技法，著重田野寫生之風，領會臺灣鄉土之美<br>- **畫會**：七星畫壇、臺灣水彩畫會、赤島社等<br>- **藝術家**：<br>    - **東洋畫（膠彩畫）**：臺展三少年：林玉山、陳進、郭雪湖<br>    - **西洋畫**：陳澄波、廖繼春、陳植棋、李梅樹等<br>    - **雕刻家**：黃土水<br>- **展覽**：<br>    - **帝展**：1907年，日本舉辦「文部省美術展覽會」，1919年改制為「帝國美術院展覽會」（簡稱「帝展」）。繼 1920 年黃土水作品入選第二屆「帝展」後，亦有多位臺灣藝術家入選<br>    - **臺展**：1927 年，臺灣總督府支持臺灣教育會創辦臺灣美術展覽會，是臺灣史上集各家作品於一堂的最大新美術展覽<br>    - **府展**：1938 年，臺展主辦權轉移至總督府，改稱府展<br>    - **臺陽美展**：1934 年，顏水龍、陳澄波等臺籍畫家聯合創立臺陽美術協會，並於次年舉辦臺陽美展，雖然反日意味淡薄，但透過自辦、自評，仍展現了相當的自覺意識<br><br>【改寫自：許雪姬策劃，《臺灣歷史辭典》（臺北：文建會，2004）；謝里法，《臺灣美術運動：日據時代》（臺北：藝術家，1995），pp.158 ∼ 201】,teachers_book,日治臺灣,文化,"[新美術運動, 石川欽一郎, 臺展三少年, 帝展, 臺陽美展]",V.1/Ch.7/文學、藝術發展與信仰,日治時期新美術運動,,,
433,- **背景**：石川欽一郎、鹽月桃甫等人為獎勵臺灣畫壇，主張仿效「帝展」形式辦理美展<br>- **成立**：1927 年，臺灣教育會成立「臺灣美術展覽會」<br>- **首屆**：<br>    - **時地**：1927 年 10 月 22 日，在臺北樺山小學大禮堂隆重揭幕<br>    - **展出**：共 128 件作品，含東洋畫 40 件和西洋畫 88 件<br>    - **入選**：入選東洋畫部的畫家裡，除了陳進（19歲，三件）、林玉山（19歲，二件）、郭雪湖（18歲，一件）三人是臺籍畫家，其餘均為日本人<br>    - **爭議**：由於「臺展三少年」都是涉足畫業未深的年輕人，所以他們的入選對於老一代已成名的畫家無非是件莫大的諷刺，老畫家們遂大肆攻擊教育會和臺展當局，又猛烈批判入選的「三少年」，要求大家主持公道<br>- **改組**：1937 年，原本應要舉辦的第 11 屆臺展因戰爭停辦一年。1938 年復辦後，主辦單位由「臺灣教育會」改為「臺灣總督府」，是為第 1 屆總督府臺灣美術展覽會，簡稱「府展」<br>- **影響**：臺展是臺灣首次集各家作品於一堂的最大美展，其權威和地位均足以操縱日後臺灣美術發展<br><br>【引用自：謝里法，《日據時代臺灣美術運動史》（臺北：藝術家，1998），pp.92、131 ∼ 133】,teachers_book,日治臺灣,文化,"[臺灣美術展覽會, 石川欽一郎, 臺展三少年, 府展, 臺灣教育會]",V.1/Ch.7/文學、藝術發展與信仰,臺灣美術展覽會,,,
434,- **成立**：1934 年於臺北成立臺陽美術協會<br>- **成員**：李梅樹、陳澄波、陳清汾、顏水龍、廖繼春、楊三郎、李石樵與日籍的立石鐵臣等<br>- **名稱**：名稱冠以「臺陽」，主要感念贊助者臺陽株式會社之創立者基隆顏家<br>- **目的**：欲將臺灣美術運動從官方擴大到民間<br>- **展覽**：1935 年開辦首屆臺陽美展<br>- **意義**：<br>    1. 臺灣現存歷史最久的美術團體<br>    2. 日治時期由臺灣畫家主導的最大民間美術團體，網羅了當時臺灣一流畫家與雕塑家<br>    3. 臺灣民族主義運動在藝術上的表現<br><br>【改寫自：簡白，〈臺陽美術繼續勇健〉，中國時報，2014 年 11 月 12 日。】,teachers_book,日治臺灣,文化,"[臺陽美展, 臺陽美術協會, 陳澄波, 顏水龍, 廖繼春]",V.1/Ch.7/文學、藝術發展與信仰,臺陽美展,,,
435,- **出身**：原名張權，號大千居士，四川內江人<br>- **經歷**：<br>    1. 1917 年赴日學習繪畫和印染<br>    2. 1919 年返回上海拜曾熙學習書畫<br>    3. 1941 年起主持敦煌莫高窟壁畫和雕塑的臨摹復原和研究，臨摹壁畫兩百餘幅<br>    4. 1949 年來到臺灣，後來又轉居世界各地<br>    5. 1957 年被紐約世界藝術家協會推舉為當代第一畫家<br>    6. 1976 年回到臺灣，搬至外雙溪附近定居<br>- **畫風**：由典雅走向豪邁，從傳統走入現代，為國畫寫下了嶄新的里程碑<br>- **作品**：代表作有〈長江萬里圖〉、〈廬山圖〉、〈煙雨歸舟〉等<br><br>【改寫自：「張大千」，遠流智慧藏線上臺灣歷史辭典，http://tkb.nmth.gov.tw/Doth/Article.aspx?2451】,teachers_book,中華民國,文化,"[張大千, 敦煌莫高窟, 國畫, 長江萬里圖, 廬山圖]",V.1/Ch.7/文學、藝術發展與信仰,張大千,,,
436,- **出身**：本名溥儒，字心畬，號西山逸士，清朝恭親王奕訢之孫<br>- **經歷**：<br>    1. 1922 年取得柏林大學博士學位，之後在北平藝專任教<br>    2. 1938 年開始與張大千合作許多畫作<br>    3. 1949 年隨政府來臺，任教於臺灣師範大學藝術系<br>    4. 1954 年以《寒玉堂畫論》一書獲得教育部第一屆美術獎<br>    5. 1959 年 6 月於歷史博物館舉辦「溥心畬書畫個人展」<br>- **畫風**：其山水畫宗法宋元，以淡雅見長，較少烘染，著重線條鉤摹<br><br>【改寫自：「溥心畬」，遠流智慧藏線上臺灣歷史辭典，http://tkb.nmth.gov.tw/Doth/Article.aspx?3318】,teachers_book,中華民國,文化,"[溥心畬, 恭親王奕訢, 寒玉堂畫論, 張大千, 山水畫]",V.1/Ch.7/文學、藝術發展與信仰,溥心畬,,,
437,- **出身**：原名韞之，號君璧，廣州人<br>- **經歷**：<br>    1. 1919 年自廣東公學美術科畢業，師從李瑤屏，後在廣東、四川各省從事美術教育<br>    2. 1948 年來臺後，任臺灣師範大學藝術系教授兼主任，曾獲頒「中華文藝獎」、「國家文藝特別貢獻獎」等<br>- **畫風**：其水墨畫風格揉合中西，擷取西方寫實技法，如近景透視及光影明暗效果，融合濃墨與乾筆側鋒筆法，以自成風格，創點線交雜畫法，尤以流泉飛瀑與煙靄雲霧著稱<br>- **稱譽**：渡海三家：張大千、溥心畬、黃君璧<br><br>【改寫自：「黃君璧」，遠流智慧藏線上臺灣歷史辭典，http://tkb.nmth.gov.tw/Doth/Article.aspx?3140】,teachers_book,中華民國,文化,"[黃君璧, 渡海三家, 水墨畫, 流泉飛瀑, 臺灣師範大學]",V.1/Ch.7/文學、藝術發展與信仰,黃君璧,,,
438,- **創立**：1957 年，由師大美術系畢業生劉國松、郭東榮、李芳枝等人創會，並於中山堂舉行首屆畫展<br>- **名稱**：以「五月」為名，一則是預定每年 5 月展出作品，再者是有意取法國巴黎「五月沙龍」的實驗精神，因此初期的「五月畫會」多少呈現出對於學院體制畫風的質疑及革新主張<br>- **發展**：<br>    1. 1960 年代起<br>        1. 成員：陸續加入莊喆、陳庭詩、韓湘寧等外省籍藝術家，改變了最初創辦成員以臺籍藝術家較多的情況<br>        2. 走向：從初期接受西式風格為主，後期慢慢走向力求在作品中尋找東方民族性，畫會成員的創作風格最終也轉向抽象趣味<br>    2. 1980 年代後，年輕一代畫家投入，雖仍以「五月」作為號召，卻與初始的畫會主張不盡相同<br><br>【引用自：「五月畫會」，文化部國家文化資料庫，http://nrch.culture.tw/twpedia.php?id=2384】,teachers_book,中華民國,文化,"[五月畫會, 劉國松, 五月沙龍, 抽象, 學院體制]",V.1/Ch.7/文學、藝術發展與信仰,五月畫會,,,
439,- **創立**：1957 年，由李元佳、吳昊、夏陽、陳道明、歐陽文苑、霍剛、蕭勤、蕭明賢八位畫家所創立<br>- **目標**：希望藉著創新、求進的做法，打破當時畫壇臨摹、抄襲與保守的風氣，為中國現代繪畫走出一條自己的道路<br>- **發展**：<br>    1. 關注西方現代繪畫潮流：抽象表現主義、立體主義、超現實主義等<br>    2. 中國藝術：從金石、甲骨文、中國山水、敦煌壁畫等當中學習<br><br>【改寫自：國立臺灣美術館，https://ntmofa-collections.ntmofa.gov.tw/AuthorData.aspx?AID=MDMZM7MD】,teachers_book,中華民國,文化,"[東方畫會, 現代繪畫, 抽象表現主義, 李元佳, 蕭勤]",V.1/Ch.7/文學、藝術發展與信仰,東方畫會,,,
440,- **興起**：1970 年代，臺灣文藝界主流由現代主義轉向鄉土主義，包含鄉土文學的興起、民歌運動、雲門舞集的成立、洪通畫展的熱潮等<br>- **意涵**：不單獨指涉「本鄉」、「本土」，也包含「民族主義」、「民間藝術」、「素人藝術」與「寫生畫家」等<br>- **主張**：<br>    1. 相信自我文化的重要性，文化創作可以從原有的傳統中吸取養分，再造新的文化面貌<br>    2. 藝術的表現內容與形式，必然與傳統有關，是在地的與當代化的<br>    3. 重視寫生，尤其是具有臺灣本地特色的常民文化、鄉土風光、山川大地等地實地觀察<br>    4. 鄉土不只是臺灣，也包含中國大陸<br>- **影響**：在洪通與朱銘的風潮下，也帶動了大眾對素人藝術家及前輩畫家的關注，如李梅樹等<br><br>【改寫自：二十世紀臺灣美術，https://theme.ntmofa.gov.tw/artnew/html/2-4/105.htm。倪再沁，《臺灣美術的人文觀察》（雄獅，1995），pp.18 ∼ 22】,teachers_book,中華民國,文化,"[鄉土主義藝術, 現代主義, 鄉土文學, 素人藝術, 洪通]",V.1/Ch.7/文學、藝術發展與信仰,鄉土主義藝術,,,
441,- **出身**：原名金火，藝名雪湖，生於臺北大稻埕<br>- **經歷**：1927 年參加首屆臺灣美術展覽會獲入選，隔年獲臺展特選，此後多次獲獎<br>- **畫風**：風格多樣，有精細鉤線敷彩的膠彩畫，也有簡化造型的裝飾風格，從中國傳統的水墨山水與青綠山水基礎，並受近現代日本畫的影響，表現優雅而厚實的風格<br>- **影響**：細膩刻畫臺灣一草一木的畫風逐漸影響畫壇，有「雪湖派」之稱，漸形成「臺灣畫派」<br>- **代表畫作**：以〈南街殷賑〉為例<br>    1. 景象：描繪迪化街的中元節慶時，商店林立，人潮來往的熱鬧景象<br>    2. 風味：當時的迪化街樓房實際只有兩層樓，但如實繪畫，會顯得上半部空虛處太多，不夠熱鬧，故為畫面的效果需要，郭雪湖將整條街的房子都再加高了一層樓，並以頗具鄉土特色的黃土、紅、藍、綠等色系為其色調，搭配招牌與市井人物，富有臺灣鄉土民俗風味<br>    3. 特色：全畫呈現出滿坑滿谷的廣告看板，文字之多，比重之大。此為繪畫藝術裡少見表現方法，正好可作為民俗學與社會學絕佳材料，也可推知 1930 年代臺北人的生活<br><br>【改寫自：臺灣網路美術館，http://vr.theatre.ntu.edu.tw//fineart/painter-tw/kuohsuehhu/kuohsuehhu.htm】,teachers_book,日治臺灣,文化,"[郭雪湖, 膠彩畫, 南街殷賑, 迪化街, 臺灣畫派]",V.1/Ch.7/文學、藝術發展與信仰,郭雪湖,,,
442,- **出身**：1932 年出生於山東，戰後進入師範大學藝術系就讀<br>- **經歷**：曾出任香港中文大學藝術系教授，回臺後又在東海大學、臺南藝術大學任教，期間也赴中國各地舉行展覽及演講示範，大力推動「水墨現代化」<br>- **風格**：<br>    1. 在學期間自創在西洋油畫的畫布上塗上石膏，做出如同水墨畫的崇山峻嶺、參天古木、雨雪紛飛的效果，創作出中西並兼的作品<br>    2. 不久他放棄原作畫風格，改以紙筋很粗的燈籠紙，加上他以狂草入畫的筆法，創造出獨特的「抽筋剝皮皴」<br>- **技法**：在香港任教期間，研究「水拓」技法，亦即利用顏料在水面上自然流動所形成的波紋為基礎，在其上作畫。水拓的形象千變萬化，為畫家的繼續加工提供豐富多樣的基礎<br>- **影響**：劉國松不斷以創新的技法為傳統國畫注入新生命，成為現代水墨運動最重要的推手<br><br>【引用自：張孟起，〈劉國松──水墨現代之父〉《新臺灣新聞週刊》，第 626 期，2008 年 3 月 20 日】,teachers_book,中華民國,文化,"[劉國松, 水墨現代化, 抽筋剝皮皴, 水拓, 現代水墨]",V.1/Ch.7/文學、藝術發展與信仰,劉國松,,,
443,- **出身**：1888 年生於苗栗頭份，1906 年自總督府國語學校畢業，赴日學習西洋樂，為首位留日音樂家<br>- **推廣**：畢業後返臺，於國語學校擔任音樂科助教授，並與友人組成業餘音樂團體「玲瓏會」，推廣及提升臺灣音樂<br>- **先驅**：1922 年，張福興前往即將因興建發電廠而被淹沒的南投日月潭水社，蒐集原住民的傳統樂音，並將其整理成《水社化蕃杵の音と謠》一書，是臺灣民族音樂學研究的先驅者<br>- **作品**：<br>    1. 樂譜：1924年自費出版民間音樂工尺譜與五線譜對照的樂譜：《支那樂東西樂譜對照女告狀》（簡稱《女告狀》），被認為是「臺灣第一本工尺譜與五線譜對照的漢族民間樂譜」<br>    2. 校歌：節奏工整、有朝氣<br>    3. 佛曲：以樸素的旋律配上平衡的節奏，頗能表現宗教音樂的肅穆<br><br>【改寫自：客家雲，http://cloud.hakka.gov.tw/details?p=%20483】,teachers_book,日治臺灣,文化,"[張福興, 留日音樂家, 玲瓏會, 民族音樂學, 女告狀]",V.1/Ch.7/文學、藝術發展與信仰,張福興,,,
444,- **出身**：生於臺北大稻埕，6 歲時隨父母移居福建廈門。1923 年時前往日本讀中學，後就讀工業學校，進修聲樂及作曲<br>- **成名**：1932 年進入古倫美亞唱片公司，以歌手「江文也」之名錄製歌曲而成名<br>- **創作**：<br>    1. 先後受教於橋本國彥、山田耕筰、齊爾品等大師，創作多部管弦樂曲、鋼琴曲、舞劇、合唱曲，著名的有〈臺灣舞曲〉、〈白鷺鷍的幻想〉、〈孔廟大成樂章〉、鋼琴曲〈斷章小品集〉，作品中有著濃厚的臺灣、東方元素，廣獲國際肯定<br>    2. 1938 年，受軍部派遣前往北京師範學院擔任音樂教授，課餘創作〈孔廟大成樂章〉、〈北京點點〉、〈東亞民族進行曲〉等，透過音樂展現他的儒學與東方宗教思想<br>    3. 戰後創作了大量中國調式天主教聖歌<br>- **迫害**：<br>    1. 1957 年在「反右運動」因臺灣人身分被劃為右派，教學、演奏、出版權利盡被剝奪<br>    2. 文革期間接受多年勞改<br>- **評價**：生於臺灣、長於日本、死於中國的江文也，流轉於東亞國境之間，飽受政治敵視與苦難。然而他的歌聲與音樂作品，至今仍是從臺灣出發、躍上國際音樂舞臺的巔峰之作<br><br>【改寫自：國立臺灣歷史博物館，https://audio.nmth.gov.tw/audio/zh-TW/Location/Detail/426c46bb-d465-42df-bac0-266a0a5318e2】,teachers_book,日治臺灣,文化,"[江文也, 臺灣舞曲, 孔廟大成樂章, 反右運動, 文革]",V.1/Ch.7/文學、藝術發展與信仰,江文也,,,
445,- **電影**：1932 年由阮玲玉、金焰主演；上海聯華影業製片印刷公司出品<br>- **歌曲**：來臺放映時，業者為招徠觀眾，敦聘大稻埕著名「辯士」（默片時代的劇情解說人）詹天馬寫詞，王雲峰譜曲，寫下主題曲，由純純主唱<br>- **內容**：描述富家子愛上牧羊女，但因為家世背景的差異及傳統禮教的束縛，遭到家人攔阻。男女主角雖然相愛，卻礙於門戶懸殊，而受盡屈辱<br>- **影響**：<br>    1. 歌曲隨著電影宣傳而傳唱全臺，引起了日籍企業家柏野正次郎的重視，乃成立了古倫美亞唱片公司，並錄製唱片發行，也使〈桃花泣血記〉成為臺灣第一首流行歌曲<br>    2. 〈桃花泣血記〉開啟臺灣流行歌壇的序幕，而這種「劇情歌詞」也影響了日後的創作方式<br><br>【改寫自：莊永明，〈用歌聲寫下了這段歷史：日據時代臺灣流行歌曲初探〉，《日本文摘》，9：4（臺北，1994），pp.64 ∼ 76；鄭恆隆、郭麗娟，《臺灣歌謠臉譜》（臺北：玉山社，2002），p.47】,teachers_book,日治臺灣,文化,"[桃花泣血記, 詹天馬, 王雲峰, 流行歌曲, 古倫美亞]",V.1/Ch.7/文學、藝術發展與信仰,桃花泣血記,,,
446,- **查禁**：1950 年省新聞處召開多次「臺灣省歌曲影劇書刊審核查禁委員會」，開始查禁不當歌曲<br>- **禁歌**：<br>    1. 〈補破網〉：被認為歌詞過於灰暗<br>    2. 〈燒肉粽〉：第三段表達了社會黑暗面而被禁唱<br>    3. 〈收酒矸〉：歌曲呈現臺灣社會的困苦現況，將使中共引之宣傳，而被禁<br>    4. 〈鹽埕區長〉：歌詞淫穢或不知所云<br>    5. 〈悲戀的酒杯〉：違反當局禁止酒色財氣規定<br><br>【引用自：黃裕元，〈戰後臺語流行歌曲的發展〉，國立中央大學歷史研究所碩士論文，2000 年，pp.201 ∼ 206】,teachers_book,中華民國,文化,"[臺語歌曲, 查禁, 禁歌, 補破網, 燒肉粽]",V.1/Ch.7/文學、藝術發展與信仰,臺語歌曲備受限制,,,
447,- **興起**：1971 年中華民國退出聯合國；1972 年，美國總統尼克森出訪北京，臺灣外交處境的孤立使年輕人開始萌發「用自己的語言，創作自己的歌曲」的想法，並喊出「唱自己的歌」之口號<br>- **名稱**：運動初期以貼近「民眾」生活以及思考意識，故自詡為「民歌」。但後來受到質疑其既非臺灣「民」歌，也不是中國「民」歌，應稱為「校園民歌」<br>- **發展**：<br>    1. 1975 年，楊弦和胡德夫在臺北中山堂演唱以余光中的詩譜曲的作品〈鄉愁四韻〉，被視為是臺灣現代民歌發展的開始<br>    2. 1977 年，廣播人陶曉清邀請楊弦、吳楚楚、韓正皓、胡德夫四位民歌手灌錄唱片《我們的歌》，帶動校園民歌風潮。之後新格唱片公司推出金韻獎，海山唱片公司創辦「民謠風」，這兩項民歌創作比賽，將民歌帶入商業化，此時脫穎而出的創作者，成為之後臺灣唱片市場的基礎<br>    3. 商業化改變了民歌的初衷，唱片業者以賺錢為導向，歌手畢業後出國深造、服兵役，造成了人才斷層。1982 年金韻獎停辦，海山唱片結束營業，到了 1980 年代末期，隨之盛行的是臺灣另一階段的流行音樂<br>- **特色**：以吉他、鋼琴伴奏，自編自寫，自彈自唱，具有意境簡約、旋律簡單易唱的風格<br>- **代表**：〈橄欖樹〉、〈風中的早晨〉、〈捉泥鰍〉等<br><br>【改寫自：呂鈺秀，《臺灣音樂史》（臺北：五南，2003），pp.195 ∼ 203】,teachers_book,中華民國,文化,"[校園民歌, 唱自己的歌, 楊弦, 陶曉清, 金韻獎]",V.1/Ch.7/文學、藝術發展與信仰,校園民歌,,,
448,- **負面看法**：有些新知識分子反對歌仔戲，如文化協會與《臺灣民報》的人士。尤其是臺灣民眾黨，更將「反對歌仔戲」列為重要政策。反對理由不外乎是歌仔戲非常淫蕩，會紊亂風紀、破壞家庭，使男女入迷、墮落等<br>- **正面肯定**：<br>    1. 連雅堂在《雅言》中提到：「臺北近有歌仔戲⋯⋯，余意此劇頗符合鄉土文學，如得有心人而管理之，腳本、腳色均為選擇，求適時代，為社會教育之補助；則其號召力，比之改良戲、文化劇尤為易。」<br>    2. 文人黃得時在〈談談臺灣的鄉土文學〉提及：「什麼是鄉土文學呢？⋯⋯歌仔戲這幾年來盛行全島，到處極博好人氣⋯⋯臺詞使觀眾們無論男女老幼，盡皆會了解所演唱的。這點堪稱在本島的演劇史上，畫了一個新時代。戲劇的民眾化是必然的趨勢。」還提到，如果有好的劇本，歌仔戲是可以進入藝術殿堂的<br><br>【引用自：王見川、李世偉，《臺灣的宗教與文化》（新北：博揚文化，1999），pp.397 ∼ 398】,teachers_book,日治臺灣,文化,"[歌仔戲, 知識分子, 文化協會, 臺灣民報, 連雅堂]",V.1/Ch.7/文學、藝術發展與信仰,日治時期知識分子眼裡的歌仔戲,,,
449,| | 舊劇 | 新劇 |<br>| :--- | :--- | :--- |<br>| **傳入** | 唐山過臺灣、篳路藍縷以啟山林時，隨著原鄉記憶一同而來的傳統戲曲 | |<br>| **代表** | 南管、北管、京劇、布袋戲、皮影戲、歌仔戲等 | |<br>| **瓶頸** | 因循傳統，無法表現創意，內容也多為老舊的「古冊戲」，引來新時代青年的改革呼聲 | |<br>| **別稱** | | 時人多以「文化劇」稱之，因為內容首重宣傳與教化 |<br>| **風行** | | 引進各種日本新劇，演出後風行一時，並配合以文協為主的民族運動，扮演著文宣隊及戲劇改良者的角色 |<br>| **瓶頸** | | **少娛樂性**：有崇高理想，但效果不佳，很難滿足一般民眾的需求<br>**型式過簡**：演出型式簡單，演劇中場常穿插「小奇術」（魔術）、唱遊、跳舞等項目<br>**劇情太深**：非智識階級者較難理解，加以缺少專業演員及內行的指導，效果不佳<br>**票價太高**：看戲者必須是有錢有閒人士或有心人 |<br><br>【改寫自：〈張維賢與新劇運動〉，http://blog.yam.com/jamesontw/article/1608187；邱坤良，《舊劇與新劇：日治時期臺灣戲劇之研究（1895 ∼ 1945）》（臺北：自立晚報，1992）】,teachers_book,日治臺灣,文化,"[舊劇, 新劇, 文化劇, 傳統戲曲, 民族運動]",V.1/Ch.7/文學、藝術發展與信仰,舊劇與新劇,,,
450,- **出身**：本名林麗花，宜蘭員山人<br>- **崛起**：<br>    1. 3 歲時，加入母親楊好所在的宜蘭知名歌仔戲劇團「宜春園」<br>    2. 18 歲時，以《陸文龍》一劇走紅，奠定「臺灣歌仔戲第一小生」的名號<br>- **成就**：<br>| 年代 | 事項 |<br>| :--- | :--- |<br>| 1960 | 1. 重心主要放在戲院演出的內臺戲，許多電影院為了楊麗花，把內裝改成適合歌仔戲演出的舞臺<br>2. 1965 年，開啟電臺與電視的事業 |<br>| 1970 | 1. 楊麗花的黃金時期，也讓她成為臺灣歌仔戲的同義詞<br>2. 她所組的「臺視歌仔戲團」，不僅讓歌仔戲藉由電視媒體得以流傳，也培養如潘麗麗與陳亞蘭等名伶 |<br>| 1990 | 1. 解嚴後，因各國影視娛樂進入及有線電視興起，電視歌仔戲漸衰<br>2. 1994 年，楊麗花終止與臺視的合作關係<br>3. 繼續培養新人，並將觸角伸向大型舞臺，1991 年以來陸續於國家戲劇院推出大型劇作，如《雙槍陸文龍》、《梁祝》等代表作 |<br><br>【改寫自：林美璱，《歌仔戲皇帝：楊麗花》（臺北：時報文化，2007）】,teachers_book,中華民國,文化,"[楊麗花, 歌仔戲, 宜春園, 臺灣歌仔戲第一小生, 臺視歌仔戲團]",V.1/Ch.7/文學、藝術發展與信仰,楊麗花,,,
451,- **出身**：父親黃海岱創設五洲園，從雲林虎尾發跡。黃俊雄 14 歲開始學布袋戲，與其他學徒一起接受嚴格訓練，他回憶道：「略有差錯，爸爸一棒子敲下來，我常被打得滿頭包。」<br>- **出師**：出師成名後，他轉到大戲院演出，將戲偶放大為兩尺一，也將父親的戲碼「忠勇孝義傳」改名為「雲州大儒俠」，主角史炎雲改為史豔文<br>- **轟動**：1970 年，臺視開播的「雲州大儒俠」原本每週一集，結果大轟動，改為天天播出，當時每天中午「家家戶戶都在看史豔文」<br>- **停播**：1974 年，政府以布袋戲「妨礙農工作息」為由，要求停播。臺視與黃俊雄本想改編金庸小說，但成本過高便放棄了<br>- **轉型**：後來布袋戲熱潮不再，他藉由錄影帶市場打天下，兒子黃文擇、黃強華的霹靂布袋戲，更讓黃家五洲園系統，在有線頻道寫下另一章奇蹟<br><br>【改寫自：中國時報編輯部，《臺灣久久 臺灣百年生活印記（卷一）玩樂一百年》（臺北：天下文化，2011），pp.113 ∼ 116】,teachers_book,中華民國,文化,"[黃俊雄, 布袋戲, 雲州大儒俠, 史豔文, 霹靂布袋戲]",V.1/Ch.7/文學、藝術發展與信仰,黃俊雄布袋戲,,,
452,- **創立**：1929 年，陳明吉與蔡炳華共組「明華歌劇團」<br>- **發展**：<br>    1. 太平洋戰爭爆發後，明華歌劇團為少數在皇民化運動下獲准演出的劇團<br>    2. 戰後，明華歌劇團更名為「明華園」<br>- **轉型**：1962 年，由於電視臺開播及本土文化受到政府的打壓，原本堅持在內臺演出的明華園決定轉戰外臺<br>- **復興**：<br>    1. 將傳統歌仔戲融入現代劇場、實驗劇場以及電影分場的節奏<br>    2. 巧妙結合音樂、戲劇、舞蹈、民俗、美術與聲光等各類藝術，使明華園的大舞臺充滿魔幻般的魅力與神話的傳奇感<br>- **成就**：<br>| 時間 | 事項 |<br>| :--- | :--- |<br>| 1982 | 以《父子情深》獲得全國戲劇比賽的冠軍，打響「明華園」的知名度 |<br>| 1983 | 帶領歌仔戲由「外臺」回到「內臺」，並進一步走入國家表演藝術的最高殿堂「國家戲劇院」，建立明華園的口碑 |<br>| 1993 | 陳明吉榮獲紐約美華藝術協會頒發「終身藝術成就獎」 |<br>| 1997 | 開創出臺灣第一個以現代化、企業化與制度化手法經營的傳統劇團 |<br>- **現況**：<br>    1. 由總團長陳勝福領軍的明華園戲劇總團，旗下共有天、地、玄、黃、日、月、星、辰八個子團與四個協力團隊<br>    2. 臺灣最具規模的表演藝術團隊，也是臺灣足跡遍布最遠、觀眾階層最廣、戲劇版圖最寬的表演藝術團隊<br><br>【改寫自：明華園戲劇總團，http://www.twopera.com/；邱婷，《明華園：臺灣戲劇世家》（臺北：獨家，1995）】,teachers_book,日治臺灣,文化,"[明華園, 陳明吉, 歌仔戲, 內臺, 外臺]",V.1/Ch.7/文學、藝術發展與信仰,明華園,,,
453,- **背景**：1956 年，中影模仿義大利電影的新寫實主義，拍攝《碧海同舟》<br>- **發展**：1963 年，中影總經理龔弘開始延攬新銳導演和編劇，發展自創品牌的「健康寫實」電影路線<br>- **代表**：<br>    1. 《蚵女》（1964）：劉昌博編寫，李嘉、李行導演。該片拍出臺灣特有的蚵田風光，鮮明的鄉土色彩讓觀眾耳目一新，尤其收蚵場面氣派非凡，大隊載蚵帆車由海灘湧來，倒映在波光粼粼的水面上，寫實與美感兼具<br>    2. 《養鴨人家》（1965）：李行執導，張永祥編劇。以臺灣鄉土的大自然風光，烘托臺灣養女風俗的人倫孝道和親情，片中所強調的寬恕仁厚就是健康寫實片的主軸<br><br>【引用自：「健康寫實電影」，文化部國家文化資料庫，http://nrch.culture.tw/twpedia.aspx?id=21187】,teachers_book,中華民國,文化,"[健康寫實電影, 中影, 龔弘, 蚵女, 養鴨人家]",V.1/Ch.7/文學、藝術發展與信仰,健康寫實電影,,,
454,- **崛起**：1980 年代<br>- **風潮**：侯孝賢、吳念真、小野、柯一正、楊德昌等新銳編導，突破舊式電影的窠臼與束縛，擺脫「三廳式」不食人間煙火的愛情故事，揚棄當時以大卡司為賣點的所謂「社會寫實」電影，用心拍出具有人文關懷的清新題材，從而蔚為「新電影」的風潮<br>- **代表作品**：<br>    1. 1982 年《光陰的故事》：為「新電影」風潮拉開序幕<br>    2. 1983 年《小畢的故事》：由陳坤厚導演、侯孝賢編劇。拿下金馬獎最佳導演與最佳劇本、最佳影片 3 項大獎，將新電影浪潮推向高峰<br>- **發展**：這些新銳編導起初在藝術表現及票房上均有不錯的表現，也都獲得國內外影展的肯定。但經過 4 ∼ 5 年後，票房每下愈況，臺灣的電影陷入困境，國片市場低迷<br><br>【引用自：中國時報，《臺灣戰後 50 年──土地．人民．歲月》（臺北：時報，1995），p.366】,teachers_book,中華民國,文化,"[新浪潮電影, 侯孝賢, 楊德昌, 光陰的故事, 小畢的故事]",V.1/Ch.7/文學、藝術發展與信仰,新浪潮電影,,,
455,- **出身**：客家人，1906 年出生於桃園龍潭的書香門第，3 歲時隨父遷居臺北<br>- **經歷**：<br>    1. 臺北師範學校畢業後，曾擔任教職<br>    2. 1929 年至日本東京音樂學院深造<br>    3. 1932 年任職於古倫美亞唱片公司，1939 年被迫辭去古倫美亞唱片公司職務，轉到芎林公學校任教<br>- **創作**：<br>    1. 1933年，李臨秋將〈望春風〉的歌詞交給鄧雨賢譜曲，首度合作就造成轟動。又陸續創作〈雨夜花〉、〈四季紅〉、〈滿面春風〉等膾炙人口的歌曲<br>    2. 皇民化運動後，臺語歌曲被禁，將〈望春風〉、〈雨夜花〉等改填日語歌詞為〈大地在召喚〉、〈榮譽的軍伕〉<br>    3. 鄧雨賢在戰時多以筆名「唐崎夜雨」發表，期間暗地譜下〈昏心鳥〉一曲，藉由屈就於深山日夜悲鳴的鳥雀自喻<br>- **凋零**：<br>    1. 1942 年被迫更改姓名為「東田曉雨」，鬱鬱寡歡，憂悶成疾<br>    2. 1944 年，因肺病與心臟之併發症病逝，僅 39 歲<br><br>【改寫自：文靜，〈臺灣歌謠的奇葩──鄧雨賢〉（臺灣咁仔店，http://www.taiwan123.com.tw/musicface/face03-2.htm）】,teachers_book,日治臺灣,文化,"[鄧雨賢, 望春風, 雨夜花, 四季紅, 皇民化運動]",V.1/Ch.7/文學、藝術發展與信仰,鄧雨賢,,,
456,- **背景**：傳統臺灣偏文輕武、缺乏運動概念<br>- **發展**：日治時期，將源於西方的運動技能，經由學校系統開始落實於課程之中，臺灣學生也才開始做體操、打棒球、摔柔道等<br>- **案例**：<br>    1. 臺灣第一位醫學博士杜聰明，雖然成績非常優異，卻因為身材瘦小、身體檢查得到「丙下」，差一點不能錄取總督府醫學校，所以入學後，他天天游泳、做體操，讓自己的身體變強健<br>    2. 前經濟部長楊基銓在回憶錄中指出，讀臺中一中時，體操、武道的成績要納入學科總成績。嘉義農林學校入學考試，也是體能測驗通過後才能筆試，包括「一百公尺、一千五百公尺跑步、跳遠」等<br><br>【改寫自：陳柔縉，《臺灣西方文明初體驗》（臺北：麥田，2011），pp.213 ∼ 217】,teachers_book,日治臺灣,文化,"[體操, 運動, 杜聰明, 總督府醫學校, 楊基銓]",V.1/Ch.7/文學、藝術發展與信仰,臺灣人的體操體驗,,,
457,日治時期是臺灣旅遊活動由「個人探險」轉變至「制度化」旅行的重要時期。以學校旅行為例，1920 年代，各級學校在學期中的旅行規劃已經相當成熟，小學有一天來回的遠足，每年兩次的全校遠足是重要的年中行事。1932 年，南師附屬公學校五月份遠足地點是前往下鯤鯓，以五、六年級的腳程會安排走約十二公里的距離。九月份的遠足是關廟，距離市區約二十五公里。都會小學生的遠足，通常會安排接觸田園風光，或到海邊看魚塭、撿貝殼。遠足的行程安排配合各年級的體力，以適度距離的健行，培養學生堅持的決心。<br><br>【引用自：鄭麗玲，《躍動的青春：日治臺灣的學生生活》（臺北：蔚藍文化，2015），pp.288】,teachers_book,日治臺灣,社會,"[遠足, 學校旅行, 制度化, 南師附屬公學校, 健行]",V.1/Ch.7/文學、藝術發展與信仰,日治時期遠足活動,,,
458,- **背景**：日治初期，臺灣仕紳對西式教育的唱歌、體育課疑慮甚多，或輕視為遊戲，或懷疑這種身體訓練可能會被抽調去當兵，所以互相告誡萬萬不可讓自家子弟入學<br>- **首見**：臺灣最早的運動會出現在 1898 年的國語學校，地點位於臺灣第一座近代公園——圓山公園，項目則有百米賽跑、拔河、趣味競賽，如兩人三腳、袋鼠跳等<br>- **發展**：日治時期臺灣多數的運動會都順利開幕，也和平閉幕。學生在運動場上透過各項運動競技，盡力展現身體的力與美，甚至挖掘出不少的體育長才<br>- **特殊**：日治臺灣最有名的運動會，為 1930 年的霧社公學校所辦的聯合運動會，因賽德克族利用此次賽事發動霧社事件<br><br>【引用自：鄭麗玲，《躍動的青春：日治臺灣的學生生活》（臺北：蔚藍文化，2015），pp.211 ∼ 218】,teachers_book,日治臺灣,社會,"[運動競賽, 運動會, 國語學校, 圓山公園, 霧社事件]",V.1/Ch.7/文學、藝術發展與信仰,日治時期運動競賽,,,
459,- **出身**：臺南人，1937 年赴日本跟隨日本現代舞之父石井漠學習<br>- **經歷**：<br>    1. 1946 年返臺，在臺南開設「蔡瑞月舞踊藝術研究所」<br>    2. 1949 年白色恐怖期間，受丈夫雷石榆案牽連入獄；遇到大型晚會，仍要出獄演出再返獄服刑<br>    3. 1989 年與兒子移居澳洲，2005 年逝世<br>- **創作**：編舞創作最初取材基督教的詩歌及《聖經》，後來又加入臺灣各類的南管、民俗、寺廟鼓吹等音樂歌謠、民間傳說等元素。不僅為臺灣開闢了許多現代舞、芭蕾舞、民族舞、舞劇的創作資源、環境與觀念，累積了傲人的演出記錄，更留下了寶貴的舞蹈創作與資產<br>- **作品**：代表作有《印度之歌》、《牢獄與玫瑰》、《黛玉葬花》等<br>- **成就**：<br>    1. 1994 年獲教育部頒民族藝術「薪傳獎」<br>    2. 2001 年獲臺美基金會頒「臺灣人文成就獎」<br>    3. 2005 年獲總統府頒發褒獎令，由兒子代表接受<br><br>【改寫自：陳佳士，〈蔡瑞月〉（文建會電子報，http://www.cca.gov.tw/images/epaper/20110916/epaper_03.html）。蔡瑞月口述，蕭渥廷主編，《臺灣舞蹈的先知：蔡瑞月口述歷史》（臺北：文建會，1998）】,teachers_book,中華民國,文化,"[蔡瑞月, 現代舞, 石井漠, 白色恐怖, 薪傳獎]",V.1/Ch.7/文學、藝術發展與信仰,蔡瑞月,,,
460,- **創辦**：1973 年由林懷民創辦，是臺灣第一個職業舞團，也是華語社會第一個當代舞團<br>- **名稱**：雲門之名來自於中國古書《呂氏春秋》中的一句話：「黃帝時，大容作雲門，大卷⋯⋯」，「雲門」意指中國最古老的舞蹈，相傳存在於五千年前的黃帝時代，舞容舞步均已失傳，只留下這個美麗的舞名<br>- **作品**：〈薪傳〉、〈九歌〉、〈家族合唱〉、〈流浪者之歌〉、〈水月〉、〈竹夢〉、〈行草〉等,teachers_book,中華民國,文化,"[雲門舞集, 林懷民, 當代舞團, 薪傳, 九歌]",V.1/Ch.7/文學、藝術發展與信仰,雲門舞集,,,
461,- **週歲**：嬰孩滿 1 歲是人生歷程的大日子，俗稱「度晬」<br>- **禮俗**：將 12 項吉祥物品放在竹篩之內，讓嬰孩自行抓取，藉此預測嬰孩未來的職業。準備的物品有其意涵：書（讀書人）、筆墨（書畫家）、印（當官）、算盤（商賈）、錢幣（富貴）、雞腿（食祿）、尺（工藝）、斧（林業）、蔥（聰明人）、芹菜（勤勉）、田土（地主）、稻草（農業）、秤（從商），也有人準備蒜（算盤）、剪刀（裁縫）、元寶（有財）<br>- **演變**：<br>    1. 隨著時代進步，抓週的物品不再依循古法，放的可能是滑鼠（資訊）、聽筒（醫生）、六法全書（律師、法官）等當代的東西<br>    2. 以往只有男生可以抓週，今日因平權觀念，女生也能參與這項習俗<br><br>【引用自：國立臺灣歷史博物館，《臺灣生活圖曆》（新北：廣場，2014），pp.64 ∼ 65】,teachers_book,清治臺灣,社會,"[抓週, 度晬, 禮俗, 週歲, 平權]",V.1/Ch.7/文學、藝術發展與信仰,抓週,,,
462,- **意義**：屬成年禮的一種，表示孩童已經長大成人，必須自立自足<br>- **由來**：相傳天帝有 7 個女兒，老么織女因與牛郎相戀而忘卻本分，天帝憤而將兩人分開，其子女就由織女的 6 個姊姊代為照顧，所以民間認為「七娘媽」是小孩的守護神<br>- **儀式**：<br>    1. 孩子年滿 16 歲時，家長要帶孩子到廟裡感謝七娘媽的照顧與還願，大多選在七夕<br>    2. 祭品除牲禮、雞酒、油飯、麵線、四果之外，還會準備鏡子、胭脂、梳子、針線、玉蘭花等。此外，還要準備「七娘媽亭」，這是種利用竹條和紙糊成的三層紙亭，是七娘媽的住所<br>    3. 祭拜過後，孩子必須先鑽過七娘媽的供桌，再從父母所舉起的「七娘媽亭」下左右各鑽 3 圈，然後拿下紅布袋，成為「脫貫」，最後將「七娘媽亭」燒給七娘媽使用，儀式完成<br><br>【改寫自：呂理政，《臺灣生活圖曆：黃金田民俗畫 X 現代生活曆》（新北：廣場，2014），pp.170 ∼ 171】,teachers_book,清治臺灣,社會,"[作十六歲, 成年禮, 七娘媽, 七夕, 七娘媽亭]",V.1/Ch.7/文學、藝術發展與信仰,作十六歲,,,
463,- **問名**：透過媒人交換雙方生辰八字，燒香供在神明桌上 3 天，一切平安即通過考驗<br>- **訂盟**：即訂婚，俗稱「小定」（送定）<br>    1. 男方親屬擇日帶著聘禮，連同媒人前往女方家<br>    2. 女方將聘禮供於神桌前，準新娘則端甜茶給男方親友喝，後者要包個「壓茶甌」<br>    3. 準新郎將戒指套入準新娘手指，叫做「掛手指」<br>    4. 儀式結束後，女方收下部分聘禮，並將禮餅分送親友，把婚約消息分享出去<br>- **大定**：即納采、納幣、請期、親迎。禮俗隆重，前一天男方備妥牲禮祭祀神明、祖先；隔天，女方準備喜燈、禮香、禮燭等 12 色禮品，稱為「賀謝神」。大定之日，男方備妥聘禮前往女方家迎親，到門口時，門前鞭炮聲響，女方點香奉告神明、祖先，並將女方證書交付媒人。儀式結束後，女方收下部分聘禮，其餘還給男方，再贈禮餅給親友<br>- **調整**：隨著工商業步調加快，現代人已較少全程依循，通常以「訂婚」一次解決<br><br>【改寫自：呂理政，《臺灣生活圖曆：黃金田民俗畫 X 現代生活曆》（新北市：廣場，2014），pp.235 ∼ 237】,teachers_book,清治臺灣,社會,"[婚俗, 問名, 訂盟, 大定, 聘禮]",V.1/Ch.7/文學、藝術發展與信仰,傳統婚俗,,,
464,- **定義**：指涉一定的地域範圍，以及這個範圍內所有居民義務性的共同祭祀組織與祭祀活動<br>- **範圍**：依其範圍大小，有部落性、村落性、超村落性與全鎮性等不同層次，它與漢人的村落組織與村莊聯盟有著密不可分的關係<br>- **對象**：涵蓋天地神鬼等多種神靈，但有一個主祭神<br>- **活動**：<br>    1. 信徒在此地域共同舉行祭祀，不僅建廟或修廟是由居民共同出資，也會有頭家或爐主的設置<br>    2. 神明慶典時會上演公戲，也會有神明遶境的活動<br><br>【改寫自：教育大市集，https://market.cloud.edu.tw/resources/web/170188】,teachers_book,清治臺灣,社會,"[祭祀圈, 地域, 主祭神, 頭家, 爐主]",V.1/Ch.7/文學、藝術發展與信仰,祭祀圈,,,
465,- **神祇**：廣東省潮、惠、梅三州之鄉土神，也是潮州府境內明山、巾山、獨山的鎮山神<br>- **神像**：目前的三山國王神像外觀是仿自桃園三結義，大王仿劉備（白臉），二王仿關公（紅臉），三王仿張飛（黑臉）<br>- **傳說**：關於三山國王的民間傳說很多，都是以協助地方除害禳疾，化解水旱和刀兵之災為最<br>- **廟宇**：臺灣的三山國王廟十分普遍，有些廟宇的主神為媽祖、觀音、三官大帝等，配祀神為三山國王或是其中一位。部分廟宇甚至將三山國王廟的巾山、明山、獨山國王神像換成劉備、關公、張飛<br>- **現象**：主祀神的更換，一說與分類械鬥有關，當祭祀群體（客家人）因械鬥離開群居地，寺廟神也隨著族群的轉換而更替<br><br>【改寫自：〈三山國王〉，文化部國家文化資料庫，http://nrch.culture.tw/twpedia.aspx?id=6255。杜立偉，〈臺灣三山國信仰研究述評〉《臺灣文獻》第 59 卷第 3 期，2008.9，p.160】,teachers_book,清治臺灣,文化,"[三山國王, 鄉土神, 客家人, 分類械鬥, 鎮山神]",V.1/Ch.7/文學、藝術發展與信仰,三山國王,,,
466,- **傳說**：開漳聖王本名陳元光，是開發中國福建漳州地區的功臣。關於陳元光的傳說有三：<br>    1. 唐僖宗時進士：曾率軍平定漳州一帶民亂，並大力經營開發，死後被封為威惠聖王，成為地方保護神<br>    2. 唐末奉旨接掌父親福建將軍之職：在平定潮州盜匪後，上〈建州縣表〉呈請在潮州與泉州間設置漳州開發<br>    3. 五代閩國王審知之大將：開拓龍溪、彰浦、南靖等 7 縣，設置漳州府於龍溪，帶領漢人移居，死後被當地人民供奉為開漳聖王<br>- **祖籍神**：清代，福建、廣東的移民大量移至臺灣後，開漳聖王變成來臺漳州人的祖籍神，同時也為臺灣陳姓人士所祭祀<br>- **廟宇**：全臺以開漳聖王為主神的廟宇有 60 餘座，以宜蘭縣比例最多，顯示早期漳州人入墾分布區域的情形<br><br>【引用自：〈開漳聖王〉，文化部國家文化資料庫，http://nrch.culture.tw/twpedia.aspx?id=4425】,teachers_book,清治臺灣,文化,"[開漳聖王, 陳元光, 祖籍神, 漳州人, 地方保護神]",V.1/Ch.7/文學、藝術發展與信仰,開漳聖王,,,
467,- **生平**：姓吳名夲，又稱吳真人，979 年出生於福建泉州府同安縣，卒於 1036 年。自幼被視為神童，長大後專攻醫術，以濟世救人為本<br>- **傳說**：<br>    1. 醫虎喉：某日，一隻老虎吞食一名老太婆時，骨頭哽在喉嚨痛苦不堪。老虎跪求路過的吳真人醫治，並發誓不再傷人，真人乃將骨頭拔出。為報答此恩，老虎請求真人收為坐騎，故保生大帝廟裡也都供奉虎爺<br>    2. 點龍睛：古時有一隻老龍患有眼疾，一直無法醫好，只好化為一名老人，前往真人住所求醫。真人一看便知此人非人類，仍幫其治療眼疾，老龍眼睛因此得以復明，拜謝而去<br>    3. 明成祖永樂年間，孝慈皇后患了乳疾，群醫無策，太子昭告天下尋求名醫，大帝化為道人，以懸絲診治癒之，然後乘鶴而去。太子即位後，晉封大帝為「昊天金闕御史慈濟醫靈妙道真君萬壽無極保生大帝」，保生大帝的名號自此流傳<br>- **祖籍神**：保生大帝的信仰隨著閩南移民而到臺灣，是民間崇拜的醫藥神，也是泉州同安縣移民的鄉土神<br><br>【改寫自：戴寶村、王峙萍，《從臺灣諺語看臺灣歷史》（臺北：玉山社，2004），pp.320 ∼ 322】,teachers_book,清治臺灣,文化,"[保生大帝, 吳夲, 醫藥神, 祖籍神, 泉州同安]",V.1/Ch.7/文學、藝術發展與信仰,保生大帝,,,
468,- **神祇**：福建泉州安溪籍移民的原鄉守護神，民間俗稱「祖師公」，安溪人稱「安溪佛」，本名有陳昭、陳應、陳昭應、陳普足等說法<br>- **名稱**：其號之所以為「清水」，傳說與生前於安溪修行時，禪舍旁流出清泉有關，故其修行地也被稱為清水巖<br>- **傳說**：清水祖師有許多靈驗事蹟，最廣為流傳的是屢次祈雨應驗。崇祀清水祖師的廟宇通常稱為「巖」，並流傳「有巖就有祖師公」的俗語<br>- **傳入**：清水祖師信仰由福建安溪移民引入臺灣，以北臺灣為主要發展地區<br>- **廟宇**：臺灣著名的清水祖師廟有三峽長福巖祖師廟、艋舺清水巖、淡水清水巖等<br><br>【改寫自：「清水祖師」，文化部國家文化資料庫，http://nrch.culture.tw/twpedia.aspx?id=4420。全國宗教知識網，https://religion.moi.gov.tw/Knowledge/Content?ci=2&cid=285】,teachers_book,清治臺灣,文化,"[清水祖師, 祖師公, 泉州安溪, 守護神, 三峽長福巖]",V.1/Ch.7/文學、藝術發展與信仰,清水祖師,,,
469,- **發展**：宋元時期開始，媽祖便為航海守護神<br>    1. 宋代：封為「夫人」、「妃」<br>    2. 元代：因航運發達而冊封為「天妃」，並成為全國性信仰<br>    3. 明代：明初封為「聖妃」；明成祖因派遣鄭和下西洋，為安定軍心，封為「天妃」<br>- **傳說**：<br>    1. 滿清以騎射得天下，原未注意到海神媽祖。1680 年，鄭、清於金、廈交戰時，因為一陣海風大起，使清軍獲勝，被認為是媽祖顯靈保佑，上奏後，康熙乃加封為「天上聖母」<br>    2. 施琅也將攻臺戰役勝利歸功於媽祖，於是再追封為「仁慈天后」<br>    3. 朱一貴事件與林爽文事件期間，出現許多媽祖顯靈傳說，媽祖逐漸成為臺灣民間信仰中，地位最高、也是民間的萬能女神<br><br>【改寫自：駱芬美，《被誤解的臺灣史》（臺北：時報文化，2015），pp.162 ∼ 178】,teachers_book,清治臺灣,文化,"[媽祖, 航海守護神, 天上聖母, 天后, 施琅]",V.1/Ch.7/文學、藝術發展與信仰,媽祖,,,
470,- **神祇**：民間通稱「上帝公」，在漢代是閩南人的北極星方位之神與守護航海的水神<br>- **傳說**：據傳朱元璋討伐元朝、朱棣靖難之役都因玄天上帝相助而獲勝，因此被明朝皇室視為守護神<br>- **發展**：<br>    1. 鄭氏時期，官方為強調明朝為正統，並革除荷蘭遺留的基督教信仰，因此興建多座漢人寺廟，又以玄天上帝廟與關聖帝君廟為多<br>    2. 清治時期，由於明朝曾推崇玄天上帝，故清廷刻意把玄天上帝降格，說祂生前是屠夫，玄天上帝轉變為屠宰業守護神<br><br>【改寫自：駱芬美，《被誤解的臺灣史》（臺北：時報文化，2015），pp.162 ∼ 178】,teachers_book,鄭氏臺灣,文化,"[玄天上帝, 上帝公, 守護神, 鄭氏時期, 明朝]",V.1/Ch.7/文學、藝術發展與信仰,玄天上帝,,,
471,- **定義**：臺灣南部盛行的王爺信仰，不專指某一特定神明，而是各式各樣男性鬼神的尊稱。原與處理傳染病的瘟神有關，今日信仰更加多元<br>- **身分**：學界對王爺的身分尚無定論，有學者認為王爺一律都是瘟神，也有學者認為王爺是厲鬼、歷史上的英雄人物等<br>- **儀式**：主要以王醮（瘟醮）為主，平常為 3 年、5 年或 12 年舉行一次，常見的為燒王船；也有王爺廟會舉行暗訪等逐疫儀式，以鹿港最常見<br>- **稱呼**：包括千歲、王爺、大王、老爺等<br>- **信奉**：臺灣主要信奉的王爺主要為五府千歲（尤其是池王爺）、五年千歲以及溫王爺。在一般信徒眼中，開拓臺灣的英雄鄭成功（延平郡王）、粵籍移民的祖籍神三山國王，也都是王爺<br><br>【引用自：「王爺」，文化部國家文化資料庫，http://nrch.culture.tw/twpedia.aspx?id=4417】,teachers_book,清治臺灣,文化,"[王爺信仰, 瘟神, 王醮, 燒王船, 五府千歲]",V.1/Ch.7/文學、藝術發展與信仰,臺灣的王爺信仰,,,
472,- **職位**：土地公是最基層的神明，職位相當於人間的村里長<br>- **普遍**：土地公廟隨處可見，分布最為普遍，因此有「田頭田尾土地公」的描述<br>- **神格**：土地公屬生殖神，與農業社會土地生財的觀念關係密切，於是再由生殖神轉變為財神，其神格也漸漸男性化<br>- **開墾**：由於土地開墾多要先祭祀土地神，因此早期建立的土地公廟多與各地的開墾有關，甚至可能是該地開墾的起點<br><br>【改寫自：黃秀政、張勝彥、吳文星，《臺灣史》（臺北：五南，2002），p.107。戴月芳，《臺灣的民間信仰》（桃園：莎士比亞文化，2009），pp.5 ∼ 6】,teachers_book,清治臺灣,文化,"[土地公, 田頭田尾土地公, 財神, 開墾, 土地神]",V.1/Ch.7/文學、藝術發展與信仰,土地公信仰,,,
473,- **信仰**：關羽為三國時代蜀國名將，魏晉開始被民間供奉成神。經由三國故事的流傳，形象深植人們心中，再加上流傳的神蹟，成為關公信仰內在的基礎<br>- **形象**：由於關羽英勇戰死沙場，歷代皇帝為嘉許祂為軍人楷模，鄭成功與清朝的軍營中都奉祀關公；因官方也祭拜關公，使關公信仰在民間加速流傳<br>- **演變**：今日關公除為軍警的守護神外，更有著文神、財神等信仰功能，生意人、讀書人、甚至黑社會都祭祀關公，可見其在臺灣人心中的地位<br>- **代表**：據 2005 年內政部調查，全臺共有 523 座以關公為主祀神的寺廟，最有名者為臺北的行天宮<br><br>【引用自：〈關聖帝君〉，文化部國家文化資料庫，http://nrch.culture.tw/twpedia.aspx?id=4427】,teachers_book,清治臺灣,文化,"[關公信仰, 關羽, 守護神, 財神, 行天宮]",V.1/Ch.7/文學、藝術發展與信仰,關公信仰,,,
474,- **稱呼**：城隍原意為「城牆」、「護城河」，之後逐漸演變為守護城池的神明稱呼<br>- **演變**：<br>    1. 唐、宋時期：城隍信仰開始普及，職掌更擴及陰間的司法，據說人往生後，會先被押解到城隍面前接受審判，並根據生前的善惡、功過來決定死後的去處。唐代開始對城隍進行封爵、封王<br>    2. 清代：對城隍的祭祀更加尊崇，凡地方官新到任時，必先祭拜城隍，每逢初一、十五亦定期祭拜。官方的城隍信仰也影響民間，民間將城隍爺視為陰間的地方官<br>- **傳入**：<br>    1. 鄭氏時期：赤崁地區設立第一間城隍廟<br>    2. 清治時期：官方共設置 18 座城隍廟，民間亦有私祀的城隍廟，例如霞海城隍廟即是分靈自福建泉州同安縣的城隍廟<br>    3. 日治時期：皇民化運動期間，「寺廟整理」有計畫的廢止道教廟宇，城隍信仰被當局視為迷信，遭到無情打壓，神像多被沒收或焚毀<br>    4. 戰後：臺灣民間信仰復甦，城隍廟也如雨後春筍般設立<br>- **形象**：城隍爺具有地方司法官的形象，所以在民間受到極大歡迎，至今仍歷久不衰<br><br>【引用自：「城隍爺」，文化部國家文化資料庫，http://nrch.culture.tw/twpedia.aspx?id=4443。戴月芳，《臺灣的城隍爺、王爺信仰》（桃園：莎士比亞文化，2008），pp.10 ∼ 11】,teachers_book,清治臺灣,文化,"[城隍爺, 陰間司法, 地方官, 寺廟整理, 霞海城隍廟]",V.1/Ch.7/文學、藝術發展與信仰,城隍爺信仰,,,
475,- **由來**：義民的出現，與清代官方為紀念在亂事中喪生的民兵有關，其中又以因林爽文事件、戴潮春事件的陣亡民兵為主。在收埋屍骨的地方建廟，是為義民廟或褒忠祠<br>- **分布**：由於義民以客家人為多，故義民廟幾乎集中在客家地區，並定期舉行祭儀。如 1787 年建立的新埔褒忠亭義民廟，於 1835 年開始舉行祀典活動，並逐漸成為桃竹苗地區客家人共同參與的盛大祭儀<br>- **文化**：1987 年，《客家風雲》雜誌創刊後，開始鼓吹客家人的價值。2001 年行政院客家委員會成立，將義民文化視為客家文化，隨後舉辦義民祭活動，在政治運作下，義民成為臺灣客家文化的精神<br><br>【改寫自：吳密察監修，《臺灣史小事典》（臺北：遠流，2000 年），p.73。駱芬美，《被誤解的臺灣史》（臺北：時報文化，2015），p.234】,teachers_book,清治臺灣,文化,"[義民廟, 林爽文事件, 戴潮春事件, 客家人, 褒忠亭]",V.1/Ch.7/文學、藝術發展與信仰,義民廟,,,
476,- **背景**：清治時期，因渡臺禁令之故，來臺者多為青壯男子，使得早期臺灣社會呈現陽盛陰衰的情形。多數人因未能成家立業而淪為游民，被謔稱為「羅漢腳」。當時臺灣社會形容這些人「有路無厝」、「病無藥、死無蓆」、「死無人哭」，清楚傳達他們的處境<br>- **由來**：游民舉目無親、流離失所，死後遺骨暴露，任由風吹雨打，部分善心人士會協助安葬、立廟祭祀，成為臺灣社會特有的有應公廟<br>- **信仰**：有應公信仰反映臺灣移民社會的辛酸。中國傳統喪葬觀念認為，人死後一定要有子孫祭拜，否則會變成孤魂野鬼。可能是因為害怕這些孤魂野鬼作祟造成災害，才會在這些無主墓旁蓋廟祭拜<br><br>【改寫自：林佩欣，《圖解臺灣史》（臺北：書泉，2011），p.60。經典雜誌，《臺灣慈善四百年》（臺北：經典雜誌，2006），pp.263 ∼ 264】,teachers_book,清治臺灣,社會,"[有應公, 羅漢腳, 渡臺禁令, 移民社會, 孤魂野鬼]",V.1/Ch.7/文學、藝術發展與信仰,有應公信仰,,,
477,- **由來**：地基主是臺灣民間信仰中的自然神祇，是家宅與家人的守護神。信仰由來有三：<br>    1. 陰界土地所有權人的代表：與漢人傳統營建儀式中「安龍謝土」科儀的主要對象「土地龍神」息息相關<br>    2. 原住民的「番仔祖」：由祭祀平埔族祖先儀式演變而來，因此拜地基主只有供品，卻沒有漢人信仰中常見的神像、牌位等<br>    3. 亡靈祭祀：從前家宅內居住者過世之後，因無人祭祀，為免其作祟，遂按時祭拜，使之轉為保護宅第的土地神<br>- **祭拜**：<br>    1. 一般在工地動土開工、遷居入厝時會舉行盛大的地基主祭拜儀式，請求保佑工程與安家順利<br>    2. 每年除夕會祭拜地基主，除了感謝其一年辛勞外，也期望來年能繼續保佑闔家平安<br><br>【改寫自：「地基主」，臺灣大百科全書，http://nrch.culture.tw/twpedia.aspx?id=4856】,teachers_book,清治臺灣,文化,"[地基主, 守護神, 安龍謝土, 番仔祖, 亡靈祭祀]",V.1/Ch.7/文學、藝術發展與信仰,地基主,,,
478,- **背景**：1915 年，爆發余清芳在臺南噍吧哖一處齋堂西來庵，聚眾以「大明慈悲國」名義策動抗日的「噍吧哖（西來庵）事件」<br>- **經過**：總督府平定亂事期間，曾三度針對臺灣全島各地的傳統宗教寺廟進行調查<br>- **結果**：<br>    1. 總督府出版《臺灣宗教調查報告書》，內容包括：寺廟基本資料、祭祀方法、信仰概要、附會傳說，以及對教育的影響<br>    2. 根據報告書內容，臺灣寺廟無論外觀、神祇與信仰內容，均與日本迥異，若置之不理，不但無法改變臺人的「迷信」，也難以培養日本的國民性。甚至言明，噍吧哖事件乃部分奸黠之徒利用迷信所致<br>- **影響**：<br>    1. 總督府設「社寺課」管理全臺神社與寺廟，並在其下又設「南瀛佛教會」與「臺灣佛教龍華會」統一管理臺灣傳統宗教<br>    2. 鼓勵日本佛教來臺布教<br><br>【參考自：蔡錦堂，〈西來庵事件與宗教調查〉《臺灣學通訊》，第 89 期，2015.9，pp.20 ∼ 21】,teachers_book,日治臺灣,政治,"[宗教調查, 噍吧哖事件, 西來庵, 總督府, 臺灣宗教調查報告書]",V.1/Ch.7/文學、藝術發展與信仰,宗教調查,,,
479,- **初創與轉變期（1895 ∼ 1918 年）**：<br>    1. 總督府最初對臺人宗教信仰採取寬容態度，因此除日本佛教各派來臺外，臺灣各地佛寺亦有跨地域性聯盟的情形<br>    2. 噍吧哖事件後，總督府對於臺灣本土傳統宗教有所警覺，透過宗教調查納入管理，以便有效掌握；在此同時，也出現臺灣近代本土佛教法派<br>- **黃金時期（1919 ∼ 1936 年）**：<br>    1. 據點：日本佛教各派在臺建立永久性的布教據點<br>    2. 本土佛教體系形成<br>        1. 成立中等佛教教育機構提升本土弘法人物的素質<br>        2. 派遣留學生赴日，培養高等佛教學術的人才<br>    3. 教義：對教義的規範與解釋不同，例如僧侶可結婚的觀念引發討論<br>    4. 交流：臺灣的佛教人士開始出席國際佛教交流的正式場合<br>- **皇民化時期（1937 ∼ 1945 年）**：佛教失去自主性，成為總督府推行皇民化運動的協力工具，形成日本式的「皇道佛教」，灌輸軍國主義思想，直到戰爭結束<br><br>【改寫自：「日治時期漢傳佛教的在臺發展和文化特徵」，臺灣大百科全書，http://nrch.culture.tw/twpedia.aspx?id=26283】,teachers_book,日治臺灣,文化,"[佛教, 噍吧哖事件, 總督府, 皇民化運動, 皇道佛教]",V.1/Ch.7/文學、藝術發展與信仰,日治時期佛教的發展,,,
480,- **和尚博士**：<br>    1. 日治時期，臺灣佛教界的學術水準提高，但早期從未有獲得碩士學位以上者<br>    2. 印順法師因《中國禪宗史》一書，獲日本大正大學頒授文學博士學位，成為臺灣第一位和尚博士。此書寫作背景是，1969 年印順法師因病住院期間，《中央日報》副刊發生一場由國學大師錢穆與留日還俗的楊鴻飛為首，進行《六祖壇經》是誰寫的大辯論。印順於是蒐集各方資料，詳細分析後，寫出一部禪學由印度式轉為中國式的研究專著。此書一出，即被各方視為經典之作，這也是臺灣佛教界獲得國際學界評價最高的一本書<br>- **人間佛教**：<br>    1. 定義：近代漢傳佛教的一場現代化改革運動<br>    2. 發展<br>        1. 民初，由於佛教衰微，太虛大師開始提倡「人生佛教」，以因應儒家倫理、基督教慈善和科學思潮，後來發展成為「人間佛教」，積極讓佛教走入人群<br>        2. 「人間佛教」由印順、證嚴、聖嚴與星雲等法師發揚光大。其中，印順法師原是大陸傑出的佛教思想家，1949 年輾轉來到臺灣，也將人間佛教思想引進臺灣。目前臺灣推行的人間佛教的道場與團體主要有：星雲的佛光山、證嚴的慈濟功德會以及聖嚴的法鼓山等。他們除了弘法之外，也全力投入慈善事業，佛教兩性平權、生態關懷、國際救難與現代弘法等，是臺灣佛教界目前主要的成就<br><br>【改寫自：江燦騰，《認識臺灣本土佛教：解嚴以來的轉型與多元新貌》（臺北：商務，2012），pp.16、202 ∼ 203】,teachers_book,中華民國,文化,"[印順法師, 人間佛教, 和尚博士, 中國禪宗史, 太虛大師]",V.1/Ch.7/文學、藝術發展與信仰,印順法師與人間佛教,,,
481,- **目的**：以日本神道教取代臺灣原有信仰<br>- **作法**：<br>    - **建造神社**：日治時期，全臺總共有 68 個神社，其中 38 個是在 1937 ∼ 1943 年間建造。1942 年 10 月 28 日臺灣神社（今臺北市圓山飯店）舉行大祭，兩天內，參拜者達 15 萬人，破創建以來的紀錄<br>    - **神道崇拜**：要求臺灣人敬拜日本的天照大神，在自家奉祀「神宮大麻」。規定每月 1 日為敬神日，男女老少均須敬神如儀<br>    - **寺廟整理**：「諸神升天」：只允許保留少量廟宇，其餘的神像集中焚毀。之後為安撫人民情緒，此項政策略有放鬆，如禁止焚燒金紙、寺廟祭典改採神道儀式，把同地區的同類寺廟合併或合祀<br>    - **正廳改善**：推動家家戶戶供奉神宮大麻的神龕，取代傳統臺灣神佛與祖先的地位<br>    - **神前結婚**：以神社做為新人福證的場所。結婚儀式過後，便在神社前合影留念<br>    - **塑造天皇神格形象**：學生每天到校後，要向天皇肖像行禮。朝會升完日本國旗後，必須面對皇宮方向遙拜，並遙拜皇大神宮<br>- **著名神社**：<br>| | | |<br>| :--- | :--- | :--- |<br>| **臺北州** | **臺灣神宮** | 今臺北圓山大飯店內<br>*1944 年由臺灣神社升格為臺灣神宮 |<br>| | **建功神社** | 今臺北植物園內 |<br>| | **臺灣護國神社** | 今臺北圓山國民革命忠烈祠內 |<br>| | **宜蘭神社** | 舊址在宜蘭公園，後遷至員山公園 |<br>| | **基隆神社** | 今基隆中正公園內 |<br>| | **黃金神社** | 今新北市金瓜石內 |<br>| | **圓山水神社** | 今臺北士林內 |<br>| **新竹州** | **桃園神社** | 臺灣現存最完整的神社，為日本海外保留較完整的神社建築 |<br>| **臺南州** | **開山神社** | 奉拜鄭成功，臺灣首座神社 |<br>- **爭議**：在推行神道教時，不單是信仰改善問題，還牽涉到寺廟財產的管理與處分等，當局並沒有提出具體的方案解決問題，所以引發不少爭議與批判<br><br>【改寫自：李筱峰，《臺灣史 100 件大事（上）》（臺北：玉山社，1999），p.175。蔡錦堂，〈日據末期臺灣人宗教信仰之變遷──以「家庭正廳改善運動」為中心〉《史聯雜誌》，19（1991），pp.37 ∼ 39、41。林呈蓉，《皇民化社會的時代》（臺中：莎士比亞文化，2007），pp.14 ∼ 15】,teachers_book,日治臺灣,政治,"[神道教, 神社, 寺廟整理, 正廳改善, 臺灣神宮]",V.1/Ch.7/文學、藝術發展與信仰,日治時期神道教的推行,,,
482,- **查禁**：1950 年代起，政府以維護國家安全及社會風氣為由，開始查禁一貫道，顯示威權政權對發展快速的新興宗教之疑慮<br>- **發展**：一貫道在意識型態上，和國民黨政府一樣保守，並逐漸吸收許多教育界人士、各級民意代表，甚至高階行政官員<br>- **解禁**：1980 年代，在歷次各層級選舉中，一貫道支持國民黨不遺餘力，政府高層決定予以解禁<br><br>【改寫自：瞿海源，〈臺灣宗教社會學的發展〉《宗教社會科學》，第 1 期，2008，p.263】,teachers_book,中華民國,政治,"[一貫道, 查禁, 威權政權, 新興宗教, 解禁]",V.1/Ch.7/文學、藝術發展與信仰,戰後臺灣一貫道的發展,,,
483,- **新港語**：荷蘭傳教士為便於傳教，用羅馬字母教導新港社人拼寫自己的語言，即所謂的「新港語」，正是臺南地區西拉雅族各社的母語<br>- **新港文書**：荷蘭人離開後，西拉雅族仍繼續使用羅馬字母來書寫自己的語言、拼寫自己的姓氏、記錄帳目、原住民的村社公約等。當西拉雅人彼此之間或和漢人發生土地租借、買賣、金錢借貸等關係而必須訂立契約時，也會使用新港語來記錄或書寫。這些目前存留的語言文獻，即「新港文書」<br><br>【改寫自：中研院臺灣史研究所，https://archives.ith.sinica.edu.tw/collections_list_02.php?no=1】,teachers_book,大航海時代,文化,"[新港語, 新港文書, 荷蘭傳教士, 羅馬字母, 西拉雅族]",V.1/Ch.7/文學、藝術發展與信仰,新港語及新港文書,,,
484,- **勢力**：西班牙人在臺灣北部獲得的最大成就為傳教。當時只要西班牙人的勢力伸展到哪裡，其傳教事業就推展到那裡<br>- **對象**：1627 年，馬尼拉西班牙當局就通過在臺設立教區案，可見其傳教之積極。當時傳教的對象，除原住民外，尚包括當地的漢人和日本人<br>- **傳教士**：西班牙在北臺灣的16年中，先後來臺傳教的教士有30餘人，其中也有日籍神父，如西六左衛門、園永<br>- **成就**：據推測，臺灣北部在西班牙人統治下的居民，改信天主教的人數，可能不下 4 千人<br><br>【引用自：黃秀政、張勝彥、吳文星，《臺灣史》（臺北：五南圖書，2006），p.49】,teachers_book,大航海時代,文化,"[西班牙人, 傳教, 天主教, 原住民, 教區]",V.1/Ch.7/文學、藝術發展與信仰,西班牙人在北臺灣的傳教,,,
485,1859 年，郭德剛與洪保祿神父、3 位中國籍宣教士、3 位教友在打狗正式展開傳教。起初，因居民的猜疑與不安，加上鳳山縣當局的干涉，宣教工作相當不順利，兩位神父更曾遭到衙門的審訊。同年，郭德剛神父在打狗港附近（今高雄市前鎮區）購地，開始興建前金教堂，宣教工作略有進展。接著將宣教工作南向屏東原住民部落，旋往當時臺灣首府的臺南展開宣教工作；並續往臺灣中部宣教，在羅厝（今彰化埔心）建立臺灣中部的宣教中心。<br><br>【引用自：黃秀政、張勝彥、吳文星，《臺灣史》（臺北：五南圖書，2006），p.131】,teachers_book,清治臺灣,文化,"[郭德剛, 洪保祿, 傳教, 打狗, 前金教堂]",V.1/Ch.7/文學、藝術發展與信仰,郭德剛與洪保祿在臺灣的傳教,,,
486,- **出身**：1836 年出生於蘇格蘭，畢業於愛丁堡大學，不僅完成了醫學課程，也修讀倫理學、數學等<br>- **來臺**：1865 年來臺，是英國長老教會第一位駐臺的宣教師<br>- **事蹟**：<br>    1. 設看西街醫館（今新樓醫院前身）：在此布道及行醫，卻招致本地漢醫的仇視和反對，甚至傳出洋醫生殺害漢人，挖眼睛、取腦髓製藥的謠言。醫館遭到反對者包圍與毀損，馬雅各的醫療工作只好暫告結束，是為「看西街事件」<br>    2. 馬雅各轉往打狗旗後（今旗津）繼續行醫傳教，1866 年建立聖殿，為臺灣基督教長老教會第一座正式的禮拜堂——「打狗禮拜堂」（今旗後教會前身）<br>- **病逝**：1921 年病逝英國，享年 85 歲<br><br>【改寫自：莊永明，《臺灣醫療史》（臺北：遠流，2002），pp.33 ∼ 38】,teachers_book,清治臺灣,文化,"[馬雅各, 英國長老教會, 看西街醫館, 看西街事件, 打狗禮拜堂]",V.1/Ch.7/文學、藝術發展與信仰,馬雅各,,,
487,"1871 年來臺傳教，據他估計，當時全臺約有 17,000 多位盲人，其中不乏聰明者，但因為眼盲，只能從事低賤勞力或算命的工作，或淪為乞丐。1891 年，他在府城開設了一間「訓瞽堂」，這是臺灣特教史上嶄新的一頁，使臺灣盲人有了受教育的地方，也有凸字版聖經可以觸摸學習。日治時期，他遊說總督府援助盲人教育。1897 年，訓瞽堂因租期屆滿停辦。1898 年，兒玉源太郎下令在臺南創設官辦盲校（今臺南啟聰學校前身）。<br><br>【改寫自：賴佳慧，《臺灣放輕鬆：在野臺灣人》（臺北：遠流，2001），p.38】",teachers_book,清治臺灣,社會,"[甘為霖, 盲人, 訓瞽堂, 特教史, 凸字版]",V.1/Ch.7/文學、藝術發展與信仰,甘為霖,,,
488,- **出身**：出生於蘇格蘭一個虔誠的喀爾文教派家庭<br>- **來臺**：1875 年受英國長老教會差派至高雄，後遷居臺南宣教<br>- **事跡**：<br>    1. 成立神學校<br>    2. 推行白話字，以讓信徒可以自己讀《聖經》<br>    3. 創設「聚珍堂」：印刷發行教會報及書籍。1885 年，發刊《臺灣府城教會報》，是臺灣教會報之濫觴<br>    4. 1895 年，臺灣割日之際，日軍南下進入臺南府城之前，人心惶惶，仕紳推請巴克禮前往晉見日軍將領乃木希典，經過溝通後，日軍平和進城，讓府城免於戰禍<br>- **病逝**：1935 年病逝於臺南<br><br>【改寫自：戴寶村、王峙萍，《從臺灣諺語看臺灣歷史》（臺北：玉山社，2004），pp.193 ∼ 195】,teachers_book,清治臺灣,文化,"[巴克禮, 英國長老教會, 白話字, 臺灣府城教會報, 乃木希典]",V.1/Ch.7/文學、藝術發展與信仰,巴克禮,,,
489,"- **出身**：加拿大人，先後在多倫多大學及諾克斯神學院讀書，後再進美國普林斯頓神學院、蘇格蘭愛丁堡大學神學研究科<br>- **來臺**：1871 年，馬偕奉「海外宣道會」的命令東來，賦予他服務的地區是中國。原來汕頭的宣教士曾勸他定居在那裡傳教，然而馬偕決意來到臺灣。正如其言：「這好比有無形的線，牽引我到這美麗之島來！」<br>- **宣教**：<br>    1. 馬偕選擇了臺灣北部作為服務的「教區」，並在淡水成家。初期的宣教工作相當不順，常遭訕笑、辱罵，但他從不氣餒，並以醫療服務來輔佐宣教。馬偕的拔牙術在當時婦孺皆知，雖非專業醫生，但他「以醫病來開闢通至傳道的大門」，誠如他於《臺灣遙寄》上說：「許多人曾激烈反對基督教，但是多因病深無望而於最後求助於我這洋人，於是反對者變成了好友。」<br>    2. 1873 年，他為能接納更多病人，在滬尾撓仔腳租屋，正式作為「滬尾醫館」。馬偕在臺義行，為一位美國底特律婦人知悉，她為紀念去世的丈夫馬偕船長，捐贈美金 3,000 元建造北部最早的新式醫院「滬尾偕醫館」<br>    3. 中法（清法）戰爭期間，偕醫館曾協助醫治傷兵，獲得政府嘉獎<br>- **逝世**：1901 年，馬偕蒙主召歸，依其遺言，葬於臺灣<br><br>【改寫自：莊永明，《臺灣醫療史》（臺北：遠流，2002），pp.43 ∼ 48】",teachers_book,清治臺灣,文化,"[馬偕, 宣教, 醫療服務, 滬尾醫館, 滬尾偕醫館]",V.1/Ch.7/文學、藝術發展與信仰,馬偕,,,
490,"- **建校背景**：1880 年秋季，馬偕博士返國述職，在加拿大各大地方報告他在臺灣的宣教工作，引起了各地信徒的關注。馬偕故鄉安大略省牛津郡的居民，募集 6,215 元加幣，交由馬偕帶回臺灣，用以興建一所現代化學校<br>- **建校過程**：<br>    1. 1881 年馬偕返臺，擇定在淡水砲臺埔紅毛城北邊興建書院。他親自繪圖設計並監工；當時因為沒有水泥，故用臺灣傳統的石灰拌和煮熟之糯米、黑糖及水加以替代<br>    2. 1882 年 7 月，書院落成，取名為「理學堂大書院」，簡稱為「牛津學堂」，以紀念捐獻者加拿大牛津郡居民，同年 9 月 14 日開學，首任校長由馬偕擔任<br>- **課程安排**：<br>    1. 牛津學堂除教授神學與《聖經》外，另有社會科學（歷史、倫理等）、自然科學（如天文、地理、地質、植物、動物、礦物）、醫學理論及臨床實習等課程<br>    2. 每天由校長親自敲鐘，引領學生上課，中午則帶領學生到街上的「偕醫館」見習醫療工作，並輪流實習。晚上則是講道練習，互相批評討論<br>    3. 初期的牛津學堂既非學年制亦非學分制，所以沒有畢業典禮，學生修業 3 年後即結業，派赴各地方教會服務<br><br>【改寫自：〈馬偕興學在淡水〉，http://tamsui.yam.org.tw/hubest/hbst4/hube451.htm#hu4512】",teachers_book,清治臺灣,文化,"[馬偕, 牛津學堂, 理學堂大書院, 偕醫館, 神學]",V.1/Ch.7/文學、藝術發展與信仰,馬偕與牛津學堂,,,
491,對於許多老一輩的臺灣人來說，麵粉、奶粉、奶油、舊衣服等名詞可能與教會畫上等號，至少在他們小時候是如此。在 1956 年至 1968 年左右的 10 餘年間，臺灣各地教會透過天主教與基督收到了來自美國基督教會的大量救濟物資，並且擔任起發放工作。在那物資缺乏的年代，這些救濟物資十分受歡迎，也是許多人心中的美好回憶。但也有不少人到教會來不是因為福音，而是為了領取更多的物資，亦有若干教會發生挪用與私營等不當情事，因此當時的教會也有著「吃教」與「麵粉教」的外號。<br><br>【改寫自：鄭睦群，〈做完禮拜拿麵粉：淺談戰後美援下的臺灣教會〉《基督教與中國文化研究中心通訊》第 66 期，2017.2，p.4】,teachers_book,中華民國,社會,"[麵粉教, 教會, 救濟物資, 美援, 吃教]",V.1/Ch.7/文學、藝術發展與信仰,麵粉教,,,
492,以布農族射耳祭為例，該祭儀所代表的意義，不只是祈求獲獵豐收而已，藉由祭典中分發玉米粒和肉類的動作，確定部落的人數以及成員興旺的祈求，才是祭儀的真正意義。但昭和後期，日本以「有害良善美俗」為名，廢止打耳祭的舉行。日本此舉並非反對宗教信仰活動本身，而是經由有意識的挑選，來對宗教內容進行控制與選擇，其影響是：族群對於自然現象及與宇宙的觀察和思考改變，以及社會生活和價值規範的設計、歷史的傳承與部落（家族）共同集體的記憶以及凝聚認同感的轉變和削弱。<br><br>【改寫自：葉家寧，《臺灣原住民史：布農族史篇》（南投：國史館臺灣文獻館，2002），pp.199 ∼ 201】,teachers_book,日治臺灣,政治,"[布農族, 射耳祭, 傳統文化, 昭和, 宗教控制]",V.1/Ch.7/文學、藝術發展與信仰,日治時期官方政策動搖布農族傳統文化,,,
493,- **信仰空缺**：日治時期，阿美族傳統信仰遭到破壞，基督教適時傳入部落，不少人祕密信教。日人離去後，族人重獲信仰自由，基督教剛好彌補信仰的空缺<br>- **生活困頓**：傳教士帶來的免費食糧與衣物，是貧困族人皈依的重要原因<br>- **人才培養**：長老教會在花蓮設立「聖經學校」（花蓮玉山神學院），培養原住民傳道人士<br>- **講習會增**：戰後許多基督教團體因中國大陸淪陷轉移臺灣，原住民部落湧進大批外國傳教士，他們舉辦各式講習會，吸引不少原住民信教<br><br>【改寫自：林素珍、陳耀芳、林春治，《阿美族當代宗教研究》，（南投：臺灣文獻館，2009），pp.94 ∼ 96】,teachers_book,中華民國,文化,"[阿美族, 信仰改宗, 基督教, 傳教士, 長老教會]",V.1/Ch.7/文學、藝術發展與信仰,阿美族信仰改宗原因,,,
494,戰後初期，由於村長、頭目和警員等具有很大的權威，加上國民黨政府實施山地封閉政策，西方宗教的傳入，如果獲得他們的協助，便可召集村民至派出所或學校聽道，而且因這些公權力代表之故，不少原住民當場就會信教。但基督宗教對原住民原有文化的衝擊很大，對老一輩堅守傳統的人來說，幾乎是摧毀了原有所有文化，因為傳教者認為原有的靈魂觀、禁忌都是迷信，尤其對原有的巫師極為醜化迫害，在在傷害了原有的傳統。<br><br>【引用自：葉家寧，《臺灣原住民史：布農族史篇》（南投：臺灣文獻館，2002），pp.186 ∼ 187】,teachers_book,中華民國,文化,"[信仰改宗, 原住民, 基督宗教, 傳統文化, 山地封閉政策]",V.1/Ch.7/文學、藝術發展與信仰,信仰改宗對原住民傳統文化的衝擊,,,
495,早期傳承文化祭儀全靠長輩口述教導，西方宗教進入原住民部落之後，天主教神父協助使用羅馬拼音記載鄒族語言，讓特富野領袖汪念月更積極努力進行復振族語的決心。由於教會是特富野社鄒族人的信仰中心之一，汪念月跟教會神職人員及部落族人合力將聖經四部福音翻譯成鄒語，花費近 10年時間完成，成為找回鄒族語言的重要紀錄。復振族語只是第一步，接下來則是利用羅馬拼音將祭儀歌曲記錄下來，讓年輕人學習祭歌，也因此更能深入了解語言，讓鄒語變得更加普及。<br><br>【引用自： Nabu、Takiyu，「特富野領袖汪念月 鄒族語言文化復振」，原住民電視臺，2007.1.10，http://titv.ipcf.org.tw/news-26841】,teachers_book,中華民國,文化,"[鄒族, 文化復振, 羅馬拼音, 汪念月, 族語]",V.1/Ch.7/文學、藝術發展與信仰,鄒族的文化復振,,,
496,- **來臺**：<br>    1. 明末清初：第一波是 1661 年隨鄭軍抵臺；第二波是清治初期移民來臺。但這些移民的後裔大多已喪失伊斯蘭信仰，僅部分生活中仍保有不吃豬肉、不請和尚道士誦經等習俗<br>    2. 戰後初期：隨政府遷臺的黨政大老、軍士及其眷屬有不少的穆斯林，當今臺灣的穆斯林主要就是由這批外省人及其後代所組成<br>    3. 1980 年代以來：全球各地的穆斯林來臺求學與工作，其中一部分在臺定居並成家立業<br>- **組織**：<br>    1. 中國回教協會：是臺灣穆斯林最主要的社團組織，任務有闡揚教義、協調各清真寺教務，並對外代表臺灣與各國穆斯林進行國際交流<br>    2. 財團法人中國回教文化教育基金會：專注於伊斯蘭教與文化推廣<br>    3. 臺灣印尼穆斯林之家：臺灣國際移工中以印尼人數最多，該組織努力為印尼穆斯林移工爭取權益，並凝聚向心力<br>- **人數**：臺灣的穆斯林約有 20 萬人，占臺灣總人口的 0.1%<br><br>【改寫自：全國宗教資訊網，https://religion.moi.gov.tw/Knowledge/Content?ci=2&cid=85】,teachers_book,中華民國,社會,"[伊斯蘭教, 穆斯林, 中國回教協會, 清真寺, 國際移工]",V.1/Ch.7/文學、藝術發展與信仰,伊斯蘭教在臺灣,,,
497,- **位址**：原址在麗水街，後遷至新生南路<br>- **人物**：<br>    1. 王靜齋：被譽為是中國「四大阿訇（尊者或學者）」之一，常駐此掌教，使臺灣伊斯蘭教育紮根發展<br>    2. 白崇禧：中國回教協會理事長，也是中華民國史上穆斯林任職最高位階的軍事將領，來臺後逐漸遠離政治核心，專心伊斯蘭教的推廣<br>- **任務**：延續臺灣伊斯蘭教發展的使命<br>- **地位**：<br>    1. 民國以來臺灣第一座清真寺，也是目前全臺最大的清真寺<br>    2. 1990 年代以前，我國尚未終止與全球穆斯林國家正式邦交之前，臺北清真寺在國民外交上扮演極其重要的角色，曾接待過伊朗國王巴勒維、土耳其總理孟德絲、約旦國王胡笙、沙烏地阿拉伯國王費瑟等國家元首<br><br>【改寫自：全國宗教資訊網，https://religion.moi.gov.tw/Knowledge/Content?ci=2&cid=85】,teachers_book,中華民國,文化,"[臺北清真寺, 王靜齋, 白崇禧, 伊斯蘭教, 國民外交]",V.1/Ch.7/文學、藝術發展與信仰,臺北清真寺,,,
498,中國的城市最早出現於夏代，「牆」的存在在不同時代有不同的意義，於早期的聚落僅為劃分生活區域的界線，或作為防範水患的功能，後期則注重防禦敵人的軍事性城牆。<br>城市的類型與特色：<br>| 類型 | 說明 | 文獻 |<br>| :--- | :--- | :--- |<br>| **政治功能** | 周代諸侯築城立國，在城內興建宗廟、殿堂，象徵統治權力中樞，具有很強的政治意涵，曰「都」、「國」 | 《左傳．閔公元年》：「凡邑有宗廟先君之主曰都，無曰邑。」 |<br>| **軍事功能** | 政權在統治中心行政區築城，以保護核心統治機構的安全，稱為「城郡」，先秦以來稱「城」 | 《吳越春秋》：「築城以衛君，造郭以居人。」 |<br>| **經濟功能** | 因商貿需求而在某地聚集大量人口，至一定規模之後政權才在此派官治理，稱為「市鎮」，先秦以來稱「邑」，與強調政治軍事意涵的「城郡」做為區隔 | 《周禮》：「邑，民居所聚也。」 |<br><br>【改寫自：趙岡，《中國城市發展論集》（臺北：聯經，1995），頁3～4、27～31】,teachers_book,商周,政治,"[城市, 城牆, 政治功能, 軍事功能, 經濟功能]",V.2/Ch.1/傳統政治權威的形塑,城牆與城市的功能、意義,,第二冊,
499,| | |<br>| :--- | :--- |<br>| **定義** | 以城為中心，包括周遭的村落而組成的一個政治社會型態 |<br>| **古代文獻** | 中國古代文獻雖無「城邦」用詞，但對應的字彙不少，如「邑」、「國」、「邦」、「方」、「封」 |<br>| **中國城邦起始** | 約西元前兩千三百年，如河南王城崗古城、河南平糧台古城 |<br>| **意義** | 中國的歷史經驗中「有國必有城」，城的出現反映國家體制的產生。並且封建制度必有諸侯邦國，「城邦」與「封建」為一體兩面，反映中國封建制度雛形 |<br><br>【改寫自：杜正勝，〈關於周代國家形態的蠡測：「封建城邦」說芻議〉《中央研究院歷史語言研究所集刊》（臺北：中央研究院歷史語言研究所，1986年第57卷第3期），頁465～500。趙岡，《中國城市發展論集》（臺北：聯經，1995），頁27】,teachers_book,商周,政治,"[城邦, 封建制度, 國家體制, 邑, 邦國]",V.2/Ch.1/傳統政治權威的形塑,城邦,,,
500,人類學家將社會組織依演進順序分為四個層級，分別為遊團（bands）、部落（tribes）、酋邦（chiefdoms）、國家（states）。<br>遊團為依據血緣關係形成的游牧、半游牧型初始團體，在建立定居聚落後發展為部落，然而部落尚缺乏一個正式的政府機構。隨著部落間產生連結，漸漸形成有階級分化、建立永久政治結構的部落聯盟，最後發展為權力集中的酋邦體制，即為早期國家的雛形。<br><br>國家通常具有下列4種特色：<br>| | |<br>| :--- | :--- |<br>| **人口控制** | 確立疆界、社會分層與階級分化 |<br>| **法律** | 法律、司法程序、法官 |<br>| **強制力** | 永久的軍事力量與政治力量，中央集權且具有行政和政治管理機構 |<br>| **財政** | 稅收 |<br><br>【改寫自：杜正勝，《古代社會與國家》（臺北：允晨文化，1992），頁36。柯塔克（Conrad Phillip Kottak）著，徐雨村譯，《文化人類學：文化多樣性的探索》（臺北：麥格羅希爾，2007），頁202～221。謝維揚，《中國早期國家》（臺北：慧明文化，2001），頁53～67】,teachers_book,史前中國,政治,"[遊團, 部落, 酋邦, 國家, 社會組織]",V.2/Ch.1/傳統政治權威的形塑,從遊團到國家,,,
501,中國古代從村落發展到國家型態，中間經過村落聯盟與酋邦的政治體演變，為政治權力逐漸集中的過程：<br>| | |<br>| :--- | :--- |<br>| **形成** | 透過幾個村落的聯合，形成更強大的勢力與其他聯盟體抗衡，保護各部落自身的利益 |<br>| **特徵** | 1．由多個部落組成，通常具有血緣關係，以利於區隔其他政治聯盟，鞏固聯盟關係<br>2．聯盟透過領袖大會共同決議聯盟事宜，掌握聯盟最高權力<br>3．聯盟相關決議必須經過領袖大會一致通過才有效力<br>4．村落聯盟中各村落地位平等，無最高政治領袖<br>5．社會資源為統一集中再分配 |<br>| **朝向集權發展** | 基於軍事指揮或是其他政治因素考量，社會出現村落首領或領導人，並賦有個人性質的權力。隨著首領的產生，社會權力結構進一步分化 |<br>| **成為酋邦社會** | 1．酋邦領袖掌控實權，且幾乎掌控全部政治權力，如分配土地、徵兵等<br>2．酋邦領袖擁有聽從其命令的官員，組成較為正式的政治機構<br>3．酋邦領袖與其官員具有不同於其他社會成員的特權，如居住空間、裝飾等<br>4．酋邦領袖的地位逐漸具備永久性，其統治權力被視為「神靈賜與」 |<br><br>【改寫自：謝維揚，《中國早期國家》（臺北：慧明文化，2001），頁93～95、154～165、211～232】,teachers_book,史前中國,政治,"[村落聯盟, 酋邦, 政治體, 領袖大會, 集權]",V.2/Ch.1/傳統政治權威的形塑,村落聯盟與酋邦,,,
502,在二里頭文化、二里崗文化之前，黃河下游流域如山東龍山文化，雖已有青銅器，但青銅器的技術較為基礎，且製作的器物多為生活用品，如武器、隨身裝飾，禮器如鼎（炊器）、罍（酒壺）、鬹（酒器），仍然以陶器製作。而二里頭文化開始，可以見到祭禮用品以青銅器取代陶器，並出現不同於長城地區的獨特樣式，具備更高度的製作技術，如青銅鈴、青銅爵。二里崗文化則繼承二里頭文化出現明顯的饕餮紋，在使用青銅製作在祭祀禮儀方面的器具的基礎上，強化青銅器的神權意義。<br><br>【改寫自：宮本一夫著，郭清華譯，《從神話到歷史：神話時代與夏王朝》（臺北：臺灣商務，2018），頁287～289、315～321】,teachers_book,商周,文化,"[青銅器, 二里頭文化, 二里崗文化, 龍山文化, 饕餮紋]",V.2/Ch.1/傳統政治權威的形塑,青銅器技術發展,,,
503,中國商、周時代的青銅器做工豪華細緻，製作方法為先用模子鑄造各部件，而後才將各部件結合在一起，這個製作方式在當時代為全世界獨有的領先技術。青銅器因其原料難以取得，從開採原料到冶煉、鍛鑄成形，十分費工，故青銅器本身具備極高的「富貴性」，不論用於日常或是祭祀皆展示其地位。青銅器作為陪葬品，亦是顯示身分的標識。從二里頭文化墓葬品中青銅器、陶器陪葬品的分布，可以將墓葬分成五個等級，顯示社會階級的階層化。其中青銅器僅存在於最高層級的墓葬中，顯見青銅器的權力意涵。<br><br>【改寫自：尼爾．麥葛瑞格（Neil MacGregor）著，劉道捷譯，《看得到的世界史：99樣物品的故事 你對未來會有1個答案（平裝上冊）》（臺北：大是文化，2012），頁203～205。宮本一夫著，郭清華譯，《從神話到歷史：神話時代與夏王朝》（臺北：臺灣商務，2018），頁316～321。杜正勝，《古代社會與國家》（臺北：允晨文化，1992），頁197～204】,teachers_book,商周,文化,"[青銅器, 陪葬品, 二里頭文化, 社會階級, 權力意涵]",V.2/Ch.1/傳統政治權威的形塑,青銅禮器的象徵意義,,,
504,| | |<br>| :--- | :--- |<br>| **出現** | 二里崗文化（鄭州商城，商朝的早期都城，約西元前一千五百年） |<br>| **源流** | 良渚文化玉器上的神人獸面紋 |<br>| **鑄刻位置** | 多位於青銅禮器上，如觥（酒器）、方彝（酒器）、簋（食器）等 |<br>| **意義** | 中國古代以特定動物骨骼為媒介與上天溝通，故作為禮器的青銅器物上亦常見動物紋樣。饕餮紋作為幻想動物紋飾，其特徵凸顯對人而言未知的神祕力量，鑄造於青銅禮器上具有強化統治權威的神聖性、崇高性與神祕性的功能 |<br><br>【改寫自：宮本一夫著，郭清華譯，《從神話到歷史：神話時代與夏王朝》（臺北：臺灣商務，2018），頁287～289、315～321】,teachers_book,商周,文化,"[饕餮紋, 二里崗文化, 良渚文化, 青銅禮器, 統治權威]",V.2/Ch.1/傳統政治權威的形塑,饕餮紋,,,
505,| | |<br>| :--- | :--- |<br>| **背景** | 周朝季歷在位時，討伐鬼戎、燕京之戎、余無之戎等，對周邊民族頻繁的軍事行動與討伐，顯示周的國力逐漸增強。殷商原先採取拉攏政策，但由於周的聲勢過於壯大，西元前1068年周王季歷遭到殷商殺害，引發周對殷商的敵意 |<br>| **文王伐殷** | 西元前1064年，季歷之子文王即討伐過殷商 |<br>| **武王伐殷** | 西元前1024年，武王起兵伐紂，經歷牧野之戰等大小戰役，於西元前1023年擊潰殷商 |<br><br>【改寫自：杜正勝，《古代社會與國家》（臺北：允晨文化，1992），頁69～82、222】,teachers_book,商周,政治,"[季歷, 文王, 武王, 伐殷, 牧野之戰]",V.2/Ch.1/傳統政治權威的形塑,周文王、周武王伐殷,,,
506,上帝與祖宗神的分立大約發生在殷周之際。在殷商期間，殷人相信自己的祖宗神即是天神，故稱呼成湯舊都為天邑商，而殷王因為繼承祖宗神的天命，稱為「天子」。<br>相對於殷人奉祖宗神為天神，周人認為，周能克殷，並非周人的祖宗神戰勝殷人的祖宗神，而是世界上有一個公正無私的上帝懲罰商紂失德，而支持有德的周人。周武王伐紂之前舉行祭天儀式，祭祀文王及公正無私的上帝，即可反映周人的天命思想。<br><br>【改寫自：杜正勝，《古代社會與國家》（臺北：允晨文化，1992），頁84～85】,teachers_book,商周,文化,"[上帝, 祖宗神, 天命, 天子, 殷周之際]",V.2/Ch.1/傳統政治權威的形塑,上帝與祖宗神的分離,,,
507,| | |<br>| :--- | :--- |<br>| **起源** | 周雖克殷，但周人認為周能克殷的關鍵在於上帝支持。周公認為商紂亡國在於「失德」，所以上帝降「天命予周」 |<br>| **天命觀** | 「天命」的基礎在「唯德是親」，應以慎戒的精神治理國家 |<br>| **內容** | 1．為政權合法性提出「理論」，用「天命」說服崇尚天帝的族人，使其信服<br>2．垂訓後世子孫統治者，必須以「敬德愛民」為其施政的原則，否則「天命」也將會轉移到其他國家，取代周族 |<br>| **影響** | 這種理性、道德的「德治主義」精神，不僅是中國政治中最重要原則，更是日後中國傳統人文、哲學思想的主流 |<br><br>【改寫自：王長利，〈西周法律的主要形式—禮〉，《管子學刊》第2期（2002），頁93～94。侯丞勛，〈「成康盛世」的締造及其史料價值〉《西北師範大學學報》第39卷第2期（2002），頁70～71。杜正勝，《古代社會與國家》（臺北：允晨文化，1992），頁84～85】,teachers_book,商周,文化,"[天命, 失德, 唯德是親, 敬德愛民, 德治主義]",V.2/Ch.1/傳統政治權威的形塑,天命靡常的人文觀點,,,
508,| | |<br>| :--- | :--- |<br>| **形成條件** | 1．土地的再分割：最高統治者將一部分土地分給封君「諸侯」，諸侯再將自己所獲得的土地的部分分給「大夫」<br>2．權力的分化：每一級受封者須對上級稱臣，履行若干義務，但對自己的封地有最高統治權，內政完全獨立，且統治權力世襲 |<br>| **階級** | **貴族** |<br>| | **王室** | 由於周代封建實為部落聯盟共主，名義上「溥天之下，莫非王土」，事實上周王直屬領地僅限王畿。王畿內還包含許多小封君，周王直轄支配的土地只有王畿的一部分 |<br>| | **諸侯** | 1．組成<br>（1）商朝後裔<br>（2）開國之初的宗室、姻戚、功臣<br>（3）周代中後期宗室、功臣的子弟新建<br>2．爵位：根據《春秋》的說法有五等—公（商朝）、侯、伯、子、男<br>3．義務：按期納貢朝覲、出兵助王、救濟王畿災患<br>4．權力：封地內全權的統治權 |<br>| | **卿大夫** | 1．諸侯國中的小封君，最初為國君族裔，東周後因社會流動而打破限制<br>2．分為卿、大夫兩類，雖為同階級，但卿的政治權力與地位較大夫高 |<br>| | **士** | 貴族祿養的職業軍人，受禮、樂、射、御等特殊教育，要求重視忠誠、榮譽、品德 |<br>| | **庶人** | 1．貴族政權下的被統治者，除極少數工人、商人，大多為依附於貴族土地的農民、佃戶<br>2．相較於奴隸，享有私人儲蓄、自由遷徙的權利，但負擔租賦、力役 |<br>| | **奴隸** | 為貴族所擁有，多半來自於戰爭中的俘虜。另有罪犯、自賣為奴者。為主人的財產，可以被抵押買賣，無生命保障 |<br><br>【改寫自：傅樂成，《中國通史（上冊）》（新北：大中國圖書，2017），頁27～36】,teachers_book,商周,社會,"[封建制度, 社會結構, 諸侯, 卿大夫, 庶人]",V.2/Ch.1/傳統政治權威的形塑,周代封建制度下的社會結構,,,
509,禮樂制度為社會階級秩序在生活中的實質展現，其淵源來自於上古墓葬與祭祀文化。墓葬陪葬品中的祭祀用品，還包含樂器，在商周時代僅有男性首長的墓葬可以出現樂器陪葬品，藉以彰顯上層階級的地位與優越性，具現化並強化社會階級秩序。<br>結合「祭禮」與「樂」的模式首見於二里頭文化遺址，是黃河中游的商周社會吸收黃河下游區域，龍山文化的祭禮習慣與陶寺文化遺址墓地家族男性首長壟斷樂器的「樂」的觀念，並進一步發展的成果，成為周代重要的禮樂制度。<br>周代禮樂制度的規範包含服裝穿著、器物、封地、城邑、宗廟規模、所對應的禮儀與樂器等，用以維護封建與宗法制度的君權、族權、夫權、神權。實際生活規範如宗廟祭祀時的舞樂，「天子八佾、諸侯六、卿大夫四、士二。八人為列，八八六十四人為八佾」，以規模彰顯階級差異。<br><br>【改寫自：宮本一夫著，郭清華譯，《從神話到歷史：神話時代與夏王朝》（臺北：臺灣商務，2018），頁265～272、277～278、284～289。王瑞傑，〈西周禮治文化探論〉（博士論文）（臺北：國立臺灣師範大學，2006年），頁73～80】,teachers_book,商周,文化,"[禮樂制度, 社會階級, 二里頭文化, 宗法制度, 八佾]",V.2/Ch.1/傳統政治權威的形塑,禮樂制度,,,
510,周代家族的繼承制度，以嫡長子繼承制度維持家族秩序，搭配世襲的封建制度則成為維持周代社會秩序的重要依據。嫡長子繼承君位，又稱為「宗子」，為宗族的領袖。宗子的靈位永世列入宗廟，與其他嫡子的身分地位不同，故嫡長子稱為「大宗」，其他嫡子則稱為「小宗」作為區別。小宗受封，故身分為下降，如太子的諸弟為諸侯，諸侯繼承者的諸弟則為卿大夫。卿大夫以下的「士」，是只有不能世襲的「食田」之基層貴族。<br><br>【改寫自：傅樂成，《中國通史（上冊）》（新北：大中國圖書，2017），頁37】,teachers_book,商周,社會,"[宗法制度, 嫡長子繼承, 封建制度, 大宗, 小宗]",V.2/Ch.1/傳統政治權威的形塑,宗法制度,,,
511,西周晚期由於生產進步，促進社會變遷，動搖周王室的統治基礎，最終導致西周的衰亡。<br>西周衰亡的因素為以下幾點：<br>1. 階級矛盾：西周中晚期農業生產力提升，然而收穫集中於統治階層，平民渴望廢除井田制，獲得私田。<br>2. 民族衝突：四夷的時服時叛，時有交流與戰爭，為西周的隱憂。<br>3. 政治腐敗：宣王時期的賢臣良吏有的年邁去世，有的辭官歸隱，或被幽王罷黜。國家被奸臣貪官掌握，貪汙弊端風行，引發民間反彈。<br>4. 天災頻仍：幽王登基後，國家發生大地震，導致河川斷流改道，引發大飢荒。<br>5. 宗法崩壞：幽王寵愛褒姒，廢申后與太子宜臼，破壞宗法倫理秩序，失去逐漸興起的諸侯支持。被廢的申后及原太子以申國、繒國、犬戎組成聯軍攻入鎬京，幽王死於驪山，西周滅亡。<br><br>【改寫自：楊東晨、楊建國，〈西周王國原因再探〉，《固原師範學報》（固原：寧夏師範學院，2005年第2期），頁15～18。張榮明，《殷周政治與宗教》（臺北：五南，1997），頁36】,teachers_book,商周,政治,"[西周晚期, 政治腐敗, 宗法崩壞, 幽王, 犬戎]",V.2/Ch.1/傳統政治權威的形塑,西周晚期的政局,,,
512,周代對其分封諸侯的控制，自開國之初即沒有強制力，到了中後期，諸侯對王室的義務僅為具文。中後期與周國關係較好的諸侯國，多半為與王室血緣關係較親，外族或外族化的諸侯國則多半仇視周國。<br><br>【改寫自：傅樂成，《中國通史（上冊）》（新北：大中國圖書，2017），頁27～36】,teachers_book,春秋戰國,政治,"[封建秩序, 瓦解, 諸侯, 王室, 分封]",V.2/Ch.1/傳統政治權威的形塑,周代封建秩序的瓦解,,,
513,遠因<br>1. 封建諸侯與周王室關係疏遠，周王室聲望下降<br>2. 人口增加，土地不足導致各國相互征伐、土地兼併嚴重<br>3. 社會秩序崩解，各國競相改革，爭取霸主地位<br><br>近因<br>齊桓公任用管仲改革後，國勢強盛。齊國協助遭北方蠻族入侵的邢國、衛國，平定魯國內亂，而後防堵楚國的擴張，顯示已掌握原先周國維持天下秩序的共主權力<br><br>葵丘會盟<br>西元前651年，齊桓公召集諸侯於葵丘，在周王使者見證下舉行會盟，要求各諸侯國：嚴守家族道德、宗族秩序；維持門第與官職秩序；禁止各國獨占水利設施；約定穀物買賣自由；尊敬周王<br><br>【改寫自：伊藤道治等著，《中國通史》（臺北：稻鄉，1990），頁78～79】,teachers_book,春秋戰國,政治,"[尊王攘夷, 齊桓公, 管仲, 葵丘會盟, 霸主]",V.2/Ch.1/傳統政治權威的形塑,「尊王攘夷」口號的提出,,,
514,起源與發展<br>縣<br>1. 起源：出現於春秋初期，原為國君直接統領的領邑，為了加強邊境國防而在新兼併的小國設立，由國君直接統轄取代分封<br>2. 發展：春秋中期逐漸制度化，分封制度逐漸被縣取代<br><br>郡<br>1. 起源：出現於春秋末期，原為邊境人煙稀少的新得土地設立的行政機構，面積較縣大但地位低於縣<br>2. 發展：邊區逐漸繁榮後，為了便於管理而在郡之下劃分為多個縣，郡的位階轉變為比縣還高，形成郡縣二級制的地方組織<br><br>普及<br>1. 郡縣制最初行於三晉，而後為秦國、楚國、燕國學習<br>2. 秦國不斷對外擴張，每獲得新領地必設立郡縣。而後秦兼併六國，遂將郡縣制度普及全國<br><br>意義與影響<br>郡縣政令受制於中央，郡守、縣令不世襲，中央視其政績決定任免進退，此為郡縣制與宗法封建性質的差異。自此國家政治結構由貴族特權的封建，逐漸轉為官僚統治之政府，其中與之相應的變化有：1. 貴族世卿與游仕勢力的更迭、2. 軍民漸趨分治、3. 以食祿制度取代采邑<br><br>【改寫自：楊寬，《戰國史》（臺北：臺灣商務，1997），頁227～229。錢穆，《國史大綱（上）》（臺北：臺灣商務，2017），頁98～99】,teachers_book,春秋戰國,政治,"[郡縣制, 縣, 郡, 封建, 官僚統治]",V.2/Ch.1/傳統政治權威的形塑,郡縣制,,,
515,| 項目 | 說明 |<br>| --- | --- |<br>| 皇帝制度的建立 | 皇帝—帝源自五帝，「德兼三皇，功過五帝」<br>「朕」：皇帝自稱<br>「詔」：皇帝的命令 |<br>| 禮儀制度 | 有一套極為繁複的宮室、輿服、宗廟、陵寢等制度 |<br>| 皇帝權威的表現 | 1. 建華麗宮城：秦始皇盛修宮室，據說關中就有三百多所，曾仿建各國宮室於咸陽附近，後又修建阿房宮<br>2. 制定朝儀：秦博士叔孫通雜採古禮和秦儀，為漢立朝儀一事。高祖曰：「吾乃今日知為皇帝之貴也。」藉此以實現「尊君抑臣」<br>3. 預修陵墓：秦始皇為後世帝王立一個先例是預修陵墓。始皇驪山陵墓規模之大，無疑是空前的 |<br><br>【改寫自：弘文館編輯部，《中國史常識—秦漢魏晉南北朝》（臺北：弘文館，1986），頁8。張其昀，《中華五千年史—秦代史》（中國文化大學，1981），頁13～14】,teachers_book,秦漢,政治,"[皇帝制度, 秦始皇, 朕, 詔, 朝儀]",V.2/Ch.1/傳統政治權威的形塑,皇帝制度,,,
516,由於周代封建體制崩解，秦始皇放棄丞相王綰等復行「郡制、諸侯並行」之議，採納廷尉李斯建言，廢分封、行單一郡縣制，分天下為三十六郡，後隨版圖擴張增加至四十餘郡，形成「皇帝—郡縣」的政治秩序。郡的行政首長為郡守，縣的行政長官稱縣令，皆由皇帝任命，隨時移動任職地區。<br><br>【改寫自：孫聞博，〈秦君名號變更與「皇帝」的出現——以戰國至秦統一政治秩序的演進為中心〉，《中央研究院歷史語言研究所集刊》第九十一本第三分（臺北：2020），頁331、335】,teachers_book,秦漢,政治,"[郡縣制, 秦始皇, 李斯, 郡守, 縣令]",V.2/Ch.1/傳統政治權威的形塑,秦代郡縣制,,,
517,行政<br>行郡縣制，由皇帝直統任命地方官員<br><br>軍事<br>沒收民間武器，防止地方叛亂<br><br>經濟<br>1. 統一貨幣、度量衡<br>2. 重農抑商，將地方都市商人強制遷徙至開墾地，使人民綁定於土地上<br><br>社會<br>1. 統一文字，化簡地方差異，消弭地方色彩<br>2. 將地方有勢力富豪、工商業者強制遷徙至首都就近監控，並防止地方繁榮形成勢力<br><br>文化<br>1. 焚書坑儒，控制醫藥、卜筮、農林以外的書籍，除官方典藏使用外一律焚毀<br>2. 禁止民間討論儒學、仙道思想<br><br>【改寫自：伊藤道治等著，《中國通史》（臺北：稻鄉，1990），頁131～134】,teachers_book,秦漢,政治,"[中央集權, 郡縣制, 統一貨幣, 統一文字, 焚書坑儒]",V.2/Ch.1/傳統政治權威的形塑,秦朝的中央集權體制,,,
518,一、受到戰國國君的欣賞<br>鄒衍以陰陽、五行來說明舊王朝必然會滅亡，新王朝必然會出現，因此，他的學說受到當時爭勝七雄的歡迎。他到魏國，梁惠王親自到郊外迎接，待之上賓之禮；到了趙國，受到平原君的器重和優待；到了燕國，燕昭王築石宮，招來一批學生專門在那向他學習，燕昭王自己也拜他為師。<br><br>二、秦代的運用<br>秦始皇依據鄒衍的學說，確認秦代為水德之始，並依照水德改制。例如：改正朔，以建亥之月為正，即以冬10月為歲首，接受百官朝賀；顏色尚黑，衣服旌旗均用黑色；數以6為紀，符法冠均6寸、輿6尺、乘6馬、6尺為步；改河（即黃河）為德水等，這是五德說自創立以來，第一次由秦始皇付諸實行。始皇帝尊五德終始，另有深意，即以水德尚法，推行嚴酷的法律制度。秦為水德之始，「水主陰，陰刑殺」，因而尚法嚴刑，成為據水德改制的主要內容。這不僅符合秦尚法的傳統，與秦始皇的法治思想也極為一致的。為建立統一的法律制度，秦始皇「明法度，定律令」，在全國頒行統一的法律令。<br><br>【改寫自：蕭公權，《中國政治思想史，上冊》（臺北：聯經，1980），頁88。湯其領，〈秦漢五德終始初探〉《史學月刊》1（河南大學，1995），頁19～20】,teachers_book,秦漢,文化,"[五德終始說, 鄒衍, 秦始皇, 水德, 尚法]",V.2/Ch.1/傳統政治權威的形塑,五德終始說,,,
519,背景<br>漢武帝即位時，社會經濟已經恢復，他想強化專制統治，儒家大一統、仁義和君臣倫理觀念，與武帝的性格及其所面臨的形勢相適應。儒家終於取代道家，居於主導地位<br><br>發展<br>嘗試<br>西元前140年（建元元年），武帝即位後，重用王臧、趙綰等儒生，因竇太后反對而中止<br><br>落實<br>1. 西元前134年（元光元年），武帝召集學士親自策問。董仲舒在對策中指出，《春秋》大一統是「天地之常經，古今之通誼」，現在師異道，人異論，百家之言宗旨各不相同，使統治者思想不一致，法制數變，而百家無所適從。他的建議「諸不在六藝之科、孔子之術者，皆絕其道，勿使並進」受到武帝的賞識。同年設立專研儒教經典《易》、《書》、《詩》、《禮》、《春秋》的五經博士<br>2. 西元前124年（元朔5年），布衣出身的儒生公孫弘擢居相位，其建議設置博士弟子員五十名，稱「太學」，為中央教育機關之始。儒術成為官方的統治思想，通曉儒家經典成為任官食祿的主要條件，而道家等諸子學說則在政治上遭到貶黜<br><br>特色<br>武帝推崇的儒術，事實上已吸收了法家、道家、陰陽家等各種不同學派的思想，與以孔、孟為代表的先秦儒家並不完全相同，武帝把儒學與刑名法術互相糅合，形成了「陽儒陰法」的統治手段<br><br>【改寫自：林啟彥編著，《中國學術思想史》（臺北：書林出版有限公司，1994），頁87～88。中國大百科全書出版社，《中國大百科全書·中國歷史》（北京：中國大百科全書出版社，1992），頁16、334】,teachers_book,秦漢,文化,"[獨尊儒術, 漢武帝, 董仲舒, 五經博士, 太學]",V.2/Ch.1/傳統政治權威的形塑,漢武帝獨尊儒術,,,
520,董仲舒生於漢文帝前元四年（西元前176年），景帝時為博士，傳授《春秋》。漢武帝即位後，董仲舒三次向武帝建言〈賢良對策〉，宣傳其天人感應學說，為武帝所重用；該學說被後人稱為〈天人三策〉。<br>董仲舒認為天與人是相通的，天有意志，是最高的人格神，並且祂按照自己的面貌創造了人。董仲舒認為天、人是同類的，而根據同類相感的原理，天與人應該可以產生一種互動的感應。天有無比的威力，具有愛心且能賞罰分明。因此當天子犯了錯時，天會降下災害警告他；如果他還不修正錯誤，天又會降下靈異來警告他；又如果他還是不改正，天就會使他滅亡。故人應順天、法天，並主張教化與刑罰並用，但以道德教化為本，刑罰為輔。<br><br>【改寫自：黃雋，《中外教育史》（高雄：復文書局，2005），頁40～41。韓復智等編著，《秦漢史》（臺北：里仁，2007），頁393～401。孫廣德、朱宏源編著，《中國政治思想史》（臺北：空中大學出版社，1997），頁202～205。鶴間和幸著，李彥樺譯，《始皇帝的遺產：秦漢帝國》（新北：臺灣商務，2018），頁266～267】,teachers_book,秦漢,文化,"[董仲舒, 天人感應, 漢武帝, 賢良對策, 人格神]",V.2/Ch.1/傳統政治權威的形塑,董仲舒與「天人感應」思想,,,
521,以政治學的角度來看，君、臣關係容易形成「上下尊卑」的模式，但先秦儒者仍試圖建構一種以「道德」為核心的理念，希望君、臣之間能以「價值意識」為結合的基礎。如孔子認為君應「以禮待臣」、臣當「以忠報君」；孟子則繼承孔子的精神，認為君臣之間若無「道德」，臣者可選擇離開君主。可以說，在先秦儒者所處的封建宗法時代，政治權力雖以統治者的血緣關係為基礎，並發展出擬血緣關係作為政治分配的原則，但儒者認為，這種君臣關係只是偶然，故重新檢視這種政治組成的正當性。最後，他們以「德治」作為君主是否適任的原則，因此，「有位」不一定有「德」，「有德」則其「位」乃洽；同樣的，君、臣之間的結合，也應建立在淑世的公共性理想之上，有道義的君主，臣自然會輔佐；相反的，君若無德，臣除應離去外，更可以革命作為最後手段。<br><br>【改寫自：林慶彰主編，《正統與流派：歷代儒家經典之轉變》（臺北：萬卷樓，2012），頁7～11】,teachers_book,春秋戰國,文化,"[先秦儒者, 孔子, 孟子, 德治, 聖君賢相]",V.2/Ch.1/傳統政治權威的形塑,先秦儒者與聖君賢相觀念,,,
522,自漢代董仲舒提倡以儒學為核心的新秩序後，儒學與國家統治間的關係逐步建立。而在以儒學為本的文官制度誕生的過程中，伴隨出現的，便是士大夫階級。<br>士大夫階級以儒學研究（特別是經學）作為其文化資本，士大夫作為儒學主要的擁護者，除對儒家理想的追求外，也能藉由儒學獲得政治權力，並透過經學研究，形成政治、文化團體。法國漢學家艾蒂安・白樂日在其《中國的文明與官僚主義》一書指出：儒家在中國政治發展中，作為一種士大夫的組織力量，也充分表現他們的利益、思想與理想，成為保護士大夫階級的工具。士大夫集團與儒學間的利益連結，使得尊儒在漢代成為主流。<br><br>【改寫自：林聰舜，《漢代儒學別裁：帝國意識形態的形成與發展》（臺北：國立臺灣大學出版中心，2013），頁152～153】,teachers_book,秦漢,社會,"[士大夫, 儒學, 董仲舒, 經學, 文官制度]",V.2/Ch.1/傳統政治權威的形塑,有關士大夫階級與儒學關係的探討,,,
523,「相」源自於西周封建制度下，諸侯朝聘宴會時輔導行禮的官。「相」在春秋時期多有兼任其他職務並行，政治地位並不高，然由於各國間相互往來頻繁，熟悉禮儀的「相」逐漸成為輔佐國君的重要職位，至戰國時期發展出明確的工作職掌。正式名稱有「相」、「宰相」、「丞相」等，統領官僚集團的領袖。<br><br>【改寫自：傅樂成，《中國通史（上冊）》（新北：大中國圖書，2017），頁108～111。孫文良，《中國官制史》（臺北：文津，1993），頁26。薩孟武，《中國社會政治史（一）》（臺北：三民，2011），頁259～285】,teachers_book,春秋戰國,政治,"[相, 官僚集團, 西周, 諸侯, 丞相]",V.2/Ch.1/傳統政治權威的形塑,「相」與官僚集團的形成,,,
524,秦朝設置丞相、太尉、御史大夫輔佐皇帝處理國政，三個官職各有其執掌與辦事機構。三公之下則有諸卿，執行細部事務。漢朝承襲秦朝的中央政治體制，並進一步發展成熟，確立了三公九卿制度。<br>| | | |<br>| :--- | :--- | :--- |<br>| **三公** | 丞相 | 為百官之首，總掌國政方針，選用百官、執行賞罰，向皇帝進言與評斷皇帝的提議，對皇權有極高的抗衡 |<br>| | 太尉 | 主掌軍事事務，但未擁有軍事全權，亦非常設職。未設立太尉時，其職務由丞相兼任 |<br>| | 御史大夫 | 職務上相當於副丞相。但御史大夫另有特殊權責，主掌典正法度的修制，並審查詔書是否合乎法制，故可以監督百官眾臣，包括丞相。此一職務多由皇帝親信擔任，制衡丞相，有時甚或超越丞相 |<br>| **九卿** | 太常 | 掌管宗廟禮儀 |<br>| | 光祿勳 | 掌管宮殿門禁戍衛 |<br>| | 衛尉 | 巡守宮殿周圍 |<br>| | 太僕 | 掌車馬 |<br>| | 廷尉 | 掌刑辟，為最高司法官員 |<br>| | 大鴻臚 | 主掌外交事務，如少數民族的朝貢 |<br>| | 宗正 | 掌管皇族事務 |<br>| | 大司農 | 主掌國家財政 |<br>| | 少府 | 主掌山海地澤，以供養皇室。兼領各項職務，權責繁雜 |<br><br>中央官制除了三公九卿之外，另有三師與列卿兩類職銜。三師依位階分別為太師、太傅、太保，又稱為「上公」，地位較三公來得高，屬於皇帝顧問，但不具有實際執掌。漢代諸卿中較重要的九個官職被稱為九卿，其餘稱為列卿，主要負責與宮廷相關的專門執掌，如「中尉」主管京師治安、「將作大匠」負責宮室宗廟的建築等。<br><br>【改寫自：傅樂成，《中國通史（上冊）》（新北：大中國圖書，2017），頁108～111、190～192。孫文良，《中國官制史》（臺北：文津，1993），頁40～41、51～55。薩孟武，《中國社會政治史（一）》（臺北：三民，2011），頁115～123、259～285。岡寧，《中國古代的政治》（臺北：文津，2001），頁57～58】,teachers_book,秦漢,政治,"[三公九卿, 丞相, 太尉, 御史大夫, 中央官制]",V.2/Ch.1/傳統政治權威的形塑,三公九卿,,,
525,丞相為百官之首，輔佐皇帝掌管全國事務，若皇帝不管事則位高權重，若皇帝欲親政則易引發皇權與相權的衝突。<br>漢武帝欲掌國政，然丞相位於皇宮外朝，掌管國家大政，無法頻繁入內宮。漢武帝遂與特許進入帝王官苑之官員，或是服侍皇帝的近臣商討國務，逐漸形成從屬皇帝的集團，稱為「內朝」。內朝組成如侍中、給事中、中常侍、尚書等，其中尚書為皇帝私人秘書組織，首長尚書令因具有宣示詔令與閱讀奏章的職權，逐漸掌握發號施令的權力。國務已於內朝底定，丞相遂成為執行國務的行政職位，而非決策人員。<br><br>【改寫自：傅樂成，《中國通史（上冊）》（新北：大中國圖書，2017），頁192～193。岡寧，《中國古代的政治》（臺北：文津，2001），頁75】,teachers_book,秦漢,政治,"[內朝, 漢武帝, 丞相, 尚書, 相權]",V.2/Ch.1/傳統政治權威的形塑,內朝,,,
526,尚書<br>1. 東漢時期尚書成為獨立機關，稱為尚書臺<br>2. 曹魏時脫離少府，逐漸發展為最高行政機關，尚書令即當時的宰相<br>3. 南朝直接承襲、北朝自北魏孝文帝漢化時採用<br><br>中書<br>1. 東漢時並無中書，曹操主政時中書省作為皇帝祕書機關而成立，負責起草詔令<br>2. 魏文帝時期改祕書為中書，逐漸掌握決策權<br>3. 西晉時期政治中心轉移至中書<br><br>門下<br>1. 東晉時，因應中書省成為行政機構，門下省以皇帝祕書機關的職權成立<br>2. 門下省在南北朝時期掌握實權，成為政治中心。中書令、尚書令無實權，但名義上仍為宰相<br><br>尚書、中書、門下，在南朝梁時始稱「省」，北朝則從北齊時開始冠上省的稱呼。<br><br>【改寫自：傅樂成，《中國通史（上冊）》（新北：大中國圖書，2017），頁371、338～339】,teachers_book,魏晉南北朝,政治,"[尚書, 中書, 門下, 曹魏, 孝文帝]",V.2/Ch.1/傳統政治權威的形塑,魏晉南北朝期間的中央行政機關發展,,,
527,尚書原隸屬於少府（為皇室管理私財和生活事務的機構），首長為尚書令，尚書僕射次之。至東漢時掌握行政實權，在東漢靈帝時正式成立尚書臺，成為獨立機構。東漢以後由於宦官僅需任中常侍即可問政，隨著宦官擴權，尚書職權縮減為行政機構，國務決策權由中常侍掌控。<br><br>【改寫自：傅樂成，《中國通史（上冊）》（新北：大中國圖書，2017），頁193～195。孫文良，《中國官制史》（臺北：文津，1993），頁40～41、113～115】,teachers_book,秦漢,政治,"[尚書臺, 尚書令, 東漢, 宦官, 中常侍]",V.2/Ch.1/傳統政治權威的形塑,尚書臺,,,
528,1. 唐朝承襲隋朝五省六曹制，設立中書、門下、尚書組成的三省六部制，確立三省執掌、權責與相互關係，並於六部下設立二十四司，落實職權專業化<br>2. 三省長官均為宰相，共同輔佐皇帝治理國政。三省分散相權、相互制約，彼此分工，提高行政效率，同時緩和皇權與相權的衝突<br><br>**唐朝三省制**<br>| | | |<br>| :--- | :--- | :--- |<br>| **三省** | 中書省 | 執掌詔書、政令的草擬，輔佐皇帝發號施令。中書省長官為中書令 |<br>| | 門下省 | 審查詔令，對於詔令不妥處予以駁回。門下省長官為侍中 |<br>| | 尚書省 | 最高行政機構，執行政令。尚書省長官為尚書令，後因唐太宗曾任尚書令，尚書省長官轉為左右僕射 |<br>| **六部** | 吏 | 主掌官吏任免 |<br>| | 戶 | 主掌戶口錢糧 |<br>| | 禮 | 主掌禮儀慶典 |<br>| | 兵 | 主掌軍事行政 |<br>| | 刑 | 主掌法律刑罰 |<br>| | 工 | 主掌營繕工程 |<br><br>【改寫自：傅樂成，《中國通史（上冊）》（新北：大中國圖書，2017），頁371。孫文良，《中國官制史》（臺北：文津，1993），頁214～216。岡寧，《中國古代的政治》（臺北：文津，2001），頁120～121、132～134】,teachers_book,隋唐,政治,"[三省六部制, 中書省, 門下省, 尚書省, 宰相]",V.2/Ch.1/傳統政治權威的形塑,三省六部制,,,
529,宋初中央官制承襲唐制，但刻意削減職權，中書、尚書、門下長官皆不常設，僅中書位於禁中，其餘兩機構無法預聞朝政。實質掌握宰相職的官職為「同中書門下平章事」，但無議政權，僅針對政務向皇帝請旨，交由皇帝裁決。而財政權、軍權交由三司、樞密兩機構負責，大幅削弱相權。<br>此外，宋代採用州、縣二級制，並推行路官制度，全國劃分為十多路。州、路長官皆具有中央官職身分且固定三年輪調。宰相與知州併在一起輪調，導致有時中央任職的宰相必須至地方擔任知州事，各層面上降低宰相的職權與影響力。<br><br>【改寫自：傅樂成，《中國通史下冊》（新北：大中國圖書，2011），頁574～579。小島毅著，游韻馨譯，《中國思想與宗教的奔流：宋》（新北：臺灣商務，2017），頁83】,teachers_book,宋元,政治,"[官制改革, 同中書門下平章事, 三司, 樞密, 相權]",V.2/Ch.1/傳統政治權威的形塑,宋初官制改革,,,
530,| | |<br>| :--- | :--- |<br>| **時間** | 1380年（明太祖洪武13年） |<br>| **背景** | 胡惟庸與明太祖朱元璋同鄉，為開國功臣，受太祖信任。明初胡惟庸任宰相，開始擴張自己的政治影響力。丞相為皇帝的輔佐，但同時也造成相權與皇帝權力的矛盾，漸受到太祖猜忌 |<br>| **經過** | 胡惟庸突然被以謀反罪名逮捕，4天後即被處刑。此外，太祖還肅清與胡惟庸有關的人士，處死人數高達15000多人。此後仍持續追蹤與胡惟庸有關人士，前後處死近30000人 |<br>| **影響** | 胡惟庸案後，明太祖廢除丞相、中書省，由皇帝直統六部。透過皇帝的獨裁統治，秦漢以來皇權與相權的衝突從根本上獲得解決。然而並非所有皇帝都能勝任龐大的政務，遂導致明朝後期大權旁落，宦官干政的問題 |<br><br>【改寫自：伊藤道治等著，《中國通史》（臺北：稻鄉，1990），頁540～543。傅樂成，《中國通史（上冊）》（臺北：大中國，2017），頁624～625】,teachers_book,明清,政治,"[胡惟庸案, 明太祖, 丞相, 中書省, 皇權]",V.2/Ch.1/傳統政治權威的形塑,胡惟庸案,,,
531,錦衣衛前身為拱衛司，在胡惟庸案之後，明太祖將其更名。錦衣衛為皇帝的貼身侍衛，並直屬於皇帝，受皇帝指示去進行監視、調查任務，甚至參與刑事拷問。錦衣衛的存在牽制官員們的言行舉止，進一步強化皇帝的專制獨裁。<br><br>【改寫自：王森威，〈明代錦衣衛指揮使研究〉（大連：遼寧師範大學碩士論文，2016）】,teachers_book,明清,政治,"[錦衣衛, 明太祖, 胡惟庸案, 皇帝, 專制獨裁]",V.2/Ch.1/傳統政治權威的形塑,錦衣衛,,,
532,明初廢相後，太祖設立殿閣大學士（四殿：中極、建極、文華、武英；兩閣：文淵閣、東閣），僅隨侍於皇帝身旁，以備顧問，或傳至御前執筆批答奏章。<br>成祖以後重用大學士，常召入文淵閣參與議政，文淵閣始稱「內閣」。但此時的內閣仍舊屬於顧問、秘書職，奏章仍由皇帝親自批答。<br>宣宗時開始命內閣「條旨」呈疏意見，交由皇帝裁奪，稱為「票擬」，閣權逐漸提高，無宰相之名握宰相實權。<br><br>【改寫自：傅樂成，《中國通史（下冊）》（新北：大中國，2017），頁632～633。伊藤道治等著，吳密察等譯，《中國通史》（新北：稻鄉，1990），頁558～560。錢穆，《國史大綱（下）》（新北：臺灣商務，2017），頁162～164。孫文良，《中國官制史》（臺北：文津，1993），頁317～318】,teachers_book,明清,政治,"[內閣, 大學士, 文淵閣, 票擬, 宰相]",V.2/Ch.1/傳統政治權威的形塑,內閣,,,
533,密摺制度始於清朝，為朝臣乃至地方官對皇帝的直接私人報告。透過每個官員、大臣以及安排在各地的特務人員的調查，可以防範官員隱瞞事情。密摺制度有效地控制官員之間彼此監視、不信任，也強化皇帝的專制集權。<br><br>【改寫自：伊藤道治等著，《中國通史》（臺北：稻鄉，1990），頁635～636。劉融，〈清王朝的朱批密折制述論〉，《四川大學學報（哲學社會科學版）》3（成都：四川大學，1994），頁77～80】,teachers_book,明清,政治,"[密摺制度, 清朝, 皇帝, 專制集權, 監視]",V.2/Ch.1/傳統政治權威的形塑,密摺制度,,,
534,| | |<br>| :--- | :--- |<br>| **設立緣由** | 雍正時期因應準噶爾入侵，為避免軍事機密外洩並可快速處理軍事情報，而於雍正四年（1726年）設立軍機房。雍正七年即改稱軍機處 |<br>| **執掌與發展** | 屬於內閣分支，專門處理軍事相關資訊。後來成為常設性機構，且經手重要政務，內閣反而只處理剩餘雜項。自乾隆朝起，軍機處比照內閣，首長稱為軍機大臣，實際執掌朝政 |<br><br>【改寫自：伊藤道治等著，吳密察等譯，《中國通史》（新北：稻鄉，1990），頁635～636。孫文良，《中國官制史》（臺北：文津，1993），頁336～337】,teachers_book,明清,政治,"[軍機處, 雍正, 準噶爾, 內閣, 軍機大臣]",V.2/Ch.1/傳統政治權威的形塑,軍機處,,,
535,| | |<br>| :--- | :--- |<br>| **起源** | 察舉制度起於漢代，起初為漢高祖下詔徵求賢才，故稱為「詔舉」，開漢代察舉制度之先河 |<br>| **發展** | 漢文帝後開始普遍推行察舉，並逐漸制度化。察舉制度依據選舉科別、舉任方式、舉辦期程，分類繁多，舉行模式多樣複雜 |<br>| **轉型** | 至東漢察舉人數氾濫，章帝建初年間縮減察舉制度，以「孝廉」為唯一科目，固定員額。然實質上「孝廉」已不再只限於孝子廉吏，而轉型為人才的進用、晉升管道 |<br><br>【改寫自：傅樂成，《中國通史（上冊）》（新北：大中國，2017），頁212～214。錢穆，《國史大綱（上）》（新北：臺灣商務，2017），頁208～212】,teachers_book,秦漢,政治,"[察舉制度, 詔舉, 孝廉, 漢高祖, 東漢]",V.2/Ch.1/傳統政治權威的形塑,察舉制度的演變,,,
536,| | | |<br>| :--- | :--- | :--- |<br>| **依舉辦期程** | **詔舉** | 由皇帝不定期下詔舉行，詔舉「賢良方正能直言極諫」之人，以廣開言路。此種模式在察舉制度發展初期較常見，察舉制度逐漸成熟之後舉行次數漸少<br>• 賢良：皇帝下詔舉用賢良方正的人才，並依據需求施以策試，察其是否符合資格。優良者任論議或諫諍之官 |<br>| | **歲舉** | 漢武帝元朔元年（西元前128年）下詔郡國必須舉孝察廉，違者論罪，此後孝、廉成為常科，每年固定舉辦，並於西漢晚年合併為「孝廉」科。至東漢初年，「孝廉」、「茂才」皆定為歲舉<br>1. 孝廉：重孝行廉風<br>2. 茂才：重才幹、節義 |<br>| | **特舉** | 針對特別項目舉辦，舉辦期程不定<br>• 四科之辟、四行、明經、明經兵法、有道……等 |<br>| **依舉任方式** | **直接任用** | 受推薦後無需策試，直接任官，如「孝廉」、「茂才」（又稱「秀才」）。「賢良」亦有受推薦後直接任用者，都是現任官，或曾經為官者 |<br>| | **對策後任用** | 1. 方正賢良之士多需經過策試，受舉者需就政事、經義等提問內容對策，優良者予以任用<br>2. 東漢因光武帝、明帝、章帝喜好圖緯，故加開「有道」科，儒者競相學道，以期譽受為有道術士，入京師對策，晉升為官 |<br>| | **特科考選** | 四科之辟：西漢武帝設置，按四科取士，開創特科考選制度的先河。發展至東漢時特舉制度繁多，已無四科之辟的規定。<br>1. 四科：德性高妙、學通行修，經中博士、明曉法令，足以決疑、剛毅多略<br>2. 四行：針對「質樸、敦厚、遜讓、有行義」之人，擔任地方縣令或其他合適職位<br>3. 明經：明習經書<br>4. 明習兵法：為武官之選 |<br><br>【改寫自：傅樂成，《中國通史（上冊）》（新北：大中國，2017），頁212～214。錢穆，《國史大綱（上）》（新北：臺灣商務，2017），頁208～212】,teachers_book,秦漢,政治,"[察舉制度, 詔舉, 歲舉, 孝廉, 賢良]",V.2/Ch.1/傳統政治權威的形塑,兩漢察舉制度,,,
537,東漢末年，戰亂頻仍，人才評選不易。曹魏政權建立後，採陳群之議，實施「九品官人法」，設立中正官，依據士人的家世、品德與才能，將人才評比列為九品（等），作為中央選才任官的參考。在選才作業中，分為中央（司徒府與尚書省）與地方（州、郡中正官）兩層機構。先由地方的郡中正考核，再送州中正評定後，入中央司徒府決定品位，最後由尚書省授官。此制度的優點在於戰亂等其他因素，導致無法推行「察舉制度」時，透過將各郡官僚立為郡中正官，讓地方官員準確地選拔人才。<br><br>【改寫自：伊藤道治等著，《中國通史》（臺北：稻鄉，1990），頁236～237】,teachers_book,魏晉南北朝,政治,"[九品官人法, 曹魏, 陳群, 中正官, 察舉制度]",V.2/Ch.1/傳統政治權威的形塑,九品官人法,,,
538,| | |<br>| :--- | :--- |<br>| **起源** | 隋文帝取消九品中正制，至隋煬帝設立進士科，開始改用考試任官辦法 |<br>| **發展** | 1. 唐代以後成為選拔官員的主要辦法，設有「秀才」、「明經」、「進士」、「明法」、「明字」、「明算」、「道舉」、「童子」八科。以重視經義的明經、講究實務策的進士兩科最為士人感興趣<br>2. 唐代初期以明經科錄取人數最多，唐高宗後進士科興盛。唐玄宗後進士科開始考詩賦，為社會所尊崇，朝中大臣接近八成為進士出身 |<br>| **影響** | 唐中葉以後，明經科出身者多為北方士族子弟，進士科則多為南方平民階級，加劇兩派的分裂、對立與衝突，為牛李黨爭的背景因素之一 |<br><br>【改寫自：傅樂成，《中國通史（下冊）》（新北：大中國，2017），頁474～475】,teachers_book,隋唐,政治,"[科舉制度, 隋文帝, 進士科, 明經科, 牛李黨爭]",V.2/Ch.1/傳統政治權威的形塑,科舉制度,,,
539,宋代大開科舉，太宗大幅提高科舉合格人數，以科舉制度將知識分子籠絡至朝廷，並將皇帝為考官的殿試制度立為定制（所有上榜者均為天子門生）。殿試後舉行合格者的祝賀宴會、效忠儀式，強化合格者效忠、支持皇帝的意象，即為殿試的意義。<br><br>【改寫自：伊藤道治等著，《中國通史》（臺北：稻鄉，1990），頁416～418】,teachers_book,宋元,政治,"[殿試, 宋代, 科舉, 太宗, 天子門生]",V.2/Ch.1/傳統政治權威的形塑,殿試,,,
540,戶籍是當時加強管理統治人民的手段，將個體小農以五家為單位，編為一伍，與軍事組織「伍」相結合。登記內容為人口數、成年男子年齡與姓名。十五歲即為成年人口，須負擔稅賦、徭役。由於以農民為對象，從事商業、手工業這類居所流動性高的人得以逃避登記。至秦商鞅改革後，開始將商人依實際人口數分擔徭役，遷徙則需重新登記戶口。戶籍為計口授田、收取地租、徵發徭役的基礎，更是將人民束縛在土地上的重要制度。<br><br>【改寫自：楊寬，《戰國史》（臺北：臺灣商務，1997），頁234～236】,teachers_book,春秋戰國,社會,"[戶籍制度, 伍, 商鞅, 計口授田, 徭役]",V.2/Ch.1/傳統政治權威的形塑,戰國時期的戶籍制度,,,
541,**第一次變法**<br>| | |<br>| :--- | :--- |<br>| **時間** | 西元前356年 |<br>| **內容** | **法律** 頒布法律，制定連坐法，罪輕用重刑 |<br>| | **軍事** 獎勵軍功，禁止私鬥，頒布按軍功賞賜的二十等爵制度 |<br>| | **經濟** 重農抑商，獎勵耕織，特別獎勵墾荒 |<br>| | **學術** 焚燒儒家經典，禁止游宦之民 |<br><br>**第二次變法**<br>| | | |<br>| :--- | :--- | :--- |<br>| **時間** | 西元前350年 |<br>| **目標** | 進一步從經濟和政治上進行改革，以謀求富國強兵 |<br>| **內容** | **廢井田、開阡陌** | 1. 內容：廢除井田制，把原本「百步為廟」的「阡陌」和每一傾田的「封疆」通通破除，重新設置<br>2. 影響：此舉以法令的形式保護了自耕農的土地私有，擴大政府擁有土地的授田制度，不僅促進農田制度改革，還增加地稅收入，適應了當時社會生產力發展的需要 |<br>| | **推行縣制** | 1. 內容：把許多鄉、邑、村落合併，改設一即官僚機構，並設有縣令、縣丞等地方官吏<br>2. 影響：此舉把全國政權、兵權集中到朝廷，建立中央集權的統一政治體制 |<br>| | **遷都咸陽** | 1. 內容：秦國為了爭取中原，圖謀向東發展勢力，把國都從雍遷到咸陽。並仿效中原各國國都的規模，修建冀闕（宮庭外用來懸示教令的高建築）和宮殿<br>2. 影響：咸陽靠近河，交通便利，附近物產豐富；同時遠離舊貴族勢力，有利於變法展開 |<br>| | **統一度量衡** | 頒布度量衡的標準器，對於統一賦稅制度、俸祿制度和發展商業，都有一定的作用 |<br>| | **按戶按人口徵收軍賦** | 1. 內容：依照秦律，成年男子要向政府登記，分家另立戶口，並繳納戶賦；而男子成而不分家登記戶口的，要加倍徵收戶賦<br>2. 目的：有利於獎勵開墾荒地，發展農業生產，增加賦稅收入。限制官僚地主豢養的食客數目<br>3. 影響：增加貧苦勞動人民的負擔 |<br>| | **革除戎狄風俗** | 1. 內容：由於秦國的西南和西北都是少數部族，秦國將其統一之後，按照中原的風尚、習俗把殘留的戎狄風俗革除，禁止父子兄弟同室居住<br>2. 影響：加強統治 |<br><br>【改寫自：傅樂成，《中國通史上冊》（新北：大中國圖書，2017），頁66。王東珍等著，《墨子、商鞅、莊子、孟子、荀子》（臺北：臺灣商務，1999），頁68。楊寬，《戰國史》（臺北：臺灣商務，1997），頁208～210】,teachers_book,春秋戰國,政治,"[商鞅變法, 連坐法, 廢井田, 開阡陌, 統一度量衡]",V.2/Ch.1/傳統政治權威的形塑,商鞅兩次變法的內容,,,
542,| | |<br>| :--- | :--- |<br>| **意義** | 1. 秦漢時代為健全和維護戶籍制度，在戶政方面有一套對戶口進行調查和核實之辦法，稱為「案比」<br>2. 其基本目的為徵收人頭稅（算賦）和徵發徭役，同時也有「養老懷幼」及安定社會秩序之作用<br>3. 「鄉」是漢代掌握地方戶及漢人口的重要單位，「鄉戶籍」是知民善惡、勞役、貧富的依據，必須保持一定的可靠性 |<br>| **時間** | 秦代以十月為一年之首，九月為歲末，故在八月進行戶口盤點，故又稱為「八月案比」、「八月算人」等。漢代承襲秦制而來 |<br>| **項目** | 人口、年齡、形貌（身高、膚色）和身分類別（爵、大小、男女、使、未使等）的查核登記 |<br>| **內容** | 1. 案比最重要之作用，即在確定身分以及因身分之不同而引起徭役的改變。漢代百姓依年齡大小傅籍有大、小、使、未使男女等名目，不同之身分負擔不同差役；至五十六歲為「老」，賦與役皆免；七十以上，則享有養老禮。此外，鰥、寡、孤、獨、廢疾、罷癃、宗室等在賦役和復除之規定亦不同<br>2. 戶籍乃國家財政來源的根據和社會穩定的基礎，百姓遷徙他處，須親身向官吏申報，並要隨遷徙他鄉者移送到徙往之所 |<br><br>【改寫自：邢義田，〈漢代案比在縣或在鄉？〉，《中央研究院歷史語言研究所集刊》第60本（臺北：中央研究院歷史語言研究所，1990），頁458、462、467。蔡宜靜，〈秦漢戶政制度研究〉，國立臺灣師範大學歷史學系博士論文（臺北，2004），頁162、164、171】,teachers_book,秦漢,社會,"[八月案比, 戶籍制度, 算賦, 徭役, 鄉戶籍]",V.2/Ch.1/傳統政治權威的形塑,八月案比,,,
543,「手實」為登記家族成員與土地的戶籍申報單。每戶提交後，由里正查核真實，對有問題的手實進行家族調查，稱為「貌閱」。核實完後成為「鄉帳」，以鄉為單位呈報給縣。鄉帳一式三份，一份留在縣內，一份上呈給州，一份則上繳到中央財政的戶部。鄉以這些資料為基礎進行課稅，同時追蹤人口流動。<br><br>【改寫自：氣賀澤保規著，郭清華譯，《絢爛的世界帝國：隋唐時代》（新北：臺灣商務，2017），頁165～166】,teachers_book,隋唐,社會,"[手實, 戶籍, 貌閱, 鄉帳, 戶部]",V.2/Ch.1/傳統政治權威的形塑,手實,,,
544,| | |<br>| :--- | :--- |<br>| **民戶** | 一般農民 |<br>| **軍戶** | 士兵 |<br>| **匠戶** | 專職生產國家用器具 |<br>| **灶戶** | 負責生產政府專賣的鹽 |<br><br>【改寫自：上田信著，葉韋利譯，《海與帝國：明清時代》（新北：臺灣商務，2017），頁123～124】,teachers_book,明清,社會,"[戶計, 民戶, 軍戶, 匠戶, 灶戶]",V.2/Ch.1/傳統政治權威的形塑,戶計,,,
545,蒙古帝國的疆域包括東亞、中亞、西亞、東歐和中歐一代廣大領土，其中中國只是帝國領土的一部分。為了要統治這樣廣土眾民，缺乏政治經驗的蒙古人，採因地制宜，遴選當地民族參與中央或地方政府組織，並承襲當地部分的官僚政治，可以說蒙古人並沒有實行直接統治。<br>他們更依照征服次序和民族界線，將中國境內的統治人口劃分為四種在政治、法律、經濟等待遇迥然不同的階級—蒙古人、色目人、漢人、南人。蒙古王朝為了達成對中國本土內各種服務人口的實際控制，參酌農耕民族和草原民族的習慣，並視實際需要，樹立「戶計制度」。<br>從戶計的民族構成來看，蒙古人進入中國以後，似乎仍企圖維持其傳統的游牧生活方式，故其戶計仍以軍戶、獵戶為主。而漢人、南人則擔任主要的生產戶計，為征服王朝提供各種經濟生產、繳納賦稅、擔任軍事、交通、公共建設等服務。<br><br>【改寫自：黃清連，〈元代戶計的劃分及其政治社會地位〉，《臺大歷史學報》第02期（臺北，1975），頁113～116】,teachers_book,宋元,社會,"[戶計制度, 蒙古帝國, 色目人, 漢人, 南人]",V.2/Ch.1/傳統政治權威的形塑,元代戶計制度實施的背景,,,
546,西周封建制度下的井田制，農民以共同耕作「公田」（稱為「籍田」），換取「私田」收入（稱為「份地」）。然而西周末年由於頻繁的爭戰，諸侯對地方的控制力下降，使得「公田」漸趨荒廢。為了維持稅收來源，井田制遂轉向「私田」收取稅收，依據土地肥沃度分為上、中、下三等，實施土地休耕與差別稅賦制度。<br>每戶農家每年皆實際耕作百畝地，為了配合地力休耕，下田的農家負責三百畝地、中田的農家負責二百畝地；上田的農家無需休耕，負責百畝地。由於田地肥沃度差異，每年上田繳納二十七斗、中田繳納二十斗、下田繳納十三斗，並且每三年重新分配田地，平均每戶農家的壓力。（《公羊傳》宣公十五年何休注：「三年一換土易居，財均力平」）<br>至春秋晚期，隨著牛耕、鐵製農具等農耕技術的發明與革新，農民已不再嚴格遵循土地休耕制度，擴大開墾份地或是井田制以外的荒地；「初稅畝」即是因應土地開墾的轉變而作的田制改革。井田制雖尚未被廢除，但直接針對農戶的份地與私自開墾的荒地按畝徵稅，已承認農戶的土地所有權，也反映著井田制的功能已經瓦解，逐漸邁向廢止。<br><br>【改寫自：楊寬，《戰國史》（臺北：臺灣商務，1997），頁155～162。程念祺，〈試論中國古代土地制度的公有、私有與國有問題〉，《史林》（上海：上海社會科學院歷史研究所，1997年第3期），頁1～9、41。尚友萍，〈論“初稅畝”〉，《河北大學學報（哲學社會科學版）》（保定：河北大學，2000年第6期），頁38～40。張中秋、阮晏子，〈井田制的衰亡——新制度經濟學派視角下的春秋戰國土地產權制度變遷〉，《法商研究》（武漢：中南財經政法大學，2003年第5期），頁137～144。黃樸民，〈何休經濟思想簡論〉，《求是學刊》（哈爾濱：黑龍江大學，1998年第1期），頁94～98】,teachers_book,春秋戰國,經濟,"[井田制, 初稅畝, 公田, 私田, 土地所有權]",V.2/Ch.1/傳統政治權威的形塑,井田制的瓦解與初稅畝——土地田制改革,,,
547,| | |<br>| :--- | :--- |<br>| **第一次改革** | 重農抑商，獎勵耕織，獎勵拓荒：商鞅特別重視獎勵拓荒，在《商君書》〈墾令篇〉中一連舉了二十條獎勵墾荒的措施 |<br>| **第二次改革** | 根據《史記》記載，商鞅提出「為田開阡陌封疆而賦稅平」，廢除貴族的井田制度。將土地分授給無田耕種的農民，以此確認自耕農的土地所有，並強化政府的授田制度。至此以法律形式保護了土地私有制，嚴禁對私有土地的侵犯 |<br><br>【改寫自：楊寬，《戰國史》（臺北：臺灣商務，1997），頁204～207】,teachers_book,春秋戰國,經濟,"[商鞅, 土地改革, 重農抑商, 井田制度, 土地私有制]",V.2/Ch.1/傳統政治權威的形塑,商鞅兩次變法中的土地改革,,,
548,| | |<br>| :--- | :--- |<br>| **興起** | 秦代商鞅改革後，土地私有制興起，耕地租佃制度即相伴形成。擁有土地者將土地出租給別人耕種，獲取報酬 |<br>| **發展** | 至西漢董仲舒推行改革時期，社會上普遍的租佃制為什五稅（漢代為止尚未區分對於私有地租金與公有地稅收的觀念，統稱稅），即地主與佃戶均分生產。佃戶又稱「客耕」、「客耕農」 |<br>| **影響** | 兩晉至南朝時期，由於政府稅收沉重，小農無法負擔稅收，遂轉而投靠豪強，成為不用納稅的蔭附人口，導致兩晉至南朝時期租佃制度盛行，衝擊國家稅收 |<br>| **政府對策** | 1. 漢代推行限民名田制度，限制人民持有田地的上限，但上限過於寬鬆，無助於阻止土地兼併，加上漢代朝廷並未嚴格執行，成效不彰<br>2. 兩晉至南朝時期，針對蔭附人數進行限制，控制豪強、莊園等私有土地的佃戶數額<br>3. 北魏則推行均田制，透過土地公有與國家授田制度確保農民擁有可耕田，以此掌握耕戶與國家稅收 |<br><br>【改寫自：趙岡、陳鍾毅，《中國經濟制度史論》（臺北：聯經，1986），頁137～145】,teachers_book,秦漢,經濟,"[租佃制度, 土地私有制, 蔭附人口, 均田制, 土地兼併]",V.2/Ch.1/傳統政治權威的形塑,租佃制度,,,
549,根據《漢書王莽傳》記載「秦為無道，厚賦稅以自供奉，罷民力以極欲，壞聖制，廢井田，是以兼併起。………故富者犬馬餘菽粟，驕而為邪；貪者不厭糟糠，窮而為奸」。《史記》則記載漢代豪強、酷吏在鄉里進行土地兼併的狀況，如《史記淮南衡山傳》載「衡山王賜………數侵奪人田，壞人冢以為田。」、《史記酷吏寧成傳》載「寧成………武帝即位，徙為內史。………詐刻傳出關歸家。稱曰：『仕不至二千石，賈不至千萬，安可比人乎！』乃貰貸，買陂田千餘頃，假貧民，役使數千家。」意即「當官如果不到二千石這個等級，經商如果年收不到千萬金，怎麼足以和人品頭論足？」<br><br>【改寫自：洪神皆，〈漢代農民土地問題的對策〉，收於《興大歷史學報》第六期（臺中市：國立中興大學歷史學系，1996），頁4～5】,teachers_book,秦漢,經濟,"[土地兼併, 漢代, 豪強, 酷吏, 廢井田]",V.2/Ch.1/傳統政治權威的形塑,漢代土地兼併,,,
550,| | |<br>| :--- | :--- |<br>| **時間** | 始建國元年（西元9年） |<br>| **主導** | 王莽 |<br>| **目的** | 解決土地兼併問題 |<br>| **措施** | 1. 將全國土地收歸國有<br>2. 一家男丁不超過八口，但擁有超過九百畝田者，須將超額土地分給鄰里、宗族<br>3. 無田者，由國家分配授予 |<br>| **停止** | 1. 未考慮當時土地少而人口多的情形，許多人實際上未能獲得土地<br>2. 地主田地無人耕種<br>3. 始建國四年（西元12年）因大臣反對而廢除 |<br><br>【改寫自：榮真，《王莽》（北京：外文出版社，2013），頁181～184】,teachers_book,秦漢,經濟,"[王田制, 王莽, 土地兼併, 土地國有, 九百畝]",V.2/Ch.1/傳統政治權威的形塑,王田制,,,
551,| | |<br>| :--- | :--- |<br>| **施行** | 北魏太和九年（485年），孝文帝採李安世建議頒布，太和十一年（487年）實施 |<br>| **背景** | 1. 漢末以來的長期動亂，造成北方人口銳減，大量土地荒廢。政府希望藉由開墾，增加稅收<br>2. 大量人民因戰亂投靠豪族，成為佃客。他們不必負擔稅役，也造成大量土地無人耕作<br>3. 北魏統一北方後，政治逐漸安定，許多流民返回故鄉，但發現土地已被豪族所占，糾紛四起，由政府分配土地的政策便有其必要 |<br>| **內容** | 1. 確定授田對象，並給予相對應的田地<br>**露田**<br>1. 15歲以上的男性給40畝，女性20畝，奴婢也有<br>2. 死後，田地還給官府<br>3. 耕牛亦可獲田30畝<br>**桑田**<br>1. 男人一人20畝<br>2. 不用還給官府，也可以買賣<br>2. 露田只能種植穀物和桑麻，不許栽種樹木<br>3. 授田的農民每年須繳納一定數量的租粟、布帛，亦須服勞役<br>4. 地方官吏按品級授給公田 |<br>| **演變** | 均田制歷經北齊、北周、隋、唐四朝，前後達二百七十多年，其中也有多次改革：<br>| 授田名稱、項目 | 1. 北齊：桑田改為永業田<br>2. 隋朝：公田改為職分田，並增加給予行政機關的公廨田<br>3. 唐朝：露田改為口分田 |<br>| :--- | :--- |<br>| **授田年齡** | 1. 北魏：15歲授田、70歲還田<br>2. 北齊：18歲授田、68歲還田<br>3. 北周：65歲還田<br>4. 隋朝：60歲還田<br>5. 唐朝：初期為21歲授田；唐中宗改為22歲授田、58歲還田 |<br>| **授田對象** | 隋唐取消婦人（寡婦除外）、奴婢、耕牛授田的規定；但新增工商業者、道士、僧侶等 |<br>| **土地買賣** | 1. 北魏：只有桑田可以買賣<br>2. 唐代：無論永業、口分，如遇經濟困難、商業經營等情況，皆可買賣 |<br>| **宗室、官員永業田的擴大** | 1. 隋朝：除正常授田外，亦授予數量相當的永業田<br>2. 唐朝：授予的官員、土地數量增加 |<br>| **趨勢** | 1. 縮短歸還授田的年齡、奴婢與婦人授田的取消，反映出政府可授受土地漸少，故要加速其流通、並減少土地分配數額<br>2. 宗室與官員永業田的擴大、土地自由買賣的放寬，反映均田制國有性質喪失，承認土地私有制的正當性 |<br>| **破壞** | 1. 實施以來，受到權貴、豪族兼併土地的影響，法令無法貫徹<br>2. 永業田可世代繼承，隨著人口增加，政府可分配的土地逐漸不足<br>3. 安史之亂後，流民增加、戶籍散落<br>4. 唐德宗實施兩稅法後，均田制名存實亡 |<br><br>【改寫自：梁庚堯，《中國社會史》（臺北：國立臺灣大學出版中心，2014），頁146～153】,teachers_book,魏晉南北朝,經濟,"[均田制, 北魏, 孝文帝, 露田, 桑田]",V.2/Ch.1/傳統政治權威的形塑,均田制,,,
552,根據學者所做之統計，漢代農民的收入與稅收情形如下：<br>| | |<br>| :--- | :--- |<br>| **收入** | 漢代農戶耕地面積約70畝，每歲收入約二石 |<br>| **田賦** | 1. 稅納田賦為四石七斗，折錢為470文<br>2. 一家五口，兩大三小，如每歲按丁口交賦，約609文 |<br>| **勞役** | 1. 按統計，漢代一個月的工錢約700文<br>2. 如一家兩人服役，每歲需服兩個月的情形換算，折錢1400文 |<br>| **影響** | 直接導致農民破產 |<br><br>【改寫自：金觀濤，《興盛與危機：論中國社會超穩定結構》（香港：香港中文大學出版社，1992），頁126～127】,teachers_book,秦漢,經濟,"[田賦, 勞役, 漢代, 農民, 破產]",V.2/Ch.1/傳統政治權威的形塑,漢代農民的田賦與勞役,,,
553,東漢末年朝廷因外戚、宦官干政而政治混亂，財政無力。漢獻帝初平元年（西元190年）董卓入長安，發行銅製的無字小錢，由於錢幣無文字，大小、重量皆不一，劣質貨幣的發行導致嚴重的通貨膨脹。人民對於貨幣失去信任，導致貨幣制度完全崩潰。<br>曹魏時期為了維持稅收，建安九年（西元204年）下令：「其收田租畝四升，戶出絹二匹、錦二斤而已，他不得擅興發。」改採按畝徵收定額田租、按戶徵收絹錦的定額實物徵收制度，有別於漢代按土地、人口比例徵收錢幣的稅收制度。曹魏時期的稅收制度有田租之說，尚無「戶調」之稱。<br>至西晉時期，正式出現「戶調」制度的稱呼。《晉書．食貨志》記載「（西晉）又制戶調之式：丁男之戶，歲輸絹三匹、錦三斤，女及次丁男為戶者半輸。」可見西晉的戶調制度承襲曹魏的規範。<br><br>【改寫自：周國林，〈曹魏西晉租調制度的考實與評價〉，《華中師院學報（哲學社會科學版）》（武漢：華中師範大學，1982年S1期），頁118～119。張維訓，〈北魏前期的租調制度〉，《中國社會經濟史研究》（廈門：廈門大學歷史研究所，1987年第3期），頁64。陳雨露、楊棟，《中國金融大歷史：從西州封建經濟到唐朝盛世真相（西元前1046～西元907年）》（新北：野人，2020），頁159～161】,teachers_book,秦漢,經濟,"[貨幣制度, 東漢末, 董卓, 曹魏, 戶調]",V.2/Ch.1/傳統政治權威的形塑,東漢末貨幣制度的崩潰,,,
554,北魏拓拔珪建國初期，承襲魏晉以來的租調制度。至北魏太武帝拓拔燾時期進行改革，大規模整頓中原地區的稅收制度。太延元年（西元435年）將社會依據資產多寡分成九品，依品級徵收租調，確立以「三長」的鄉官（五家為鄰，設一鄰長；五鄰為里，設一里長；五里為黨，設一黨長，三長直屬州郡）主掌稅收職權。北魏的調與魏晉時期相同，採按戶徵收，租則不同於曹魏按畝徵收、西晉按丁計算徵收，而採取按戶徵收，使租調的徵收計算一致。<br><br>【改寫自：張維訓，〈北魏前期的租調制度〉，《中國社會經濟史研究》（廈門：廈門大學歷史研究所，1987年第3期），頁66～68】,teachers_book,魏晉南北朝,經濟,"[租調制, 北魏, 拓拔燾, 三長, 戶調]",V.2/Ch.1/傳統政治權威的形塑,北魏租調制,,,
555,| | |<br>| :--- | :--- |<br>| **釋義** | 唐中葉以前施行的賦稅制度 |<br>| **源自** | 北魏 |<br>| **演變** | 1. 北魏時，將布帛、粟米的課徵合稱為「調」<br>2. 北齊時，將布帛的課徵稱「調」、粟米的課徵稱「租」<br>3. 唐代時，將力役併入稱「庸」，合稱為「租庸調」 |<br>| **內容** | 唐高祖武德7年（624年）規定該法的內容為：每人年繳粟二石（租）；綾絹絲各二丈、棉三兩（調）；服勞役二旬 |<br><br>【改寫自：邱添生，〈論「唐宋變革期」的歷史意義——以政治、社會、經濟之演變為中心〉，《臺灣師大歷史學報》第7期（臺北：國立臺灣師範大學歷史學系，1979），頁97。梁庚堯，《中國社會史》（臺北：國立臺灣大學出版中心，2014），頁157】,teachers_book,隋唐,經濟,"[租庸調法, 賦稅, 北魏, 唐代, 力役]",V.2/Ch.1/傳統政治權威的形塑,租庸調法,,,
556,| | |<br>| :--- | :--- |<br>| **釋義** | 唐中葉以後的賦稅制度 |<br>| **施行** | 唐德宗建中元年（780年），由宰相楊炎提出 |<br>| **背景** | 1. 租庸調法的實行，需與均田制相輔。但實際上，許多農民擁有的田產不足，難以支應賦稅<br>2. 安史之亂後，流亡者眾、戶籍散亂，政府能控制的稅源更少 |<br>| **內容** | 1. 將「租庸調」等稅合併，簡化稅目<br>2. 分夏、秋兩季徵收<br>3. 改以「戶」為單位，依資產（含田產）多寡為課徵標準 |<br>| **意義** | 1. 不再以丁口為徵稅對象，等於宣告廢除均田制<br>2. 以資產多寡作為課稅標準，等於承認土地私有制 |<br>| **發展** | 宋朝後，大致仍延續施行，唯在稅目、徵收方式上進行調整 |<br><br>【改寫自：邱添生，〈論「唐宋變革期」的歷史意義——以政治、社會、經濟之演變為中心〉，《臺灣師大歷史學報》第7期（臺北：國立臺灣師範大學歷史學系，1979），頁98。梁庚堯，《中國社會史》（臺北：國立臺灣大學出版中心，2014），頁158】,teachers_book,隋唐,經濟,"[兩稅法, 楊炎, 租庸調, 均田制, 土地私有制]",V.2/Ch.1/傳統政治權威的形塑,兩稅法,,,
557,| | |<br>| :--- | :--- |<br>| **編造時間** | 明洪武二十年（西元1381年） |<br>| **名稱來源** | 戶冊套用黃色封面，故稱為黃冊 |<br>| **記載內容** | 家族姓名、年齡、本籍、財產 |<br>| **編造過程** | 各戶配發「戶帖」，填寫、彙整成戶籍，而後統整彙編為「賦役黃冊」。十年清造一次 |<br>| **使用目的** | 有各戶完整田產、家族人數、負擔稅額，作為租稅、力役的徵收依據，便於收租的組織「里甲制」得以推行 |<br><br>【改寫自：伊藤道治等著，《中國通史》（臺北：稻鄉，1990），頁538～539。傅樂成，《中國通史下冊》（新北：大中國圖書，2017），頁717】,teachers_book,明清,社會,"[黃冊, 明洪武, 戶籍, 賦役黃冊, 里甲制]",V.2/Ch.1/傳統政治權威的形塑,黃冊,,,
558,| | |<br>| :--- | :--- |<br>| **編造時間** | 明洪武二十年（1387年） |<br>| **編造原因** | 為確實掌握全國戶口及土地，以作為政府賦役課徵之準則 |<br>| **名稱來源** | 因田畝地界此出彼入，層層疊疊，櫛比鱗次，狀如魚鱗，故稱「魚鱗圖」 |<br>| **編造過程** | 1. 徵派大批國子監生前往各州縣，會同當地官吏，配合里甲、耆民親臨田畝，按實際度量測繪成圖<br>2. 將圖上農田區畫為若干區，裝訂成冊，每一戶田畝，皆編成字號並附圖，記載地主姓名、所屬里甲、土地面積、四至界所（形狀）與地質情形 |<br>| **使用目的** | 政府可按圖索驥，並與黃冊（戶籍資料）比對，掌握各戶土地之更動情形，作為改定賦役之參考 |<br><br>【改寫自：中華百科全書／魚鱗圖冊，http://ap6.pccu.edu.tw/Encyclopedia/data.asp?id=9581&forepage=4】,teachers_book,明清,經濟,"[魚鱗圖冊, 明洪武, 田畝, 地籍, 賦役]",V.2/Ch.1/傳統政治權威的形塑,魚鱗圖冊,,,
559,| | |<br>| :--- | :--- |<br>| **時間** | 明萬曆九年（1581年），但此前已有部分地區試行 |<br>| **主導** | 張居正 |<br>| **目的** | 簡化稅制；增加收入；方便徵收稅款 |<br>| **措施** | 1. 清丈土地：於全國推行土地丈量，整理地籍<br>2. 賦役統一：把田賦、勞役、雜稅合一，按田地徵收<br>3. 簡化徵收手續：錢糧原由里甲長徵收，一條鞭法實施後，改由官府直接徵收<br>4. 無田產者免勞役 |<br>| **影響** | 1. 可徵收田增加<br>2. 農民負擔減輕，推動生產力 |<br>| **失敗** | 一條鞭法影響許多官僚、地主利益，張居正過世後，反對者大力反撲，神宗停止改革 |<br><br>【改寫自：張元、李孝悌著，《簡明中國歷史》（新北：龍騰文化，2002），頁198～199】,teachers_book,明清,經濟,"[一條鞭法, 張居正, 簡化稅制, 清丈土地, 賦役統一]",V.2/Ch.1/傳統政治權威的形塑,一條鞭法,,,
560,| | |<br>| :--- | :--- |<br>| **時間** | 清康熙五十一年（西元1712年） |<br>| **背景** | 長期以來各省稅額與稅率不均等、歲收不均，且田賦、丁稅、力役徵收規定複雜 |<br>| **政策** | 「盛世滋生人丁永不加賦」，免除後世新增人口的丁稅，使丁稅總額固定，賦稅依土地面積徵收，即「地丁併徵」 |<br>| **影響** | 減輕農民負擔，遏止官員私加額外稅 |<br>| **意義** | 簡化歷朝複雜混亂的稅收制度，讓一條鞭法的實施走向合理且公平 |<br><br>【改寫自：傅樂成，《中國通史下冊》（新北：大中國圖書，2017），頁717～718。史志宏，〈清初順治康熙年間減免賦稅的過程〉，《中央研究院歷史語言研究所集刊》第37本下（臺北：中央研究院歷史語言研究所，1966），頁757～777】,teachers_book,明清,經濟,"[永不加賦, 康熙, 丁稅, 地丁併徵, 一條鞭法]",V.2/Ch.1/傳統政治權威的形塑,永不加賦,,,
561,| | |<br>| :--- | :--- |<br>| **時間** | 清雍正年間 |<br>| **用意** | 解決長期以來歲收不均的問題 |<br>| **內容** | 將人口稅併入田賦稅<br>無田地者不須繳稅 |<br>| **影響** | *   減輕無地農民的負擔：使之不致因破產而逃亡，有利於穩定社會秩序，促進經濟發展<br>*   有益於減稅課稅：清初丁銀之數，每年約300多萬兩，乾隆以後每年實徵500多萬兩 |<br>| **意義** | *   解決歷朝混亂的賦稅問題<br>*   解除生產者的人身束縛 |<br><br>【改寫自：史志宏，〈論清代的攤丁入地〉，《中國經濟史研究》（「中國封建地主制經濟」慶賀李文治先生九十壽辰專輯）。http://www.historychina.net/jj/355690.shtml】,teachers_book,明清,經濟,"[攤丁入地, 雍正, 人口稅, 田賦稅, 丁銀]",V.2/Ch.1/傳統政治權威的形塑,攤丁入地,,,
562,| | |<br>| :--- | :--- |<br>| **內容** | 1. 清朝地方基層以「里甲」和「保甲」兩制度並行。雖然在名稱上多有混用（當時或後世研究皆是），但實質上有所不同：里甲制是戶役，保甲制屬於刑律；里甲制所編審地方戶口是為了稅收，所編審人口有戶籍；保甲制是維持治安，里甲按照冊報戶口數編排，保甲編戶以居住為主，所編審人口是無戶籍的流動人口<br>2. 乾隆三十七年（編審冊），戶役改編按照冊報戶口，經地方負責一切公務，牌頭亦由地方保甲長所管。相關變動暫時鬆動保甲長，保甲因此成為清代國家社會控制基層的重要單位：乾隆二十二年停止里甲編審人丁；乾隆後的賦役徵收直接由戶役負責，里甲與保甲三十七年同時停止了里甲里甲編審制度，一步步取消里甲的賦役職能，然而在這過程中，里甲與保甲同時並存 |<br>| **意義** | 乾隆三十七年正式以《保甲冊》取代《編審冊》，此後，改變了以前重丁輕口的作法，確立了戶口統計制度，更變更了以前以里甲組織控制戶籍的作法，清朝的戶籍管理制度由此而趨於嚴密。清朝康雍乾賦役改革，改變以往因里甲大小不等以致里甲正役與雜役段在按里甲均攤的不公平現象，加強了按田均派差役的趨勢；而此後戶籍調查的目的僅為治安層面的掌握人口，與以往為了賦稅依據而戶籍有所不同，中國長時間的戶籍與賦役合一制度終告結束 |<br><br>【改寫自：溫春來，〈官與民之間—清代的基層社會與國家控制〉，載於黃寬重主編，《中國史新論基層社會分冊》（臺北：中央研究院、聯經，2009），頁428、431。龔成，〈明清戶籍制度的演變與其所達文書〉，刊於《全球化下明史研究之新視野論文集》（臺北市：東吳大學歷史學系，2008）。張衍郎，〈鄉遠違規—村社的結構〉，載於《中國文化新論社會篇吾土吾民》（臺北：聯經出版社，1982），頁218。那珂，，《古代戶籍：歷代區劃與戶籍制度》。】,teachers_book,明清,社會,"[保甲制, 里甲制, 乾隆, 戶籍, 賦役]",V.2/Ch.1/傳統政治權威的形塑,乾隆年間社會基層的保甲制,,,
563,日本學界對於儒學流傳的概念分析，在澤井啟一出版《作為「符號」的儒學》一書後，獲得極大的討論與反思。澤井認為：雖然儒學在中國被體系化，但其在東亞各地流傳的事實，證明當時的東亞存在著相同的命題。這種跨地域的儒學傳播，可被稱之為「本土化」；澤井也認為這種「本土化」的過程，在某種程度上也是一種「脫中心化」（脫離中國儒學）。同樣的，許多韓國學者，也認為孔子是東夷人，儒學的根其實是在古代韓國社會之中。<br>而中國學者李甦平則認為，這些論點，大致上皆客觀地認為東亞地區存在著一個以儒家為本的文化圈，故從東亞文化的共同性來看，確實存在著「儒學文化圈」，但從東亞各地文化特質上來看，中國儒學在傳播到日、韓後，的確與當地文化結合，形成有別於中國的儒學文化，這些不同特質的儒學，共同建構了東亞文明。<br><br>【改寫自：李甦平，〈以韓國三國時代詮釋東亞文化圈〉，收錄於高明士主編，《東亞文化圈的形成與發展：儒家思想篇》（臺北：臺灣大學出版中心，2005），頁113～114】,teachers_book,全球化,文化,"[儒學, 東亞文化圈, 本土化, 脫中心化, 儒學文化圈]",V.2/Ch.1/傳統政治權威的形塑,儒學的傳播與東亞文化圈,,,
564,| | |<br>| :--- | :--- |<br>| **中國** | 律令是現實國家制度的反映，所以新君即位，對於舊章常要加以整理，而有新的律令公布，以代表一朝新制。以唐朝為例，就有太宗的《貞觀律令》、高宗的《永徽律令》、玄宗的《開元七年律令》等 |<br>| **朝鮮半島** | 高句麗在373年曾頒行律令，新羅在520年也有頒布律令，內容不明。高麗王朝的律令篇目及條文，與唐律頗多相同。服屬元朝以後，也用《至正條格》。朝鮮王朝則採明律，另外還有《經國大典》、《大典會通》等法典的編撰，均受明律、明會典的影響甚大 |<br>| **日本** | 668年有「近江令」、682年有「淨御原令」的公布，但此事迄今學界仍有質疑。至701年公布《大寶律令》、757年公布《養老律令》，真實性已無可置疑；兩者主要是以唐永徽、開元七年律令為藍本。日本此後「律令國家」建設並不成功，直到幕府時期，其行用的諸法典，仍參照唐、明、清律使用 |<br>| **越南** | 在內屬時期，適用中國國內法。獨立以後，李朝太宗時代撰成《刑書》三卷、陳朝泰宗時代制定國朝刑律，皆受唐律影響。黎朝聖宗年間，制定《刑律》六卷，深受唐、明律的影響；其律文大都收錄在潘輝注所編的《歷朝憲章類誌》，為今存越南最古的法典 |<br><br>【改寫自：高明士，《東亞古代的政治與教育》（臺北：喜瑪拉雅基金會，2003），頁261～263】,teachers_book,全球化,政治,"[律令, 唐朝, 朝鮮半島, 日本, 越南]",V.2/Ch.1/傳統政治權威的形塑,東亞各國律令的頒布,,,
565,| | |<br>| :--- | :--- |<br>| **時間** | 約為3世紀前後 |<br>| **領導** | 女王卑彌呼 |<br>| **風俗** | 1. 種禾稻、人性嗜酒<br>2. 穿貫頭衣、紋身、光腳<br>3. 一夫多妻制<br>4. 全國分為大人、下戶、生口、奴婢四等 |<br>| **外交** | 卑彌呼曾於曹魏明帝景初二年（238年）派遣使者前往魏國，並受封「親魏倭王」 |<br>| **意義** | 對日本人而言，邪馬臺國代表了一種最初的國家形式 |<br><br>【改寫自：呂玉新，《古代東亞政治環境中天皇與日本的產生》（香港：香港中文大學，2007），頁87】,teachers_book,日本,政治,"[邪馬臺國, 卑彌呼, 倭國, 親魏倭王, 曹魏]",V.2/Ch.1/傳統政治權威的形塑,「倭」國——邪馬臺國的崛起,,,
566,地方豪族的陵墓稱作古墳，由於此時期出現大量的古墳遺跡，故命名為「古墳時代」。大型古墳集中的大和地方（今日奈良一帶），為當時政治聯合勢力的中心，稱為「大和國」，其政治聯盟的首領稱為「大王」。古墳在7世紀因為建造成本過高，以及中央集權的政治改革而逐漸消失。<br><br>【改寫自：林明德，《日本史》（臺北：三民，2010），頁16～18。神奈川縣會教育委員会會教育局生涯學習部文化遺產課中村町駐在事務所，《平成29年度「かながわの遺跡」展『群集する古墳〜かながわの古墳時代終末期を考える』》（神奈川縣教育委員會，2017年11月22日），頁26】,teachers_book,日本,政治,"[大王, 古墳時代, 大和國, 地方豪族, 政治聯盟]",V.2/Ch.1/傳統政治權威的形塑,日本古代地方豪族——大王,,,
567,聖德太子為用明天皇的兒子，本名厩戶。西元587年用明天皇死後，朝內由豪族蘇我氏掌控，並於592年推舉推古女皇為傀儡。推古女皇為推行政事，於西元593年令聖德太子輔佐朝政，為「推古朝改革」。<br>| | |<br>| :--- | :--- |<br>| **政治** | 1. 制定《冠位十二階》，確立朝中官員位階，並建立非由豪族壟斷的晉升制度，形成天皇為主體的官僚體制<br>2. 制定《憲法十七條》，融合儒家、法家、佛家等思想，要求人民遵從法律規範，維持社會秩序 |<br>| **軍事** | 出兵新羅 |<br>| **外交** | 派遣遣隋使、留學生、學問僧前往中國，學習中國典章制度、學術知識 |<br>| **文化** | 1. 推廣佛教，興建佛寺、抄寫佛經、舉行解經會。佛教政策促使建築、雕刻、繪畫技術的提升<br>2. 編撰史書，撰寫《天皇記》、《國記》等 |<br><br>【改寫自：林明德，《日本史》（臺北：三民，2010），頁25～26。任德山，《翻開日本史》（新北：華翔文化，2017），頁45。鈴木靖民，〈遣隋使と礼制・仏教推古朝の王権イデオロギー〉，《國立歷史民俗博物館研究報告》第152集（千葉：國立歷史民俗博物館，2009），頁315～327】,teachers_book,日本,政治,"[聖德太子, 推古朝改革, 冠位十二階, 憲法十七條, 遣隋使]",V.2/Ch.1/傳統政治權威的形塑,聖德太子與推古朝改革,,,
568,目前學界認為天皇一詞，應源於在天武朝（673～686年），至持統（686～697年）、文武朝（697～707年），主要的理由如下：<br>| | |<br>| :--- | :--- |<br>| **唐高宗對於天皇稱呼的記載** | 唐高宗上元元年（674年）稱「天皇」之號影響日本 |<br>| **《日本書紀》的記載** | 1. 天武二年（674年）2月條，記載冊立皇后、妃、夫人等記事，說明「皇后」號已存在，由此推論「天皇」號亦已建立<br>2. 天武天皇崩，繼位者為持統天皇，對先帝之崩或喪事，直稱「天皇」 |<br>| **出土木簡的證明** | 1. 1998年奈良飛鳥池遺跡發現書寫「天皇」的木簡，連同其他木簡，而被推定為天武朝<br>2. 至今發現「天皇」稱號最早的史料 |<br><br>【改寫自：高明士，〈「日本」國號與「天皇」制的起源——以最近發見的墓誌、木簡為據〉，《師大歷史學報》第48期（臺北市：國立臺灣師範大學歷史學系，2012），頁272～273】,teachers_book,日本,政治,"[天皇, 天武朝, 日本書紀, 唐高宗, 木簡]",V.2/Ch.1/傳統政治權威的形塑,有關「天皇」一詞起源的論點,,,
569,| | |<br>| :--- | :--- |<br>| **時間** | 西元645年 |<br>| **發起** | 孝德天皇 |<br>| **目的** | 建立法治制度，以此發展以皇權為頂點的國家 |<br>| **師法** | 唐朝律令制度 |<br>| **政治** | 1. 建年號「大化」<br>2. 遷都（飛鳥板蓋宮→大阪難波宮）<br>3. 劃分地方行政區（京師、國、郡、里等），由中央任派地方官<br>4. 強化軍事，設置驛站 |<br>| **經濟** | 1. 實施《班田收授法》，確立授田標準，分田於民<br>2. 實施《租庸調法》，統一全國稅收標準 |<br>| **社會** | 1. 編戶籍、帳冊<br>2. 實施公地公民制，廢除私有土地、部曲制度，將土地、人民列為國家管轄<br>3. 訂定葬儀、婚姻規定<br>4. 完善交通建設（設立官道） |<br>| **軍事** | 實施徵兵制 |<br><br>透過大化革新，確立人民土地由國家管理，廢除貴族私有土地、人民、莊園的權利，進行中央集權。<br><br>【改寫自：林明德，《日本史》（臺北：三民書局，2010），頁28～29。劉觀其，《一本書讀懂日本史》（臺北：海鴿文化，2018），頁50】,teachers_book,日本,政治,"[大化革新, 律令制度, 班田收授法, 租庸調法, 公地公民制]",V.2/Ch.1/傳統政治權威的形塑,建立律令制度的大化革新,,,
570,| | |<br>| --- | --- |<br>| **政治** | 1. 9世紀以來，藤原氏以外戚身分攝政，兩百年間把持朝政<br>2. 西元1156年保元之亂後，天皇短暫取得政權<br>3. 1167年朝中大臣平清盛掌控政權。平清盛採取高壓專制統治，引起各地武士團、寺院、貴族不滿，爆發內亂 |<br>| **社會** | 1. 大化革新以來，由於田制、稅賦對農民負擔過重，造成偽籍、逃農現象，8世紀中期租庸調制、徵兵制崩潰<br>2. 西元743年政府頒布《墾田永世私有法》調整田制稅制，認可土地私有，促成私有莊園出現<br>3. 西元902年《班田收授法終止》，加劇莊園的成長；10世紀時發展出保護莊園的武裝勢力，為武士的雛形 |<br><br>【改寫自：林明德，《日本史》（臺北：三民，2010），頁37、43、47～48、53～57、64～66。劉新民，《日本通史》（谷月社電子書，2015），頁721～724、1159～1160】,teachers_book,日本,政治,"[藤原氏, 保元之亂, 墾田永世私有法, 莊園, 武士]",V.2/Ch.1/傳統政治權威的形塑,9至12世紀的日本政局轉變,,,
571,8世紀以後，隨著人口的增加，可耕種的田地逐漸減少，律令制度也因此漸受破壞。天平十五年（743年），聖武天皇頒布《墾田永世私有令》，土地國有的政策自此瓦解，貴族、神社、寺院大肆占領土地，並招買農民進行開墾，逐漸形成龐大的私有地——莊園。<br>11世紀後，莊園發展迅速，如長治三年（1106年）有關紀伊國的紀錄中，提及國內七郡中，郡內幾乎所有的土地都已成為莊園，剩下的公田也幾乎成為政府的莊園，莊園的土地也被劃為一塊塊的名田，土地的管理人被稱為名主，並以其形成一個土地管理組織（即名田制）。<br>莊園制的出現，造成原以天皇為政治核心的制度逐漸解體。以莊園為主體的組織勢力漸強，幕府體制也因此興起。<br><br>【改寫自：袁昌堯、張國仁，《日本簡史》（臺北：書林，1996），頁16～17】,teachers_book,日本,經濟,"[班田制, 莊園制, 墾田永世私有令, 土地國有, 名田制]",V.2/Ch.1/傳統政治權威的形塑,班田制的瓦解與莊園制的興起,,,
572,| | |<br>| --- | --- |<br>| **背景** | 土地國有制度衰退後，莊園勢力逐漸擴張、相互征伐，危及地方統治機構，莊園主或地方統治機構紛紛集結區域性武裝組織 |<br>| **稱呼與組成** | 1. 僧兵：寺院、神社的武裝組織<br>2. 郎從：地域性武裝組織，通常為當地分散的武士，聚集到豪強貴族的旗幟下而形成 |<br>| **特質** | 1. 依據宗族和主從關係，建立嚴謹的組織架構跟指揮系統<br>2. 地方統治力較弱的地區容易形成大型武士團，大型武士團多由皇族或名門貴族組成，以清和「源」氏、桓武「平」氏最為著名，成為幕府興起的「武家」背景 |<br><br>【改寫自：林明德，《日本史》（臺北：三民，2010），頁55～57】,teachers_book,日本,社會,"[武士團, 莊園, 僧兵, 郎從, 源氏]",V.2/Ch.1/傳統政治權威的形塑,武士團的崛起,,,
573,| | |<br>| --- | --- |<br>| **時間** | 1192年至1333年 |<br>| **建立** | 日本在11世紀末陷入貴族政治鬥爭，源氏滅掉掌權的平氏，1192年源賴朝擔任征夷大將軍，在鎌倉建立武家政權 |<br>| **特質** | 以嚴謹主從關係的武士組織組成的統治政權，在地方上設置「守護」、「地頭」等統治機構，但統治初期公家（效忠天皇、貴族的朝廷組織）仍未被取代，形成「公武二元政治」 |<br>| **重要事件** | 1. 1221年承久之亂，公家勢力衰退<br>2. 1273年文永之役、1281年弘安之役，蒙古軍兩次侵日因颱風敗退，幕府為因應蒙古軍造成嚴重財政負擔，導致幕府政權衰退<br>3. 1331年，支持天皇親政的派系與反幕地方武士團聯合起事，1333年鎌倉幕府滅亡 |<br><br>【改寫自：林明德，《日本史》（臺北：三民，2010），頁61～82】,teachers_book,日本,政治,"[鎌倉幕府, 源賴朝, 征夷大將軍, 公武二元政治, 承久之亂]",V.2/Ch.1/傳統政治權威的形塑,鎌倉幕府,,,
574,| | |<br>| --- | --- |<br>| **時間** | 1338年至1573年 |<br>| **建立** | 1333年後醍醐天皇與其支持者攻陷鎌倉，鎌倉幕府滅亡。後醍醐天皇在京都親政，然而其政策過於激進，引發武士勢力反彈。1335年足利尊氏起兵占領京都，逼迫後醍醐天皇退位，1336年另立光明天皇；足利尊氏於1338年擔任征夷大將軍，建立室町幕府 |<br>| **特質** | 手工業、商業興起，發展出不同於傳統貴族公卿文化的庶民文化。此外，日蓮宗、淨土真宗等日本新佛教派系在民間蓬勃發展。1467年戰國時代實力至上的思維導致「下剋上」盛行，舊有階級秩序崩解，社會階級流動頻繁 |<br>| **重要事件** | 1. 1336年後醍醐天皇被迫退位後，南遷至奈良建立吉野朝廷，形成南北朝對峙<br>2. 1392年南北朝交渉後合併，結束南北朝內亂<br>3. 1401年派遣使者與明朝交好，開啟朝貢貿易，也逐漸建立外交關係<br>4. 1439年琉球王國派遣使者與室町幕府交好<br>5. 1467年，幕府欲加強中央集權，與地方武士集團的衝突愈加惡化，爆發應仁之亂，此後日本陷入地方武士割據，為戰國時期<br>6. 1543年葡萄牙船隻因迷航漂流抵達九州，歐洲器物、文化傳入日本<br>7. 1573年織田信長將室町幕府將軍足利義昭逐出京都，室町幕府滅亡 |<br><br>【改寫自：林明德，《日本史》（臺北：三民，2010），頁81～97、102～104】,teachers_book,日本,政治,"[室町幕府, 足利尊氏, 南北朝, 應仁之亂, 戰國時期]",V.2/Ch.1/傳統政治權威的形塑,室町幕府,,,
575,| | |<br>| --- | --- |<br>| **鎌倉幕府的垮臺** | 1333年後醍醐天皇集結勢力起兵倒幕。幕府軍足利高氏（後來賜名為尊氏）倒戈攻陷幕府的京都據點 |<br>| **建武新政** | 後醍醐天皇欲強化朝廷政治權力，引起武士不滿 |<br>| **室町幕府的建立** | 1335年足利尊氏起兵反抗，擊敗後醍醐天皇勢力，於京都創立室町幕府 |<br>| **南北朝對立** | 後醍醐天皇轉往吉野建立南朝，開啟近60年的南北朝時期 |<br><br>【改寫自：林明德，《日本史》（臺北：三民，2010），頁81～84。河合敦著，陳念雍譯，《圖解鎌倉・室町時代》（臺北：城邦，2018），頁140～153】,teachers_book,日本,政治,"[室町幕府, 南北朝, 後醍醐天皇, 足利尊氏, 建武新政]",V.2/Ch.1/傳統政治權威的形塑,室町幕府與南北朝,,,
576,| | |<br>| --- | --- |<br>| **時間** | 1603年至1868年 |<br>| **建立** | 豐臣秀吉死後，五大老中的德川家康興起，引發日本武士勢力分成東、西軍兩派，1600年關原會戰後擊潰反德川的西軍。德川家康於1603年擔任征夷大將軍，在江戶（今東京）建立幕府 |<br>| **特質** | 建立幕藩體制，對地方統治者（大名）、社會平民、經濟體系等各方面進行控制，形成特有封建政治制度與經濟體制。此外，德川幕府獎勵儒學，積極透過儒學思想強化社會「忠君」思維 |<br>| **重要事件** | 1. 1609年與朝鮮王朝建交。琉球王國被薩摩藩征服<br>2. 1612年德川家康唯恐基督教勢力擴大，在直轄領地頒布禁教令，翌年禁教令擴展至全國<br>3. 1633～1639年頒布一連串鎖國令，最後僅保留長崎作為與中國、荷蘭貿易的唯一關口<br>4. 1807年將蝦夷地（今北海道）納為直轄領地<br>5. 1853年黑船事件<br>6. 1867年，對於幕府失望、反感的地方勢力發起倒幕運動。1868年，天皇宣布廢除幕府 |<br><br>【改寫自：林明德，《日本史》（臺北：三民，2010），頁114～136、158～164】,teachers_book,日本,政治,"[江戶幕府, 德川家康, 幕藩體制, 鎖國令, 黑船事件]",V.2/Ch.1/傳統政治權威的形塑,江戶幕府,,,
577,幕府統治者以「征夷大將軍」之稱號，實質上掌控國家政治權力。<br>源賴朝以鎌倉為據點設立統治機構：<br>1. 侍所：軍事機構，掌控國家軍事力量。<br>2. 政所：一般政務與財政機構。<br>3. 問注所：管理訴訟與裁判。<br>4. 守護、地頭：由幕府指派地方官，代幕府監控地方施政，掌管土地、稅收、治安。<br>最初天皇為首的朝廷依舊存在，但僅具有部分行政職權（如任命地方行政長官，進行一般行政事務），而沒有政策決定權。1221年承久之亂，原本欲奪權的天皇勢力被幕府派擊潰，此後幕府介入天皇的繼承與朝廷政治，朝廷權力被完全架空。<br><br>【改寫自：林明德，《日本史》（臺北：三民，2010），頁67～70。河合敦著，陳念雍譯，《圖解鎌倉・室町時代》（臺北：城邦，2018），頁43、61、65】,teachers_book,日本,政治,"[征夷大將軍, 幕府, 源賴朝, 守護, 地頭]",V.2/Ch.1/傳統政治權威的形塑,征夷大將軍與幕府體制,,,
578,日本由中央集權轉為封建幕藩體制後，天皇退出政治權力中心，成為精神領袖。但因天皇已在律令時代，透過儒學思想成為合法性的象徵，加以其又聲稱有太陽神的血統，故透過武力奪取政治權力的幕府，便須回應所謂政權合法性的問題。他們主要從思想譜系的面向來進行改造，如德川家家臣大久保彥左衛門在其著作《三河物語》中說：「相國家康，其籍日本安藝津島，乃源於國常立尊」，此段話的意思，在於說明德川家康來自於日本傳說中開天闢地的神—「國常立尊」之地，藉此將其安插到天皇系譜內。<br>但另一方面，此時的幕府也遵從「藩士→藩主→幕府→天皇」的「名分論」，透過祭拜天祖來賦予天皇宗教上的權威，主張幕府的統治權來自天皇的委任，效忠幕府即效忠天皇。此觀念在幕末時，因為被迫開國而產生動搖，尊皇論逐漸興起，最後導致倒幕運動的發生。<br><br>【改寫自：陳瑋芬，〈「天道」、「天命」、「王道」概念在近代日本的繼承和轉化——兼論中日帝王的神聖化〉，《中國文哲研究集刊》23期（臺北市：中央研究院中國文哲研究所，2003），頁244～245】,teachers_book,日本,政治,"[幕府, 天皇, 名分論, 尊皇論, 倒幕運動]",V.2/Ch.1/傳統政治權威的形塑,幕府時期武家的正當性與天皇的象徵性,,,
579,| | |<br>| --- | --- |<br>| **名稱** | 「公家」指稱天皇、貴族組成的朝廷勢力。德川幕府頒布「禁中並公家諸法度」（簡稱「公家諸法度」），制定對天皇、貴族的各項規範，總共十七條 |<br>| **頒布** | 1615年 |<br>| **內容** | 1. 幕府有權干涉天皇的行動<br>2. 幕府有權干預朝廷任官<br>3. 詳細規範貴族應有的穿著服飾、言行舉止、與神社寺院的互動，包含天皇的生活目標、個人時間運用等 |<br>| **影響** | 天皇與公家體系完全被架空，僅剩決定年號的權力 |<br><br>【改寫自：林明德，《日本史》（臺北：三民，2010），頁117～118。詹姆士·麥克萊恩著，王翔譯，《日本史1600～2000從德川幕府到平成時代》（臺北：遠足文化，2017），頁51～52】,teachers_book,日本,政治,"[公家諸法度, 德川幕府, 天皇, 貴族, 年號]",V.2/Ch.1/傳統政治權威的形塑,「公家諸法度」,,,
580,幕藩體制從德川家第三代幕府家光時已整備，並於往後持續修訂。幕藩體制一直持續到幕末維新才崩潰。<br><br>**幕藩關係**<br>| | |<br>| --- | --- |<br>| **字面釋義** | • 幕：以將軍為首的中央政權<br>• 藩：以大名為首的地方政權 |<br>| **隸屬關係** | 1. 將軍與各藩主（大名）之間雖維持主從關係，但各自擁有強大的領主權<br>2. 幕府可直接管理的土地，只有關東一帶的「直轄領地」，其他則由領地的藩主自行統治 |<br>| **權力關係** | • 幕府對藩主：確認其統治權，但未加干涉<br>• 藩主對幕府：提供幕府武力協助、修整河川、城堡等 |<br>| **藩的數目** | 約260～270個 |<br><br>**維持幕藩體制的重要制度**<br>| | |<br>| --- | --- |<br>| **《武家諸法度》** | 制定幕府與藩主之間的權力關係，並訂定藩主在藩的建築、軍事政治、服裝、婚姻等權限 |<br>| **參勤交代** | 《武家諸法度》中的一項規定，要求藩主的妻兒居住於江戶，並每隔一段時間前往江戶執行任務。透過這些措施控制藩主，以防其叛變 |<br>| **大名（藩主）的種類** | 1. 親藩大名：德川家的直系或是養子的後裔。其中三家在將軍死後無適合的直系繼承人的情況下，可以出任將軍。其領地封於關東地區或是軍事要地的富饒地區<br>2. 譜代大名：在關原之戰時支持德川家康的大名。其領地封在全國各重要地方，消除地方潛在威脅<br>3. 外樣大名：關原之戰結束前未向德川家效忠的大名。其領地受封於偏僻區域，以防他們反叛後迅速攻入江戶 |<br><br>【改寫自：林明德，《日本史》（臺北：三民，2010），頁117、126。詹姆士·麥克萊恩著，王翔譯，《日本史1600～2000從德川幕府到平成時代》（臺北：遠足文化，2017），頁54～58。河合敦著，劉錦秀譯，《圖解日本史》（臺北：商周，2005），頁54～55】,teachers_book,日本,政治,"[幕藩體制, 大名, 武家諸法度, 參勤交代, 譜代大名]",V.2/Ch.1/傳統政治權威的形塑,幕藩體制,,,
581,戰國為日本歷史上最為動盪的時代，一般皆以1467年的應仁之亂為起點（亦有人認為應從1493年的明應政變開始），該時期長達150年左右，最終由德川家康在1603年建立了江戶幕府，並於1615年滅豐臣氏後統一全國。戰國時其主要分為兩個階段：<br><br>**第一階段**<br>1. 時間：15世紀末至16世紀中葉<br>2. 特色：<br>   （1） 地方政治權力相繼出現<br>   （2） 下剋上的情形普遍：如武家奪取天皇實權、幕府將軍的權力也常遭諸侯大名（各地區的領主）剝奪<br><br>**第二階段**<br>1. 時間：16世紀中葉至16世紀末<br>2. 特色：<br>   （1） 大名之間激烈競爭、對立與結盟，並逐漸確定各自的領域<br>   （2） 豐臣秀吉、德川家康等勢力漸起，各地漸趨統一<br><br>【改寫自：郭珮君，《圖解日本史》（臺北：五南，2016），頁100～101】,teachers_book,日本,政治,"[戰國時代, 應仁之亂, 下剋上, 大名, 豐臣秀吉]",V.2/Ch.1/傳統政治權威的形塑,日本戰國時代,,,
582,秦朝於西元前222年消滅燕國後，統一遼東半島，隔年統一中原。當時朝鮮半島上的箕氏朝鮮，屬於秦朝的外臣之地，因此他們沒有朝會秦朝的制度。換句話說，外臣地區在秦的天下秩序觀之中，只屬於「略屬」、「略服」而已。秦朝與外臣的關係，屬於君臣關係，而秦朝駕馭外臣之地的方式，為設置要塞，而不是封建的封貢制度。<br><br>【改寫自：高明士，《東亞古代的政治與教育》（臺北：國立臺灣大學出版中心，2004），頁73～75】,teachers_book,朝鮮,政治,"[秦朝, 朝鮮半島, 箕氏朝鮮, 外臣, 封貢制度]",V.2/Ch.1/傳統政治權威的形塑,秦朝與朝鮮半島的關係,,,
583,箕氏朝鮮於西元前194年被燕國人衛滿所滅，而後建立衛氏朝鮮。呂后當權時，衛滿與西漢約定，成為漢朝的藩屬，需定期覲見漢朝天子，漢朝則給予財政上的支持，衛滿也運用漢朝的支持，侵略附近的小國，壯大國力。<br>衛滿傳國三代，至其孫右渠王時，因漢武帝為防範匈奴，加強北方的防守，因此與衛氏朝鮮關係逐漸緊張。後因漢朝使者被右渠王殺害，引發漢武帝出兵，西元前108年，漢軍壓境，衛氏朝鮮的人民殺右渠王投降，衛氏朝鮮滅亡。漢武帝便在此設立漢四郡，朝鮮半島北邊自此被納入漢朝領土。<br><br>【改寫自：朱磊，《天命之爭：中國歷史上的統一與分裂》（臺北：松燁文化，2018），頁323】,teachers_book,朝鮮,政治,"[衛氏朝鮮, 漢朝, 衛滿, 漢武帝, 漢四郡]",V.2/Ch.1/傳統政治權威的形塑,漢朝與衛氏朝鮮的關係,,,
584,| | |<br>| --- | --- |<br>| **背景** | 1. 7世紀以來，隋唐皆派兵東征，造成高句麗衰弱<br>2. 百濟王室耽溺於享樂，荒廢朝政<br>3. 新羅長期受百濟、高句麗侵略，遂於650年與唐朝結盟 |<br>| **百濟滅亡** | 660年唐—新羅聯軍攻打百濟，滅百濟政權。663年「白江口之役」抵擋日本與百濟殘餘勢力，確定了百濟的滅亡 |<br>| **高句麗滅亡** | 661年唐—新羅聯軍繼百濟亡國後，開始征討高句麗，於668年滅高句麗 |<br><br>【改寫自：朱立熙，《韓國史：悲劇的循環與宿命》（臺北：三民，2017），頁21～25。簡江作，《韓國歷史》（臺北：五南，1998），頁93～96】,teachers_book,朝鮮,政治,"[三國時代, 高句麗, 百濟, 新羅, 唐朝]",V.2/Ch.1/傳統政治權威的形塑,三國時代的結束,,,
585,| | |<br>| --- | --- |<br>| **政治** | 仿唐朝律令制度建立行政官僚，強化專制王權 |<br>| **地方制度** | 模仿中原行州、郡、縣制，並將郡縣名稱與官制皆改為中國式名稱 |<br>| **土地制度** | 仿唐代均田制，行丁田制、俸祿制<br>• 丁田制：二十歲至六十歲丁男配給一定面積土地。耕種收穫的一部分向國家納租，其餘個人所有<br>• 俸祿制：由國家向人民收稅，再依官職支薪 |<br>| **教育** | 1. 設國立大學（國學，後改名「太學監」），教授《論語》、《孝經》、《禮記》、《周易》、《左傳》、《尚書》等儒家經典<br>2. 仿科舉制度行「讀書三品科」考試。精通五經、三史、諸子百家者可特別錄取<br>3. 派遣赴唐留學生 |<br><br>【改寫自：朱立熙，《韓國史：悲劇的循環與宿命》（臺北：三民，2017），頁35～38、46。簡江作，《韓國歷史》（臺北：五南，1998），頁131～137、141～143】,teachers_book,朝鮮,政治,"[新羅, 唐化政策, 律令制度, 均田制, 讀書三品科]",V.2/Ch.1/傳統政治權威的形塑,新羅的唐化政策,,,
586,在《舊唐書》東夷列傳之中，有如下記載：「開元十六年，遣使來獻方物，又上表請令人就中國學問經教，上許之。…（中略）…。上謂壽曰：『新羅號為君子之國，頗知書記，有類中華。以卿學術，善與講論，故選使充此。到彼宜闡揚經典，使知大國儒教之盛。』」<br>大意為：開元十六年，（新羅）使節前來朝貢，並請求來中國學習經典，皇上許可。…（中略）…。皇上向前往朝鮮的使節說：「新羅稱為君子之國，好學善論，頗有中華風範，遂遣使宣揚中華經典。」<br><br>【改寫自：《舊唐書》卷一百九十九上，列傳第一百四十九上（東夷列傳）】,teachers_book,朝鮮,文化,"[新羅, 君子之國, 舊唐書, 儒教, 中華]",V.2/Ch.1/傳統政治權威的形塑,史書中被稱為君子國的新羅,,,
587,887年，真聖王即位。女王內行不正、政治混濁、人心叛離；加之時值歉歲，饑饉遍地、國庫虧虛。889年（真聖王三年），全國性的農民大起義爆發，變亂逐漸擴大、蔓延於全國。其中幾個較大的勢力，分別為尚州的元宗、哀奴等，北原（原州）的梁吉、竹州（竹山）的箕萱、完山（全州）的甄萱，以及繼梁吉而後起的弓裔等，猶如群雄割據。<br>甄萱原是尚州農家子弟，因戰功被任為防衛西南海濱的裨將；892年（真聖王六年），甄萱棄官興兵，攻略今光州、全州等地，並於900年定都該地，稱為後百濟（標榜恢復百濟舊疆）。弓裔原是新羅王子，出家為僧。當變亂四起時，離寺投歸梁吉，並隨之攻略江原道各地，形成一股勢力。901年（孝恭王五年），定國號為後高麗（標榜復興高句麗）。但隨著國家規模的擴大，弓裔驕妄日甚且濫殺無辜，人民經濟負擔重卻不敢反抗。918年，眾人擁戴侍中（首相）王建為王，弓裔最終被人民所殺。<br>另一方面，新羅受到後百濟和後高麗的不斷侵略，版圖日漸縮小；在高麗建立後，新羅一度與其聯合對付後百濟，羅麗兩國關係親密。後百濟則在國內繼承權的爭奪下，甄萱逃難至高麗並歸附，高麗逐漸完成統一朝鮮半島的大業。935年（敬順王九年），新羅王親領百僚，投靠高麗，新羅經歷九百多年終亡。<br><br>【改寫自：李丙燾著，許宇成譯，《韓國史大觀》（臺北：正中書局，1961），頁141～145】,teachers_book,朝鮮,政治,"[後三國, 新羅, 後百濟, 後高麗, 王建]",V.2/Ch.1/傳統政治權威的形塑,「後三國」時期,,,
588,1. 過於安逸：新羅統一後，國家、社會、文化發展達到鼎盛，之後國家漸衰。<br>2. 貴族爭權：貴族之間爭奪王位，發生嚴重內鬥。導致中央政府喪失功能。<br>3. 下層貴族、留學生的抗爭：新羅有著劃分貴族等級的「骨品制度」，其中屬於下層等級的六頭品貴族常受歧視，遂與同樣受歧視的留唐學生共同反對此制度。<br>4. 國王素行不佳：887年即位的真聖王，奢淫成性、不問國事，導致身邊奸臣成群，許多官員、人民皆不滿。<br><br>【改寫自：王永一，《圖解韓國史》（臺北：五南，2019），頁58～59】,teachers_book,朝鮮,政治,"[新羅, 衰退, 貴族爭權, 骨品制度, 真聖王]",V.2/Ch.1/傳統政治權威的形塑,新羅衰退的原因,,,
589,| | |<br>| --- | --- |<br>| **背景** | 新羅王朝的衰弱與分裂<br>1. 新羅王朝的唐化政策招致朝鮮氏族反對<br>2. 中央王權衰弱使地方豪族興起<br>3. 新羅王朝的中央集權制加重農民負擔，使農民逃亡或是起義 |<br>| **王建崛起** | 王建為松岳地方豪族，被地方起義軍擁立為王，結束混亂局勢，建立高麗王朝 |<br>| **中央官制** | 推行三省六部制 |<br>| **軍事制度** | 中央設二軍、六衛，其中二軍為禁衛軍。地方設立州縣軍，屬於駐屯性質的常備軍，兵農合一 |<br>| **土地制度** | 公私田並存。默認私田世襲 |<br>| **租稅制度** | 推行租庸調制 |<br>| **教育** | 推崇儒學<br>1. 實施科舉制度，仿唐制，分為製述科（即進士科，詞章為考試內容）、明經科（背誦經典為主）、雜科（如醫業、卜業等）三類。以重視文采的製述科最為重視。14世紀時恭讓王才開始武官考試<br>2. 設立國子監（大學）、書院（圖書館），並派遣經學博士至地方，振興教育 |<br>| **宗教** | 推崇佛教<br>1. 定佛教為國教，任用僧侶為國師<br>2. 訂定僧科制度，由國家配給土地，免除徭役<br>3. 使用國家財政建立佛寺、舉辦佛教祭典活動 |<br>| **外交** | 1. 與北方民族（契丹、女真、蒙古）屬於敵對關係<br>2. 與宋交好，互換使臣、建議商船貿易（高麗輸出金、銀、銅、人蔘、文房四寶等，自宋輸入綢緞、書、瓷器、藥材、香料等） |<br><br>【改寫自：朱立熙，《韓國史：悲劇的循環與宿命》（臺北：三民，2017），頁64～76。簡江作，《韓國歷史》（臺北：五南，1998），頁170、175～187、197～200】,teachers_book,朝鮮,政治,"[高麗王朝, 王建, 三省六部制, 科舉制度, 佛教]",V.2/Ch.1/傳統政治權威的形塑,高麗王朝的建立,,,
590,| | |<br>| --- | --- |<br>| **背景** | 成宗（981～997在位）為化解政治矛盾，啟用傳統新羅貴族的儒學代表崔承老。崔承老積極吸納地方豪族至中央，傳授新羅體系的儒學思想 |<br>| **制度** | 1. 科舉制度：光宗時期（949～975在位）開始實施，分為製述科（進士科）、明經科與雜科。製述科考詩、賦等文藝類，明經科考《詩》、《書》、《春秋》等經典，雜科考法律、地理、天文等。其中以製述科最熱門<br>2. 蔭敘制度：五品以上官吏可以享有其後代其中一人受任命為官 |<br>| **形成** | 地方出生的豪族雖然進入中央，但仍保有強烈的地方本籍意識，重視出生的派系、家門。戶籍另外造冊，並強調門當戶對的貴族婚姻，尤其追求與皇室通婚 |<br>| **影響** | 蔭敘制度與貴族通婚導致上層階級封閉，社會流動低。且強化上層貴族間的派閥鬥爭，導致奪權、叛亂頻起 |<br><br>【改寫自：朱立熙，《韓國史：悲劇的循環與宿命》（臺北：三民，2017），頁81～82、88～89】,teachers_book,朝鮮,社會,"[高麗, 貴族社會, 科舉制度, 蔭敘制度, 門當戶對]",V.2/Ch.1/傳統政治權威的形塑,高麗貴族社會,,,
591,| | |<br>| --- | --- |<br>| **背景** | 13世紀以來，沿海受倭寇騷擾，農地全然荒廢。高麗向日本交涉無果，因日本幕府也束手無策 |<br>| **李成桂崛起** | 李成桂出身官宦世家，受高麗王重用。1388年以來抗倭亂有功，逐漸掌握兵權 |<br>| **鐵嶺事件與田制改革** | 高麗在外交政策上形成親明與親元兩派<br>• 親元派：欲藉北元勢力鞏固國內田地、權益，遂主張攻打明朝鐵嶺衛<br>• 親明派：李成桂發動政變，另擁立恭讓王為高麗國王。並強行收回所有公私田地，打壓權臣、士族 |<br>| **篡位** | 1392年，李成桂同黨強迫恭讓王退位，推舉李成桂為王，是為太祖，國號朝鮮 |<br><br>【改寫自：朱立熙，《韓國史：悲劇的循環與宿命》（臺北：三民，2017），頁86～90。簡江作，《韓國歷史》（臺北：五南，1998），頁231、235～236。張雨雪、劉陽，〈從朝鮮對明文書看太祖李成桂的正位過程〉，《延邊大學學報（社會科學版）》（延吉：延邊大學，2016）頁80～85】,teachers_book,朝鮮,政治,"[李成桂, 朝鮮王朝, 高麗, 親明派, 田制改革]",V.2/Ch.1/傳統政治權威的形塑,李成桂創立朝鮮王朝,,,
592,**目的**<br>推動儒家的王道政治<br><br>**政策**<br>1. 設立「集賢殿」，選拔人才成為「集賢殿學士」<br>2. 舉行「經筵」鑽研制度、歷史<br>3. 設置經筵官講解儒家經典書籍<br>4. 編纂史書、儒家經典、禮儀、地理、醫藥等書籍<br>5. 設「宗學」推廣宗族、宗親關係<br>6. 發行《三綱行實》、《校行錄》<br>7. 所有社會禮儀由佛教儀式改為儒家儀式，澈底遵行朱子家禮<br><br>【改寫自：朱立熙，《韓國史：悲劇的循環與宿命》（臺北：三民，2017），頁97】,teachers_book,朝鮮,文化,"[世宗, 儒學, 集賢殿, 經筵, 朱子家禮]",V.2/Ch.1/傳統政治權威的形塑,世宗朝的儒學發展,,,
593,所謂的朱子學，指的是以南宋思想家朱熹（1130～1200）為核心所開創的儒家理學流派。其提倡的「格物窮理」（對事情的實踐與探索）、「開源節流」（減輕賦稅、加強生產）、「宇宙結構」（談論天文等科學）和「博學慎思」（重視教育）等學說，皆是因確實需求而創建，並確立其人生觀、社會觀、世界觀。換句話說，朱子的學說是以其實用性而被時代所肯定。元明以降，朱子學弘揚到日、韓、越等國，形成了具有當地特色的朱子學。以下為上述三國朱子學的發展概要：<br>| | |<br>| --- | --- |<br>| **日本** | 1. 傳入時間：13世紀初（鎌倉幕府時期）<br>2. 發展：<br>（1） 初期多由僧侶講述、傳播，故多從屬於佛教<br>（2） 德川幕府時代後，逐漸擺脫佛教的影響，並發展出京師朱子學、海西朱子學、海南朱子學、大阪朱子學與水戶學派等重要門派<br>（3） 主要從「理」、「氣」、「窮理」、「格物」、「倫理」、「歷史」等面相發揚朱熹思想<br>（4） 對日本社會的政治建構、經濟發展、西學攝取等，產生重要的作用 |<br>| **朝鮮** | 1. 13至14世紀初傳入（高麗王朝時期）<br>2. 發展：<br>（1） 14世紀時，高麗王朝處於政治混亂的狀態，部分改革派認為根本原因為「紀綱紊亂」，遂引入朱子學，藉以改正<br>（2） 李成桂建李氏朝鮮後，將朱子學視為官方思想<br>（3） 李氏朝鮮前期的朱子學者們，主要以理、氣、道、器、心、性、知、行等哲學為討論核心。代表者為朝鮮朱子學的集大成者李滉，與「理氣二元」論倡導者李珥<br>（4） 後期（17～19世紀）部分立志救國救民的知識分子，將學問方向轉以經世致用為主，大力提倡「實學」，朱子學逐漸衰微 |<br>| **越南** | 1. 傳入時間：約14世紀初（陳朝時期）<br>2. 發展：<br>（1） 朱文安（1292～1370）以朱熹的《四書集注》為基礎，撰有《四書說約》一書，介紹《四書》內容<br>（2） 陳朝以後，各朝皆以朱子學為國家哲學<br>（3） 15世紀末的《大越史記全書》便受到朱熹《資治通鑑綱目》史學思想的影響 |<br><br>【改寫自：戴瑞坤，〈朱子學對中、日、韓的影響〉，《逢甲人文社會學報》第1期（臺中：逢甲大學人文社會學院，2000），頁98、99～108、115。張品端、林炳輝，〈朱子學在海外的傳播與影響〉，http://www.people.com.cn/BIG5/paper81/2487/378280.html。黃俊傑、阮金山，〈越南儒學資料簡介〉，《臺灣東亞文明研究學刊》第6卷第2期（臺北：國立臺灣師範大學東亞系，2009），頁224】,teachers_book,全球化,文化,"[朱子學, 朱熹, 格物窮理, 日本, 朝鮮]",V.2/Ch.1/傳統政治權威的形塑,朱子學的精神與其在東亞的傳播,,,
594,| | |<br>| --- | --- |<br>| **政治** | 1. 強化中央集權，廢除私人武力，並設置「議政府」與「三軍府」分轄政務與軍務，取代過去的文武合議體制<br>2. 行身分階級制，將王室以外的人民分為良民與賤民。良民四個階級中以兩班地位最高，屬於貴族，在朝中擔任大臣。階級間有嚴格的禮儀規定，身分世襲，彼此不可通婚 |<br>| **土地** | 改革田制，廣泛授與功臣土地，並認可土地的世襲權利，以保障身分地位 |<br>| **社會** | 抑佛崇儒。所有社會價值都根據朱子學規範，以「禮」作為社會最高秩序，「經世治國」為政治價值及實踐之主旨 |<br>| **司法** | 1. 設置「申聞鼓」接受請願與上訴，同時也可舉發危害國家的陰謀，以維持治安<br>2. 整飭司法體制，賦予近衛隊防盜與禁亂的職權 |<br><br>經過太祖、太宗以後，李氏朝鮮鞏固了王權，也才有五百年的王朝安定。<br><br>【改寫自：朱立熙，《韓國史：悲劇的循環與宿命》（臺北：三民，2017），頁95～96】,teachers_book,朝鮮,政治,"[朝鮮王朝, 中央集權, 兩班, 抑佛崇儒, 申聞鼓]",V.2/Ch.1/傳統政治權威的形塑,朝鮮王朝的國家體制,,,
595,| | |<br>| --- | --- |<br>| **時間** | 世祖（1455～1468在位）下令編修，於成宗二年（1469年）頒布實施 |<br>| **特色** | 仿《周禮》、《大明律》以及九品官人法，落實漢唐的儒學思想 |<br>| **意義** | 確立朝鮮王朝的文武官僚體制、社會結構等規範 |<br><br>【改寫自：朱立熙，《韓國史：悲劇的循環與宿命》（臺北：三民，2017），頁124。謝皓琪，〈對明關係下朝鮮王朝的漢城空間與儀式—以1392年至1450年明朝使臣出使為中心〉（臺北：國立臺灣師範大學碩士論文，2015年）】,teachers_book,朝鮮,政治,"[經國大典, 朝鮮王朝, 世祖, 大明律, 官僚體制]",V.2/Ch.1/傳統政治權威的形塑,經國大典,,,
596,議政府為朝鮮王朝時期中央最高政務機構，源於高麗王朝時期的都評議使司，朝鮮定宗時，改稱議政府。根據1469年完成的《經國大典》記載，其內部設有領議政、左右議政、左右贊成、左右參贊等職。其功能相當於今日的行政院。<br><br>【改寫自：英家銘，〈朝鮮兩班算家南秉吉與其算學著作〉，《中華科技史學會學刊》第17期（臺北：中華科技史學會，2012），頁26。王永一，《圖解韓國史》（臺北：五南，2019），頁140】,teachers_book,朝鮮,政治,"[議政府, 朝鮮王朝, 中央, 政務機構, 經國大典]",V.2/Ch.1/傳統政治權威的形塑,議政府,,,
597,朝鮮王朝是一個崇尚儒家的政權，其最高學府的成均館，便是取自《周禮》「大司樂掌，成均之法，以治建國之學政」。成均館不僅有儒家講堂「明倫堂」，也有供奉孔子的文廟，及供儒生居住的東齋、西齋。而在地方，亦設有鄉校，其構造類似成均館；各地也有書堂，輔助儒學教育。朝鮮王朝以儒學作為治國原則，故要求其官吏皆須具備基本儒家素養，漢文與儒學便成為教育的重心。<br><br>【改寫自：簡江作，《韓國歷史與現代韓國》（臺北：臺灣商務，2005），頁87～88】,teachers_book,朝鮮,文化,"[儒家教育, 成均館, 鄉校, 書堂, 漢文]",V.2/Ch.1/傳統政治權威的形塑,朝鮮王朝的儒家教育,,,
598,14世紀的高麗末期，以《孝行錄》的編纂為契機，開始提倡家族倫理；朝鮮王朝建立後，致力於建立以儒家為核心的倫理譜系。15世紀，編纂《三綱行實圖》，藉此發展君臣倫理，16世紀中，又有《二倫行實圖》的出現，將家族、君臣與鄉黨倫理，依附於儒家倫理之下，強化三綱五常的重要性。<br>當時的學者柳希春透過建立鄉約，來建立具體的規範。他強調長幼有序，長幼禮節在民間得到適當的實施，才算是「禮」，並打算在全國施行。這樣的鄉黨倫理，在柳希春之後，李珥也在實施海州、西原兩州的鄉約過程中，必須在鄉黨中以年齡確立座次。射鄉禮、鄉飲酒禮成為重要禮俗，「長幼有序、朋友有信」這二倫，也在此時深入民間。<br><br>【改寫自：權五榮，〈朝鮮王朝儒家倫常之推移和特性〉，收於黃俊傑等編，《跨文化視域下的儒家倫常（上）》（臺北：國立臺灣大學出版中心，2012），頁219～220】,teachers_book,朝鮮,文化,"[儒學, 鄉約, 三綱五常, 家族倫理, 長幼有序]",V.2/Ch.1/傳統政治權威的形塑,朝鮮王朝的儒學、鄉約、三綱五常觀念的形成與發展,,,
599,| | |<br>| :--- | :--- |<br>| **漢代** | 漢武帝以來，行政官僚來自聘任德高望重者入朝任官（徵辟）、地方推薦人才（察舉），久而久之，形成經學世家而至「累世公卿」，並出現全國性士大夫階層，士族階級開始成形 |<br>| **曹魏~西晉** | 1. 東漢末年，社會動盪，察舉等制遭受破壞。漢亡後，曹魏時期，曹丕實施九品官人法，以中正官評定地方領袖的社會影響力，決定其在官僚層的品級，藉此整合地方菁英<br>2. 實際上，此法成為前述士大夫階層的壟斷政治的工具，他們藉由自身的經濟、社會、文化影響力，左右任官的權利，形成「上品無寒門，下品無勢族」的現象<br>3. 西晉沿用九品官人法，並在太康元年（280年）實施占田制，其中規定官僚可依品級決定擁有土地的多寡，士族經濟獲得保障 |<br>| **東晉~南北朝前期** | 1. 南方：永嘉之亂後，大批北方士族南遷，為「僑姓」；而原為江東地區的士族，則為「吳姓」。南方的東晉政權為取得南遷士族支持，給予「僑姓」政治、經濟等特權<br>2. 北方：永嘉之亂後，仍留在北方的士族，為「郡姓」；北魏孝文帝推行漢化時，也仿效漢人建立士族，為「國姓」<br>3. 以上士族，統稱為四姓，並左右此時南、北政權的政治、經濟等發展。《全唐文》中便提到：「舉秀才，州主簿，郡功曹，非四姓不在選」 |<br>| **南北朝後期** | 1. 南方：南朝末年爆發侯景之亂，士族多遭殺害；嶺南一帶寒門出身的陳霸先建立陳朝後，南朝的士族瓦解<br>2. 北方：北魏分裂後，郡姓也一分為二：一為從東魏到北齊的山東士族；一為從西魏到北周的關中士族<br>3. 關中士族因胡漢融合、文武合一，逐漸成為北周的主要政治階層，是「關隴集團」的基礎，之後隋、唐的開國者，皆來自「關隴集團」 |,teachers_book,魏晉南北朝,政治,"[士族, 九品官人法, 察舉, 關隴集團, 累世公卿]",V.2/Ch.2/國家統治與社會結構,中國士族的興衰,,,
600,| | |<br>| :--- | :--- |<br>| **定義** | 仕宦者的閥閱逐漸累積形成家族名望與聲譽，世代做官的人家，就稱「門閥」 |<br>| **政治** | 政權依賴門閥士族的擁護與協助，於是門閥幾乎壟斷國家主要權力，其權力獨立於皇權，如諺語「王與馬共天下」即是形容皇室與士族共治的局面 |<br>| **經濟** | 享有田、蔭戶和免除租稅徭役等特權，並以其雄厚的政治和宗族勢力發展家業（大田莊產業），不斷兼併土地，經營莊園，逐漸成割據 |<br>| **文化** | 1. 具有豐富學術文化涵養，為世人所重，以維持門戶威望<br>2. 重視編撰家譜，講究士族世系源流，作為自己享有特權的憑證，於是譜學勃興<br>3. 嚴格的門品階級之下，門第不相等，不通婚姻，甚至不同坐交談；士人階級中，又有「士族」與「庶族」的貴賤之別，藉以維護門閥特權 |<br><br>【改寫自：田余慶，《東進門閥政治》（北京：北京大學，1989），頁335~347】,teachers_book,魏晉南北朝,政治,"[門閥, 王與馬共天下, 蔭戶, 譜學, 士族]",V.2/Ch.2/國家統治與社會結構,東晉門閥政治,,,
601,| | |<br>| :--- | :--- |<br>| **背景** | 魏晉南北朝時期租佃制度發達，原因有三：<br>1. 政府在戰亂中提高賦稅、徵調勞役，逼使小農戶帶產投靠世家豪強，變成不納稅的蔭附人口<br>2. 世家豪強以保衛安全為號召，到處招募佃農<br>3. 皇帝賞賜土地給王公功臣，甚至附帶公田上的國家佃農；王公功臣獲得土地卻沒有足夠的奴僕來耕作時，就出租給佃戶 |<br>| **戶籍與賦稅** | 1. 戶籍與賦稅合一，有戶籍的人就有向國家繳稅的義務<br>2. 因戶籍分類不同而有不同的繳稅義務，其中王公功臣和權勢人家依法無須繳稅<br>3. 佃客以戶為單位，不再計算個別勞動力多寡 |<br>| **佃客人數** | 1. 唐德宗建中初年局部戶口調查的數據，土戶約有180多萬，佃戶則高達130多萬<br>2. 佃戶未必全部都是以務農為生，有從事工商業，或者只是臨時逃亡的難民，很可能短住一段時間後便回到原鄉 |<br>| **非法佃客** | 1. 詭名挾佃：有許多人家本來是有田產的獨立主戶，但是為了逃避賦役而冒充是有免稅權官戶的佃戶，結果在名義上變成了無田產的佃戶<br>2. 詭名子戶：有些主戶財產豐富，但是為了逃役而將其家產分散，造成許多財產數低於免役額以下的子戶 |<br>| **影響** | 佃戶過多影響國家公田的佃戶來源以及國家的賦稅收入，形成世家豪強與政府互爭農業勞動力的局面。因此政府不斷對私人土地占有量與蔭附人口加以限制 |<br><br>【改寫自：趙岡、陳鍾毅，《中國土地制度史》（北京：新星，2006），頁247、249 ~ 251、256】,teachers_book,魏晉南北朝,經濟,"[佃客, 租佃制度, 蔭附人口, 世家豪強, 詭名挾佃]",V.2/Ch.2/國家統治與社會結構,佃客,,,
602,| | |<br>| :--- | :--- |<br>| **背景** | 唐朝是在關隴士族集團的支撐下建立起來的，因此唐初關隴士族集團居於政治統治的核心，社會上則承續著魏晉南北朝以來，重視郡望、標榜家族門第的風氣。唐初統治者實行關中本位政策抑制山東舊士族 |<br>| **太宗朝** | 修訂《氏族志》重新排定氏族高低、重揚今朝冠冕。太宗寄望藉此重新排定氏族等第，提高李唐皇族與當世勳貴名臣的政治聲望，挫敗山東士族的優越感，其實質是維護政權的需要。不過此政策卻收效甚微，山東士族依然堅持其一貫作風，拒絕承認新的門第標準，朝中大臣也不改其尊崇山東士族的傳統，不惜「自貶家門，受辱於姻婭」，謀求與山東士族聯姻 |<br>| **高宗朝** | 修訂《姓氏錄》，並頒布《禁婚令》禁止山東五大姓互婚，至中宗神龍年間（705~707）重申舊令。然而，晚唐山東五姓間之婚姻關係，仍然是社會上的重要現象。唐代對五姓著房著支四十四子互婚之禁令，並未嚴格執行 |<br>| **武后朝** | 沉重打擊關隴集團，同時扶植大批文士進入統治集團核心，同時為山東文學士族子弟入仕提供了良好的政治氛圍，關隴集團逐漸衰落 |<br><br>【改寫自：毛漢光，〈晚唐五姓著房之婚姻關係〉，《臺大歷史學報》第15期（1990.12），頁135、158。鄭雅如，〈唐代士族女兒與家族光榮——從天寶四年〈陳照墓誌〉談起〉，《中央研究院歷史語言研究所集刊》第八十七本第一分（臺北：中央研究院歷史語言研究所，2016），頁11、21】,teachers_book,隋唐,政治,"[士族, 關隴集團, 氏族志, 禁婚令, 山東士族]",V.2/Ch.2/國家統治與社會結構,唐代壓抑士族的策略,,,
603,*   **定義** 在各家的基礎上，透過「立宗收族」的方式組成<br>*   **形式**<br>    1.  官僚地主或權勢之人自立為宗，一方面附會始祖；一方面招收自己的族人，建立新的組織<br>    2.  在原有血緣基礎上建立組織<br>*   **構成**<br>    1.  通常以血緣關係分族，如以兄弟排行分為長房、二房等<br>    2.  隨著子孫繁衍，房下會再分出子房，原有的房便成為支，形成如「族—房—戶」或「族—支—房—戶」的結構<br>    3.  部分宗族則以官職、財勢等依據分房<br>*   **管理** 以族人所推舉的族長為核心，負責族內的行政、教化、裁判等<br><br>【改寫自：張研，《十八世紀的中國社會》（臺北：昭明出版社，2000），頁 225 ~ 231】,teachers_book,明清,社會,"[宗族, 立宗收族, 血緣關係, 族長, 長房]",V.2/Ch.2/國家統治與社會結構,宗族的形成,,,
604,*   **意義** 宗族地產的總稱，是維持宗族財源的經濟基礎<br>*   **稱呼**<br>    1.  北方：義田、義莊、祭田等<br>    2.  南方：蒸嘗、眾嘗、祀田、太公田等<br>*   **類型**<br>    1.  義田：救濟族中弱勢者、賑荒等公益事業<br>    2.  祭田：祭祀<br>    3.  學田：興學、資助族人參加科舉<br>*   **管理**<br>    1.  由族長派專人負責，或由各房輪流經營<br>    2.  管理者被稱為理財、理數、理事等，任期為1到5年不等<br>    3.  許多掌管者演變為世襲，成為變相的私產<br><br>【改寫自：喬志強，《中國近代社會史》（臺北：南天書局，1998），頁126 ~ 127】,teachers_book,明清,經濟,"[族田, 宗族, 義田, 祭田, 學田]",V.2/Ch.2/國家統治與社會結構,族田,,,
605,范仲淹出身貧寒，故致力於改善族人的生活，皇祐二年（1050年），他捐出一千多畝田地，創設義莊，並制定管理辦法、分配章程，希望能以其自身力量救濟族人。至清初，范氏義莊已擁有約五千多畝的土地。義莊將田地出租給外姓之人耕種，並以地租供給族人的生活，唯在外地任官者不能領取。發放項目有以下幾種：<br><br>*   **口糧**<br>    1.  每人每天定額一升白米；若發放糙米，另加發二成<br>    2.  另給每房一名奴婢口糧<br>*   **衣料**<br>    1.  每人每年絹一匹，五歲至十歲兒童減半<br>    2.  於冬天發放<br>*   **婚姻費**<br>    1.  嫁女給嫁妝錢三十貫，若再婚，給二十貫<br>    2.  娶婦給錢二十貫，再娶不給<br>*   **喪葬費**<br>    1.  尊長喪二十五貫、次長十五貫<br>    2.  十九歲以下七貫、十五歲以下三貫、十歲以下二貫<br>    3.  七歲以下及奴婢不給<br>*   **科舉費**<br>    1.  族人取得大比（鄉試）資格，給路費十貫<br>    2.  無故不赴試則收回<br>*   **房屋** 義莊設有義宅，供族人借住<br>*   **借貸** 族人如有急需，可向義莊借錢，但須如期歸還<br><br>【改寫自：馮爾康，《中國古代宗族與祠堂》（臺北：臺灣商務，1998），頁126 ~ 128】,teachers_book,宋元,社會,"[范仲淹, 義莊, 族人, 救濟, 地租]",V.2/Ch.2/國家統治與社會結構,范仲淹的義莊,,,
606,鄉約是一個地方自發性的互助組織，以「德業相勸、過失相規、患難相恤、禮俗相交」四項為綱領；其中以相助協濟為主要目的，項目包括：水火、盜賊、疾病、死喪、孤弱、誣枉和貧乏七項，約中人依照事情緩急，由本人、近者及知情者，告主事或同約，給予救助。按照呂大鈞的設想，鄉約由士紳創立，鄉人自行加入；領導人由眾人推選，並以聚會形式促進鄉人情感；遇事民主共議，並且賞罰公開。在鄉約制度下，透過教化，發揮人的愛心，為少數衰老或身體有殘缺、失去配偶孤苦無依的人提供了社會保障。<br>鄉約在宋代備受推崇，尤其是在朱熹增修後影響更大：朱熹更加重視鄉約得到的感化與禮儀條規作用，因此強化了鄉約對社會風俗影響的功能。明太祖時，將鄉約納入官方體系，清代則更進一步普及鄉約制度，將鄉約發展至全國九成的地區，此後官辦色彩濃厚。<br><br>【改寫自：牛銘實，〈患難相恤：論中國民間的自治與扶貧〉，《二十一世紀》總第13期（2003）。朱鴻林，〈二十世紀明清鄉約研究〉，《歷史人類學學刊》第二卷第一期（2004），頁176 ~ 178。衛紹生，《天下一家，中國一人：創建鄉約的呂大鈞兄弟》（鄭州：大象，2018）】,teachers_book,宋元,社會,"[鄉約, 互助組織, 呂大鈞, 朱熹, 德業相勸]",V.2/Ch.2/國家統治與社會結構,鄉約的內涵與推廣,,,
607,朱熹創建的社倉制度，是以人民互助的方法組成的一種自治性組織，由地方政府或鄉里富家提供糧股，設置貸本，以低利借貸給農民做農業資本或生活費用。朱熹覺得鄉里中人，對經濟條件差的家庭，甚至於病倒的過客，都有義務施予救濟。而社倉設於農村，對於農村中貧富之間經濟上的衝突發生平衡作用，有益於農村社會的穩定。<br>官督民辦社倉的倉米，平年可用來扶貧，用股米貸放收息，也用累積的息米賑濟無償還能力的孤老殘幼，起到扶貧的作用；災年可用來賑濟，對全村、全鄉、甚至全縣都能提供經濟上的保障，即所謂「一鄉四五十里之間，雖遇凶年，人不缺食」。由於社倉制度同時具有扶貧和賑災的功能，宋以後每個朝代都設置社倉。<br><br>【改寫自：梁庚堯，〈南宋的社倉〉，《宋代社會經濟史論集》（臺北：允晨，1997），頁199。朱鴻林，〈二十世紀明清鄉約研究〉，《歷史人類學學刊》第二卷第一期（2004），頁180 ~ 183】,teachers_book,宋元,經濟,"[社倉, 朱熹, 互助, 賑災, 扶貧]",V.2/Ch.2/國家統治與社會結構,社倉的功能,,,
608,*   **形式**<br>    1.  龕室：用來供奉祖先<br>    2.  大廳：集聚族眾行禮<br>    3.  回樓：用來接待賓客、宣講<br>    4.  兩廂：設置義學，供子弟讀書<br>*   **用途**<br>    1.  祭祖：祭典時，族人聚集宗祠，由族長領祭，透過繁瑣、嚴肅的祭典，使族人受到人倫孝悌的訓練。只有15歲以上的男性才能參加<br>    2.  聚會與執法：如遇需共議的公眾事務，或宣講族規、鄉約、家訓等事，便於此進行；族人如犯家規，亦在此當眾接受處罰<br>    3.  執事機構：如接待住宿、族產管理等事務，皆於此進行<br><br>【改寫自：喬志強，《中國近代社會史》（臺北：南天書局，1998），頁124 ~ 125】,teachers_book,明清,社會,"[祠堂, 祭祖, 族長, 族規, 宗祠]",V.2/Ch.2/國家統治與社會結構,祠堂,,,
609,明朝初年，官方只允許貴族、官員設立家廟，祭祀高、曾、祖、禰（先父）四代先人，民間不可立廟，但可祭祀曾祖父以下三代。嘉靖年間，明世宗接受禮部尚書夏言的建議，允許平民也可祭祀四代祖先、建立祠堂。此後，各地祠堂數目有所增加，但並未形成普遍的現象。如萬曆年間無錫地區大戶人家設置祠堂者，仍未及一半；但至清中葉時，民間設置祠堂的風氣便已形成。如乾隆年間江西、湖南地區的族人，皆設有祠堂；嘉慶年間，山東、山西、江蘇、江西、福建、廣東等地已廣設祠堂。可以說，明清時期的宗族建祠的情形蓬勃，其中，又以長江流域以南較為活躍。<br><br>【改寫自：馮爾康，《中國古代宗族與祠堂》（臺北：臺灣商務，1998），頁50 ~ 53】,teachers_book,明清,社會,"[祠堂, 家廟, 嘉靖, 明世宗, 宗族]",V.2/Ch.2/國家統治與社會結構,民間祠堂的發展,,,
610,*   **定義與階層**<br>    1.  中國士紳為取得學品、學銜、官職、功名的人<br>    2.  一般的功名是通過科舉考試，成為生員後即可躋身「下層士紳」之列<br>    3.  進一步取得舉人身分，則成為「上層士紳」，已有為官的准許證；其他退休回歸鄉里的官員也屬於上層士紳之列<br>    4.  部分平民也可透過捐納成為「監生」；儘管地位可能不如一般正途考試的士紳們高，但同樣是中國士紳群體的重要組成<br>*   **特權與職責**<br>    1.  士紳們最重要的特權是有與平民不同的一套禮儀體系，他們在面對官吏的時候不需下跪、保有尊嚴，而在面對平民時也會被恭敬行禮。在經濟上則享有免繳丁稅、徭役，不接受刑罰，還有俸祿可領<br>    2.  作為「高人一等」的回報，士紳要協助地方工程的修建、建立學堂並宣傳儒家精神、戰亂時需組織民兵等。士紳的協助使國家的行政權與鄉村自治權融為一體<br>*   **紳權與皇權**<br>    1.  相較於經常調動的中央官員，地方士紳穩定在某個地方經營，因此對該地擁有強勢控制力。地方官常必須仰賴、諮詢士紳，士紳也會用其影響力去主導官府，可以說紳權是來自於其社會影響力。19世紀初，上層士紳高達一百多萬人，占總人口1.3%<br>    2.  士紳在地方沒有正式的職務，即使是保甲長也不能由士紳擔任。但實際上，士紳控制許多地方的財政機構，田賦也由士紳徵收，紳權不斷擴張並侵害皇權<br>    3.  太平天國爆發時，士紳開辦向坐賈和行商徵收「釐金」，此舉不在中央控制的範圍之內，可視為地方政府崛起的關鍵，政府組織的權威由士紳取而代之<br><br>【改寫自：張仲禮，《中國紳士——關於其在19世紀中國社會中作用的研究》（上海：上海社會科學院出版社，2008），頁3 ~ 56。蕭公權著，張皓等譯，《中國鄉村：論19世紀的帝國控制》（臺北：聯經，2014）】,teachers_book,明清,政治,"[士紳, 功名, 紳權, 皇權, 釐金]",V.2/Ch.2/國家統治與社會結構,明清時期士紳階級,,,
611,有關明清士紳階層的身分，一直是學界討論的重要議題。根據研究，士紳的出現，大致因為科舉獲得功名、知識水平較高、土地等經濟優勢，以及社會影響力等原因，而承擔官府於民間溝通的責任。換句話說，因其具有地方影響力，而成為特殊階層。<br>地方士紳主要從事的地方活動，包括公共建設、社會福利、法律裁判、軍事活動、包攬稅糧等；而隨著土地政策的推行士紳的權力也不斷擴張。如明末的一條鞭法與里甲制、以及清初的地丁銀政策，造成土地與人力的商品化，使士紳更容易累積財富與權力，繼而造成其與國家間的緊張關係。如太平天國後各地士紳階層因平亂有功而崛起，凸顯出中央政府權力的衰微。<br><br>【改寫自：連瑞枝，〈從鄉紳到地方菁英〉，《史匯》3（桃園：國立中央大學歷史研究所，1999），頁283 ~ 297】,teachers_book,明清,政治,"[士紳, 功名, 一條鞭法, 地丁銀, 太平天國]",V.2/Ch.2/國家統治與社會結構,明清士紳的出現與擴張背景,,,
612,每當地方發生動亂、但政府未有足夠能力保衛人民之時，往往會借助地方勢力的協助。嘉道以後，隨著官方對於地方控制逐漸減弱，地方勢力對於維持社會秩序的重要性便逐日提升。他們以保甲制度的編制為基礎，建立一套寓兵於農的軍事組織——團練。自川楚白蓮教亂開始，團練便開始嶄露頭角，既能保衛家園、也能協助政府平定亂事，但此時團練的規模仍小、數目也不多。直至鴉片戰爭後，許多廣州士紳組織團練，其數目開始有明顯之增長，但仍以珠江三角洲地區為主。<br>團練普遍出現的時間，為太平天國爆發後，透過清朝的鼓勵，各地紛紛由士紳、地方官員主動籌組，並以農民為主力。最著名者，便為曾國藩奉命回原籍所籌辦的湘軍，該軍隊甚至成為平定太平天國的主要軍事力量。此時的團練，雖與保甲仍有密切關係，但地方宗族、士紳在籌辦團練的重要性上，已逐漸增加。根據研究，晚清湖南、兩江、兩廣地區的團練領袖，士紳身分者占3/5，部分省分更高達80%。換言之，晚清的中央權力已衰，皇權能否牢固的控制地方，已成為問題。<br><br>【改寫自：梁庚堯，《中國社會史》（臺北：國立臺灣大學出版中心，2014），頁392 ~ 393】,teachers_book,明清,政治,"[團練, 士紳, 太平天國, 曾國藩, 湘軍]",V.2/Ch.2/國家統治與社會結構,清代團練的崛起與性質的變化,,,
613,*   **定義**<br>    1.  商幫是商人以地緣為中心，以血緣近親、地緣鄉情、業緣鄉誼為紐帶而組成的群體<br>    2.  以「相親相助」為宗旨，以會館、公所為其在異鄉的聯絡、計議之處<br>*   **歷史發展**<br>    1.  唐代時，已有類似商幫的團體出現，主要是按所經營的貨物種類劃分。其以「綱」的組織形式運行，由綱首、綱紀負責指揮、管理貿易相關事務。直到宋元，不論官私，海外貿易一直以「綱」的組織形式運行<br>    2.  明代後期，同一地區的商人共同出資，結綱承運固定地區的定額食鹽，初步形成商幫的模式<br>    3.  清代前期，福建鹽運業分地區為商幫承運食鹽，商綱被稱為「商幫」，「商幫」之名正式產生，但通常只稱為「幫」。直到清代後期，才普遍使用「商幫」一詞<br>*   **形成背景**<br>    1.  環境：商幫所在地大多土地貧瘠、地少人多，不利的地理環境促使農民棄本逐末<br>    2.  交通：位處良好的港口，以及內河、外海的便利交通<br>    3.  政策：明代《開中法》實施，原是為了解決北邊軍鎮的糧餉供應，規定商人只要把糧食運到邊境糧倉，便可向政府換取鹽引，然後憑鹽引到指定的鹽場支取食鹽，就可到政府規定的銷售區販賣。商人們藉此形成商業集團<br>    4.  經濟：人口快速增加，使得全國的商品交易量大幅增長，促使商業發展，商業資金與經濟規模皆較前朝大增；專業城市興盛也促成商業網絡外展<br>    5.  文化：商幫興起之地往往是文化繁榮區域，商人往往資助書院，也因此「以儒兼賈」的商人對自己的名聲很看重<br>*   **運作特色**<br>    1.  長途販運是明清商幫的主要貿易活動，包括以大運河為主的南北內河航線、以上海為中點的南北洋航線、以長江為主的東西貿易線，以及海外貿易路線。商業網更遠，各地區專業化程度提高，商品交換的範圍更廣<br>    2.  同鄉商人靠著親友、宗族、鄉黨的倫理關係，集資合夥、互相提攜，所到之處紛紛設立本縣本處的會館，溝通連繫與支援。許多獨立的商號，因此建立起非正式的、橫向的業務關係<br><br>【改寫自：趙岡、陳鍾毅，《中國經濟制度史論》（北京：新星，2006），頁434。張海鵬、張海瀛，《中國十大商幫》（合肥：黃山書社，1993），頁2。陳麗貞，〈明清商業網絡的活化研究〉，《人文及管理學報》第六期（宜蘭：宜蘭大學人文及管理學院，2009），頁23 ~ 32】,teachers_book,明清,經濟,"[商幫, 會館, 開中法, 鹽引, 長途販運]",V.2/Ch.2/國家統治與社會結構,商幫的形成,,,
614,晉商又稱晉幫，指的是「山西商人」（「晉」是山西的簡稱）。晉商發跡於明朝，以經營邊防軍需物資起家，通過運輸軍糧，藉此獲取鹽引和銀兩。晉商最初的活動地區以華北為主，後逐漸擴展至四川等地。<br>明末，滿洲人利用山西商人擔當財政任務，在努爾哈赤時，已與晉商在撫順貿易，買賣人蔘、貂皮、珍珠等。清兵入關後，任命晉商為內務府商人，成為官方的御用商人，取得包括鹽在內的多種特權，也從事米穀、茶葉等貿易，並經營當鋪、錢莊等金融機構，商業網絡遍布全國，累積大量財富。清末，清朝遇到財政困境時，也多由晉商的錢莊協助紓困。如八國聯軍後簽定的《辛丑條約》，清朝需支付戰爭賠款四億五千萬兩，便由山西票號協助處理。<br>但隨著清末開港通商、白銀外流的影響，晉商也開始走向衰落，辛亥革命後，因大量貸款而退出歷史舞臺。<br><br>【改寫自：寺田隆信著，張正明等譯，《山西商人研究》（太原：山西人民出版社，1986），頁 141～144。佐伯富著，邱添生譯，〈清代的山西商人〉，《歷史學報》5（臺北：國立臺灣師範大學歷史學系，1977），頁 281～282】,teachers_book,明清,經濟,"[晉商, 山西商人, 鹽引, 錢莊, 票號]",V.2/Ch.2/國家統治與社會結構,山西晉商,,,
615,| | |<br>| :--- | :--- |<br>| **興起背景** | 1. 清代貨幣制度紊亂，各地之間的貨幣彼此無法流通，必須經過兌換才能使用<br>2. 受大航海貿易大量銀元流入中國的影響，幣值波動幅度大，需要專業匯兌機構<br>3. 商業貿易興盛，貨幣兌換的需求大增 |<br>| **錢莊** | 1. 源於銀錢兌換業，進行存放、發行等業務，具備現今銀行的功能<br>2. 顧客以現金存款，錢莊發出莊票和錢票作為憑證，類似於今日的現金支票，顧客可以票證代替銀兩和銅錢作為支付工具<br>3. 設有公會，處理票據交換、公布洋銀價格、負責官府及外商的交涉等業務，因此錢業鉅子常成為各地商界領袖人物 |<br>| **票號** | 1. 起源於銀兩的異地匯兌業務，主要經營官款的存放業務，包括軍餉、丁糧匯兌，以及代表清政府從事長途匯款<br>2. 在經營活動中形成幫派，例如由同幫票號合力承擔一筆大款，並同享利潤，如同現今的銀行團<br>3. 1797 年（清嘉慶二年），第一家山西票號「日昇昌」成立，以「天下第一」，「匯通天下」聞名全國 |<br><br>【改寫自：吳承明《中國資本主義發展史》（北京：社會科學文獻出版社，2007），頁，鄭亦芳，《上海錢莊：中國傳統金融業的蛻變》（臺北：中央研究院，1981），頁 8。區慕彰、羅文華，《中國銀行業發展史：由晚清至當下》（香港：香港城市大學，2011），頁 17～19】,teachers_book,明清,經濟,"[錢莊, 票號, 匯兌, 日昇昌, 莊票]",V.2/Ch.2/國家統治與社會結構,錢莊、票號的興起與運作,,,
616,關於徽商最早的起源，有說是東晉或宋代，但真正被世人視為「商幫」則為明朝。徽商形成主要有兩個基本條件，一是有一大批手握鉅資的徽州儒商構成商幫的中堅力量，二是商業競爭日趨劇烈，徽州商人為了戰勝競爭對手，因而有結成商幫的必要。<br>徽商經營的貨品，最早是以本鄉所產的茶、木材、漆為主，後來逐漸擴大經營範圍，不論是布匹、絲綢，或者是西北的畜產品、廣東的鐵器等，皆有運販經營。也因此活動範圍極廣，且深入農村鄉下，跡遍全國。明代長江下游一帶有諺語「無徽不成鎮」，即是農村鄉鎮貿易多由徽商操縱。<br><br>【改寫自：趙岡、陳鍾毅，《中國經濟制度史論》（北京：新星，2006），頁 441。范金民，《中國經濟史研究》（北京：中國社會科學院經濟研究所，2006），頁 93】,teachers_book,明清,經濟,"[徽商, 商幫, 儒商, 無徽不成鎮, 徽州]",V.2/Ch.2/國家統治與社會結構,安徽徽商,,,
617,商幫的重要標誌，出現於明清時期，最初稱為試館，供赴京師考試的士子食宿。最早的會館應為明永樂年間創建的京師蕪湖會館，其後各地陸續出現。會館的命名多以地域為主，如上海的泉漳會館，是由福建龍溪、海澄、同安等地的商人共同創設；也有以行業為名者，如北京的藥行會館、上海的商船會館等。<br>會館的功能甚多，包含以下幾種：<br><br>| | |<br>| :--- | :--- |<br>| **聯鄉誼** | 1. 創建會館為同鄉商人，目的是在異鄉有一空間進行交流，聯絡感情<br>2. 如上海的山東會館，其創建目的便為「以生合群之力，而聯渙散之情」 |<br>| **辦義舉** | 包括設義塚、助喪等 |<br>| **祀神** | 1. 各商幫多有其主祀之神，故通常於會館內立像祭祀<br>2. 如山西會館多祭祀同鄉的關羽；商船商館則以媽祖為主祀神 |<br><br>【改寫自：丁長清，《中國古代市場與貿易》（臺北：臺灣商務，1998），頁 142～147】,teachers_book,明清,社會,"[會館, 商幫, 聯鄉誼, 祀神, 泉漳會館]",V.2/Ch.2/國家統治與社會結構,會館,,,
618,清代商幫為協調同業內部糾紛而設立的組織，最早為雍正年間設立的八旗公所。嘉慶、道光以後，商業公會組織以公所命名者漸增。清末，江蘇、上海、北京的公所數量，已達一百多個。<br>公所與會館的名稱，在部分文獻中出現混用的情形，如〈泉漳會館興修碑記〉提及：「會館者，集邑人而立公所也」。此也反映出兩者在功能上，實有相似之處，如聯誼、祀神、義舉等。但也有差別，如會館基本上以地區命名，公所則以行業為主，此也說明公所行業性質的加強，以及地域性質的減弱。<br>相較於會館，公所成立的目的更具商業性，故許多公所建立時，同時也具備市場的功能。如蘇州珠玉幫在上海建珠玉公所時，便在其對面建立市場。由此可知，公所有其商業經營的作用存在。<br><br>【改寫自：丁長清，《中國古代市場與貿易》（臺北：臺灣商務，1998），頁 148～151】,teachers_book,明清,經濟,"[公所, 商幫, 會館, 行業, 商業性]",V.2/Ch.2/國家統治與社會結構,公所,,,
619,| | |<br>| :--- | :--- |<br>| **形成** | 1. 早期的會黨為互濟互助性質的會社，為求得社會人際依賴和相互援助，以及共同抵禦地方上的敵人；清代則發展成為反抗政府高壓統治的集團<br>2. 其行動容易招致危險，便出現歃血、盟誓等儀式，用一種虛擬的血緣關係團結會眾<br>3. 結拜需要特定的會名、創會神話以及隱晦暗號，因此借用某些神祇及民間宗教信仰、習俗文化等 |<br>| **宗教** | 1. 往往依附民間信仰而創生，但著重於聯繫成員的功能，實際上宗教內涵並不強，迷信程度也不深<br>2. 運用宗教禮儀，堅定其意志，利用人們對神祕儀式的迷信以及對神靈的崇拜、畏懼心理，來加深「義氣」的份量，強化組織內部約束力 |<br>| **非法** | 1. 民間結社既可以是一種有社交或互助機能的民間社團，對安定社會提供了一定程度的助益，但結社常集體行動，就形成社會治安和政治問題<br>2. 往往比土匪、遊民、不得意的知識分子組織得更好，更有凝聚力，潛藏一股反抗政府的力量 |<br>| **清朝** | 祕密會社的興衰反映了清代的歷史：<br>1. 清治初期，許多漢族人民利用中國傳統的結拜異姓弟兄的方式進行反抗清朝統治的鬥爭，此舉反映了滿漢之間的民族矛盾<br>2. 乾隆以後，由於政府逐漸腐敗，會社的活動反映了統治階級與普通民眾之間的社會矛盾 |<br><br>【改寫自：王大為著，劉平譯，《兄弟結拜與祕密社會：一種傳統的形式》（北京：商務印書館，2009）。秦寶琦，〈新修《清史》與清代祕密會黨〉，刊於「中國人民大學清史研究所」網站，http://www.iqh.net.cn/info.asp?column_id=4200】,teachers_book,明清,社會,"[祕密會社, 會黨, 互濟互助, 歃血, 義氣]",V.2/Ch.2/國家統治與社會結構,祕密會社起源,,,
620,| | **祕密宗教** | **祕密會社** |<br>| :--- | :--- | :--- |<br>| **宗教** | 雜揉民間信仰和佛道教義，以禮儀、規準作為傳布手段 | 雖託信仰，但並不重視宗教內容，甚至另有其信仰中心，例如：關公 |<br>| **成員** | 無分老弱婦孺，可隨時隨地集結廣大群眾 | 成年男性為主，加入程序複雜嚴密，集結方式則為祕密聯絡會合 |<br>| **入會宣示** | 發宏願，強調信仰之堅定不移 | 立盟誓，強調義氣千秋，金石可恃 |<br>| **組織功能** | 宗教功能顯著，組織疏闊，成員間社會關係單純 | 功能多樣，組織嚴密，分支系統繁多，成員間社會關係複雜 |<br>| **統治基礎** | 以宗教紀律掌握信眾，嚴寬不等，以神權為統治基礎 | 行家長統治，幫規殘酷殘忍，以行幫規制慣例為統治基礎 |<br>| **發展基地** | 以家庭佛堂為主，不重寺院道觀，往往以家庭為信眾聚散之地 | 以會館、山堂、庵、觀、寺院為會眾聚散之地 |<br>| **傳播手段** | 富鄉土色彩，傳播手段依靠血緣關係、姻親關係、鄉土關係 | 富地緣色彩，傳播手段依靠地緣關係、同業關係、金蘭結拜關係 |<br>| **根據地** | 以北方各省最為普遍，並以鄉村為主要根據地 | 以南方各省最為普遍，以沿交通路線的城市為活動根據地 |<br>| **依存社會** | 農業 | 工商業 |<br>| **對外發展** | 個人行動 | 跑江湖 |<br><br>【改寫自：王爾敏，《明清社會文化生態》（臺北：臺灣商務，2002），頁 343～345】,teachers_book,明清,社會,"[祕密宗教, 祕密會社, 民間信仰, 盟誓, 義氣]",V.2/Ch.2/國家統治與社會結構,祕密宗教與祕密會社的比較,,,
621,清代民間祕密結社（會黨）形成的原因有兩種：第一種是蛻變於游民組織。游民在清代社會的特殊背景下形成固定的社會階層，民間結社雖然不是移民社會的專屬現象，但移民社會的結社因為涉及生存問題特別顯現其意義。移民通常由中心向邊陲地區、或一個邊陲向另一個邊陲移動。南境的臺灣、福建、湖廣，西南的四川、雲貴，以及東北地區等都有相對發達的移民社會。由大量移民產生的新聚落，這些新興聚落龍蛇雜處，常處於不穩定狀態；移民面對不確定的未來和可能的威脅，以建立共同體的方式進行新社會的秩序整頓。其中，有一群人不能獲得主流秩序的接受，如犯罪者、地痞、失業流民或陌生人（指非同一宗族或同鄉），其行事作風常與主流秩序對立，很快發展成自成體系的民間結社，這是一般會黨的起源。<br>會黨產生的第二種因素同樣發生在移民社會，但並不一定由游離於農村的人口所組成，而是底層勞動者的組合，它大部分發生在新興城市或都會地區。前面提過，會黨的原型是游民組織，但發生在城市的會黨很大部分是勞動階級中的水手、礦工、手工業、流動性販夫等下層人民，這些人也屬於流寓人口；流寓的不穩定狀態，常被視為潛在的犯罪人口。<br><br>【引用自：潘榮飲，〈祕密的社會如何可能？論清代祕密結社的社會連帶：以清朝白蓮教五省之亂暨臺灣林爽文事件為例〉（臺中：東海大學社會學研究所博士論文，2017），頁 33～34】,teachers_book,明清,社會,"[祕密結社, 會黨, 游民, 移民社會, 流寓人口]",V.2/Ch.2/國家統治與社會結構,清代民間祕密結社形成的原因,,,
622,傳統中國以宗法制度之下的社會，父權系統掌握了家族中的實質權力。祕密會社以傳統家族關係安排權力位置，入會即「戴天為父，奉地為母，日為兄，月為嫂。八拜相交即為兄弟」，建構虛構的血緣關係。但不同於縱向關係中父親的絕對權力，祕密會社強調重視橫面關係（平輩），同門即為異姓兄弟；也因此成員之間雖有等級之分，卻無輩分之別。<br>完成入會儀式之後，成員的行為便受到家法所規範。為建立上對下的絕對權威，它形成了一套嚴密的組織結構和權力機構，實行嚴格的幫規幫紀。但由於首領依然是平輩，因此對於家法不能任意更改，實際上只是擁有維護會黨組織正常運行的權力，僅能秉章辦事。而作為維繫兄弟關係為目的的組織特質，祕密會社所求的就是一種兄弟間的「義氣」，強調「互助」、「利己利人」則是兄弟「義氣」所具備的功能，是最基本也是最重要的要求。<br><br>【改寫自：王爾敏，《明清社會文化生態》（臺北：臺灣商務，2002），頁 338。歐陽恩良，〈民間教門與祕密會黨權力系統之比較〉《文史哲》2005 年第 2 期（濟南：山東大學，2005）】,teachers_book,明清,社會,"[祕密會社, 家長制, 血緣關係, 義氣, 幫規]",V.2/Ch.2/國家統治與社會結構,會社中的家長制,,,
623,有關天地會創建的時間，眾說紛紜，以「康熙十三年（1674 年）」說與「乾隆二十六年（1761 年）」說最具影響力。其中持「康熙說」的學者最多，具代表性的有：中國學者羅爾綱、胡珠生、蕭一山、戴魏光、朱琳、中國科學院歷史研究所研究員郝治清、羅莞以及國父孫中山等人。主張「乾隆說」的學者，則以大陸學者蔡少卿、秦寶琦、臺灣學者莊吉發為代表。另臺灣學者黃玉齋、中國史學專家陳江則主張天地會更早始於清初順治年間（1644 年）。<br>而天地會的創會問題，以往論者多將「反清復明」視為天地會創建的目的。但如從清官方的史料來看，大部分天地會立會目的，只是求「遇事相助」，未見將顛覆清帝國做為立會目標的資料，「說及貧困」、「異鄉勢孤」才是結社的原因。而這可能與天地會為了確立自身信仰，而試圖將小說情節擬真所形成的結果，如編造康熙皇帝火燒少林寺，僥倖逃出的五個僧人為了報仇而成立天地會（「反清」）；五位僧人逃亡中，遇到朱家後代，天地會與明朝朱家建立淵源（「復明」），結果使虛構的「反清復明」被認為是天地會成立的基本價值。<br><br>【改寫自：洪門青蓮堂，http://www.thehung.org/concise/about-the-hung1。潘榮飲，〈地下的秩序——論清代天地會的社會連帶〉，《中正歷史學刊》第 18 期（嘉義：國立中正大學歷史研究所，2015），頁 76～77】,teachers_book,明清,政治,"[天地會, 反清復明, 康熙, 乾隆, 遇事相助]",V.2/Ch.2/國家統治與社會結構,天地會的起源與創會問題,,,
624,天地會也稱作洪門會，是一個成立於清朝初年，以反清復明為宗旨的反政府團體。在清帝國境內，他們是非法的私密社團。想要加入這個私密社團，須經過一連串的儀式，方能成為黨員，這些黨員之間以兄弟相稱，互動以忠義為先，階序關係嚴明。在運作上，天地會有著自己的傳說、律法、暗號、儀式等，他們甚至還自行創造文字，運作體系非常完整，且是為反清復明而量身訂做。如洪門三十六誓的第一則，就是叫大家要做對的事，如「孝順天（父）地（母）」、「敬奉神明」，「同心合膽」消滅清朝「奪回明主江山」。發誓之後若不服從，將會被「五雷誅滅」；又如部分誓詞強調兄弟應該要有忠義之心、處事公平……等，不得貪婪、不得淫辱奸拐等。<br>同樣地，沒有遵守的話將會受到詛咒，例如：「死在萬刀之下」、「吐血而死」、「旱雷打死」、「死在路上而亡」。<br>綜上所述，反清是他們最主要的意識形態，而夾雜在這些反清符號中間的，則是一些傳統中國文化中的道德情操，如「忠」、「義」、「孝」等，利用這些價值主張凝聚、運作對外來夷人滿清之反抗；另一方面也將自己從帝國邊緣拉到主流的一方，提供反清的合理性（例如「順天」轉明、「順天」行道）。<br><br>【引用自：故事／白偉權，〈替天行道、反清復明：天地會的暗號與祕密〉，https://storystudio.tw/article/gushi/ming-loyalist-movements-in-sea-01/】,teachers_book,明清,文化,"[天地會, 洪門會, 反清復明, 暗號, 忠義]",V.2/Ch.2/國家統治與社會結構,天地會的暗號,,,
625,林爽文，生於清乾隆二十二年（1757 年），乾隆三十八年（1773 年）跟隨父親來臺，居住在今臺中大里杙一帶。隔年，遇見自漳州來臺的嚴煙正在籌組天地會，林爽文因同鄉的關係而加入。成立之初，共約五十餘人，林爽文被推舉為領袖。<br>乾隆五十一年（1786 年），官府因追查一件爭產案，查到該案部分人士已逃到大里杙，並受林爽文庇護，因此開始嚴加查辦天地會，並藉機索詐莊民，造成部分天地會眾不滿，決定起事。林爽文招集莊民抗官，各地依附者眾，眾人推舉林爽文為盟主，並建元「順天」。林爽文事件為清代臺灣規模最大的民變，戰事遍及全臺，直至乾隆五十三年（1788 年）才平定。<br><br>【改寫自：田金昌，〈清初民變與治臺政策關係——以林爽文事件為例〉，《史匯》第十期（桃園：國立中央大學歷史研究所，2006），頁 187～190】,teachers_book,清治臺灣,政治,"[林爽文, 天地會, 大里杙, 順天, 民變]",V.2/Ch.2/國家統治與社會結構,林爽文與天地會,,,
626,以二說最為人所熟知：<br>| | |<br>| :--- | :--- |<br>| **傳入時間** | 1. 西漢哀帝：大月氏王派使者口述《浮屠經》<br>2. 東漢明帝：永平十年（西元 67 年），派人至西域求佛法，後有攝摩騰與竺法蘭以白馬馱經像來華。佛教史上多以此為佛教傳入之年 |<br>| **東漢** | 末年因政治、社會動盪，佛教興起 |<br>| **魏晉** | 1. 前秦苻堅邀高僧道安到長安譯經，道安並命弟子四處傳教<br>2. 東晉時，道安弟子慧遠在廬山創立蓮社，為中國淨土宗之始<br>3. 後秦姚興聘鳩摩羅什為國師，並大量翻譯佛經，加速佛教在中國的傳布<br>4. 東晉高僧法顯在弘始二年（400 年）從長安出發到印度取經，歸國後著《佛國記》一書，記錄途中見聞 |<br>| **南北朝** | 1. 皇帝多談論佛法，如南朝梁武帝尊儒崇佛，並多次捨身出家<br>2. 達摩將禪宗帶入中國<br>3. 此時亦有毀佛的情形，如北魏太武帝、北周武帝等，破壞佛寺、令僧侶還俗 |<br>| **發展** | |<br>| **隋唐** | 1. 唐初，玄奘有感於各地佛法論說不一，遂前往天竺求法，回中國後，致力於譯經事業<br>2. 唐代前期，君主對佛教多屬寬容。但至唐武宗時，則因信奉道教而大肆毀佛，史稱「會昌法難」<br>3. 佛教已逐漸中國化，並傳播至越南、日本、朝鮮等地 |<br>| **宋元** | 1. 宋太祖為掌握民心，下令復興佛教，並恢復自唐德宗以來由國家主持的譯經事業<br>2. 北宋時期，佛教各派開始撰修自身的歷史，佛教史學逐漸發展<br>3. 元朝對宗教活動採取寬容的態度，皇帝雖多信奉佛教，亦未嚴禁其他宗教的傳布 |<br>| **明清** | 1. 明太祖深知宗教團體易成為叛亂的基礎，遂加強對佛教的控制<br>2. 清代大致沿用明代對佛教的管控制度 |<br><br>【改寫自：野村耀昌著，釋聖嚴譯，《中國佛教史概說》（臺北：臺灣商務，1998）。】,teachers_book,秦漢,文化,"[佛教, 道安, 鳩摩羅什, 玄奘, 會昌法難]",V.2/Ch.2/國家統治與社會結構,中國佛教發展概略,,,
627,| | |<br>| :--- | :--- |<br>| **早期認識** | 西漢中期，經營西域的中國貿易商已對佛教有所認識，或為信徒 |<br>| **早期傳入** | 西漢元壽元年（西元前 2 年），大月氏使者口授《浮屠經》 |<br>| **開展** | 2 世紀中葉，安息國太子安世高出家後，於東漢建和 2 年（148 年）抵達洛陽，二十餘年間傳譯三十多部原始佛教經典。《人本欲生經》以道安撰《人本欲生經註》現存於世<br>東漢桓帝晚年，大月氏人支婁迦讖來華，靈帝時期（西元 168～189 年間）積極從事傳譯，譯有《道行般若經》、《首楞嚴經》、《般舟三昧經》等大乘佛教經典 |<br>| **影響** | 《道行般若經》將印度興盛的般若思想正式傳譯至中國，引發中國知識分子，尤其是親近老莊思想的人對於佛教「空」思想的好奇與追求 |<br><br>【改寫自：沖本克己、菅野博史編，辛如意譯，《佛教的東傳與中國化：中國 I 南北朝》（臺北：法鼓文化，2016），頁 26～28】,teachers_book,秦漢,文化,"[佛教, 浮屠經, 安世高, 支婁迦讖, 般若思想]",V.2/Ch.2/國家統治與社會結構,佛教傳入中國,,,
628,| | |<br>| :--- | :--- |<br>| **「法」與「因緣」** | 佛教教義中，任何事、物、境界，任何有名稱、形體者，皆稱為「法」。因：「根本」之意；緣：「幫助」之意。萬事萬物（即任何「法」），若無「因」的存在、「緣」的助力，皆無以成。故萬事萬物皆起於因緣，此即「萬法從因緣起」之意涵 |<br>| **業** | 一切或善或惡的行為，都會留下看不見的力量，稱為「業」，細分為身業（身體行動）、語業（言語）、心業（思想）。善惡的依據由行為動機，即思想的本念為基準，善業招福，惡業招禍 |<br>| **苦** | 1. 概說：佛法以「生、老、病、死」四苦與「愛別離」、「怨憎會」、「所求不得」、「五蘊熾盛」另外四苦，一共八苦來說明人生的苦<br>2. 五蘊熾盛：苦的根源為對生存的執著，稱之為「五取蘊苦」<br>3. 人生雖有樂，但樂被奪去時也會產生苦，即「愛別離」、「怨憎會」、「所求不得」三苦<br>4. 自然現象的生老病死並非苦，而是對追求生存的人來說，無可避免的生老病死才是苦。也正因生老病死無可避免，是自我存在的根基，故生老病死又稱為「苦諦」（苦的真諦）<br>5. 苦的存在源於「渴愛」，是人的慾望的根源，為永不滿足的慾望。渴愛造成人的不滿，但也成為促使人生存下去的原動力。因渴愛產生的煩惱，汙染了心，即為苦的原因 |<br>| **輪迴** | 佛教的世界觀中，地下有地獄，地上則有欲界、色界與無色界三界。其中無色界為不具有形體、場所的精神世界。在以上世界裡反覆生死，稱為輪迴。唯有達到涅槃之境能脫離輪迴轉世 |<br>| **涅槃** | 1. 渴愛、煩惱完全滅除的狀態，又稱為「苦滅聖諦」（即「苦滅的真理」之意）。因心脫離渴愛的束縛，也稱為「慧解脫」<br>2. 首先是智慧先解脫，稱為「慧解脫」，而後是滅卻全部煩惱使心得到整體解脫，稱為「心解脫」，脫離渴愛的汙染<br>3. 「慧解脫」、「心解脫」後的心靈得以達到自由狀態，是為真的「樂」，故稱「寂滅為樂」<br>4. 涅槃譯作「滅」，故也有人將涅槃理解為「虛無」，亦有學者理解為心脫離煩惱的寂靜狀態，為「完全的平靜」<br>5. 「滅」是「渴愛之滅」，心脫離渴愛的束縛，正確的智慧方能顯現，故智慧的真理就是涅槃。換句話說，涅槃即理性的存在 |<br><br>【改寫自：黃智海，《新版佛法大意白話解釋》（臺北：笛藤，2008），頁 13。平川彰著，釋大田譯，《印度佛教史》（臺北：商周，2019），頁 68～71、201～205、214～222】,teachers_book,印度,文化,"[因緣, 業, 苦, 輪迴, 涅槃]",V.2/Ch.2/國家統治與社會結構,佛教原始教義與用語（採納大乘佛教為主）,,,
629,東晉慧遠著，以現報、生報、後報，闡發佛教的因果報應思想，用「生報」、「後報」說明今世的善惡作為，可能在來世或是幾世轉生的數百年後受報，今世的業「不是不報，時候未到」，調和中國傳統思想的命定論，受到中國社會認同與接受。<br><br>【改寫自：張培鋒著，《一本就通：佛教常識》（臺北：聯經，2012），頁 74】,teachers_book,魏晉南北朝,文化,"[慧遠, 三報論, 因果報應, 現報, 生報]",V.2/Ch.2/國家統治與社會結構,佛教教義中國化——《三報論》,,,
630,| | |<br>| :--- | :--- |<br>| **《提謂波利經》** | 北魏廢佛以後完成的偽經，以中國五常（仁義理智信）、五行（金木水火土）思想輔助，推行佛教的五戒、十善基本倫理，使得佛教廣為民眾接受 |<br>| **《像法決疑經》** | 推測於北魏末期至北周廢佛以前完成的偽經，批判佛教界的腐敗現象與社會大眾頹廢樣貌，砥礪佛教信徒正確的修行方式，並鼓勵救濟 |<br>| **《父母恩重經》** | 推測於唐初完成的偽經，融合中國孝子事蹟，鼓勵信徒履行孝道，報答親恩，重視中元節 |<br>| **《佛說天地八陽神咒經》** | 根據真實經典《八陽頌》改寫的偽經，強調人性至上主義，反映受《莊子》〈逍遙遊篇〉至人、神人思想影響，呈現中國理想生存方式。主張儒、釋、道出於同源，並肯定現世樣貌，推動中國三教調和論。此外結合佛教與民間習俗信仰，如鼓勵建宅、殯喪之際誦唸佛經 |<br><br>【改寫自：沖本克己、菅野博史編，辛如意譯，《佛教的東傳與中國化：中國 I 南北朝》（臺北：法鼓文化，2016），頁 42～46】,teachers_book,魏晉南北朝,文化,"[偽經, 提謂波利經, 父母恩重經, 五常, 三教調和]",V.2/Ch.2/國家統治與社會結構,偽經與佛教教義的中國化,,,
631,| | |<br>| :--- | :--- |<br>| **生平** | 西晉永嘉六年（西元 312 年）生於河北常山，12 歲出家，後遊學四方，在鄴都師從佛圖澄。佛圖澄圓寂後，輾轉至太行山、恆山潛修，聽聞而聚者眾，遂立佛塔。北方戰亂、飢荒頻繁，道安輾轉遷至襄陽一帶 |<br>| **註釋佛典撰寫經序** | 傾心鑽研《般若經》、《人本欲生經》等經典，比較不同翻譯版本，為經作註，並撰寫經序 |<br>| **考核偽經** | 考核經典內容，確認有無錯譯、漏譯、誤譯，確認經典真偽，整理佛經範本 |<br>| **貢獻** | 積極主持佛經翻譯，校正典籍，奠定國立翻譯場基礎。其奠定了重要的翻譯原則——「五失本、三不易」，指出翻譯應重視的要點<br>• 五失本（情非得已下，得以有限度脫離原文）<br>1. 胡語多倒裝，翻譯應配合中文文法順寫<br>2. 中文多強調修辭表現，胡經翻譯上需適度修飾<br>3. 胡經本典常反覆嘆詠，譯文則可將其省略<br>4. 胡經常於文中加入註解語句，譯文則刪除<br>5. 胡經常於段落尾端重新總結大意，譯文將其刪除<br>• 三不易<br>1. 經典需求真，不可肆意刪雅古而使文句適今時<br>2. 佛學思想聖微妙言，凡夫難以領悟，不應迎合末世凡俗<br>3. 佛教原典皆為眾阿羅漢嚴謹考核審訂，今人不可妄加取捨 |<br>| **創編經錄** | 系統性整理漢魏至晉傳入的眾多經典，整理譯經年代、傳經者，集成《綜理眾經目錄》 |<br><br>【改寫自：張培鋒著，《一本就通：佛教常識》（臺北：聯經，2012），頁 86。沖本克己、菅野博史編，辛如意譯，《佛教的東傳與中國化：中國 I 南北朝》（臺北：法鼓文化，2016），頁 134～136】,teachers_book,魏晉南北朝,文化,"[道安, 佛圖澄, 般若經, 五失本, 三不易]",V.2/Ch.2/國家統治與社會結構,道安,,,
632,道安以前，出家人多承襲師父之姓。外國來華的高僧，則多以其原籍地冠姓，如法護來自印度，則稱竺法護，世高來自安息，則稱安世高。道安則認為佛陀為天下僧人之師，故沙門應冠「釋」姓，此後追隨道安的僧徒皆以「釋」姓。後《增一阿含經》傳入中國，得知印度原先就規定不分種姓，出家一率以「釋」姓，成為佛教定則。<br><br>【改寫自：釋悟因著，〈道安典範—道安法師的啟示〉，《香光莊嚴》第 121 期（嘉義：香光莊嚴雜誌社，2015），頁 60～82】,teachers_book,魏晉南北朝,文化,"[道安, 釋姓, 沙門, 增一阿含經, 佛陀]",V.2/Ch.2/國家統治與社會結構,道安立「釋」姓,,,
633,道安訂定的規範共三條：<br>1. 大座講經儀式：包含行香、定座、上經、上講，透過固定流程使信徒虔誠聞法。<br>2. 常日六時行道、飲食、唱時：規範信徒的飲食、靜坐、誦經時間與流程。<br>3. 布薩、差使、悔過（公開懺悔）：規範信徒的禁忌行為，以及犯各種程度的過失時的懺悔規準。<br><br>【改寫自：釋悟因著，〈道安典範—道安法師的啟示〉，《香光莊嚴》第 121 期（嘉義：香光莊嚴雜誌社，2015），頁 60～82】,teachers_book,魏晉南北朝,文化,"[道安, 僧團, 戒律, 布薩, 悔過]",V.2/Ch.2/國家統治與社會結構,僧團戒律,,,
634,| | |<br>| :--- | :--- |<br>| **背景** | 早期翻譯的佛經品質不佳：譯者對於經典理解不深，翻譯經常不精確，甚至有矛盾之處，故吸引眾多信眾西行取得原典 |<br>| **生平** | 後趙建武三年（337 年）生於平陽，3 歲出家，成長於寺院。由於佛教經典、戒律殘缺不齊，東晉隆安三年（399 年）與道整、慧景等人從長安出發，前往天竺取經 |<br>| **取經** | 西行過程有些人中途轉往其他路線，或中途病死，成功抵達天竺者僅法顯與道整兩人，共歷時 6 年。天竺遊歷 6 年期間取得《摩訶僧祇律》、《方等般泥洹經》（即《大般涅槃經》）等諸多佛教典籍。由於道整不願離開天竺，只有法顯一人經海路，歷時 3 年後回國，並將經歷撰寫為《歷遊天竺記傳》（又名《法顯傳》、《佛國記》） |<br><br>【改寫自：張培鋒著，《一本就通：佛教常識》（臺北：聯經，2012），頁 80～81】,teachers_book,魏晉南北朝,文化,"[法顯, 取經, 天竺, 佛國記, 摩訶僧祇律]",V.2/Ch.2/國家統治與社會結構,法顯,,,
635,| | |<br>| :--- | :--- |<br>| **生平** | 隋仁壽二年（602 年）生於河南洛州，13 歲出家。主要學習《涅槃經》，唯大乘佛教、小乘佛教皆有《涅槃經》，各派對「涅槃」、「佛性」等重要佛教理論的解釋各有不同，糾纏不清。玄奘聽聞印度有很多新的佛教經典，但當時中國尚無人瞭解其內涵，遂興起西行念頭 |<br>| **取經** | 唐貞觀三年（629 年），長安爆發飢荒，朝廷允許百姓遷徙求生，玄奘趁機偷渡玉門關，沿絲綢之路輾轉抵達中印度摩揭陀國王舍城。該地為釋迦牟尼長期傳道說法之處，亦是佛教第二次集結的聖地，學習大乘瑜伽行派的經典《瑜伽師地論》等經典。貞觀十九年（645 年），玄奘攜帶大量梵文佛經與佛像返國，並撰寫其經歷為《大唐西域記》 |<br>| **譯經** | 唐太宗晚年崇尚佛教，派群臣迎接玄奘，並在洛陽城親自接見，而後為玄奘建置大規模譯場，協助玄奘翻譯佛經，多達 76 部、1347 卷，有名的如佛經中最大的一部《大般若經》（共六百卷）、中觀學派中號稱最小的一部《般若波羅蜜多心經》（共 260 字），《般若波羅蜜多心經》至今最流行的版本依舊是玄奘翻譯的版本 |<br>| **貢獻** | 1. 中國思想文化西傳：玄奘曾翻譯如《老子》等中國經典，並將其介紹至印度等國家，促進文化交流<br>2. 文化風俗紀錄：《大唐西域記》保留古代印度、西域、東南亞各地宗教情況、人文風俗，可以透過與法顯的紀錄比較各地歷史變遷<br>3. 創立宗派：玄奘兼取經、譯經、創立宗派於一身，與弟子開創「法相宗」（又名「唯識宗」），弘揚大乘瑜伽行派<br>4. 推進中國佛學：玄奘兼顧大乘佛教兩大思想流派（瑜伽行派、中觀學派）的經典，佛學上力求平衡而不偏頗，兼顧各家學說脈絡，力求完整介紹。以嚴格的學術眼光理解佛經，並試圖調和兩派的教義爭論，影響中國佛教思想<br>5. 新譯：玄奘不同於鳩摩羅什，翻譯上態度嚴謹，著筆審慎，力求精準，忠於原文卻不艱澀，讀起來不彆扭，故玄奘的譯本被稱為「新譯」，開創佛經翻譯的新階段（鳩摩羅什以前的譯本稱「古譯」，鳩摩羅什至玄奘期間的譯本稱「舊譯」，玄奘以後的譯本稱為「新譯」） |<br><br>【改寫自：張培鋒著，《一本就通：佛教常識》（臺北：聯經，2012），頁 79～83、88～89。沖本克己、菅野博史編，辛如意譯，《佛教的東傳與中國化：中國 I 南北朝》（臺北：法鼓文化，2016），頁 56～57】,teachers_book,隋唐,文化,"[玄奘, 取經, 大唐西域記, 譯經, 法相宗]",V.2/Ch.2/國家統治與社會結構,玄奘,,,
636,*   **生平**<br>    東晉咸和九年（334年）生於山西，13歲時修佛學，精通儒、道兩家思想與典籍；21歲遇見道安後拜師。精於利用中國典籍解釋佛學思想，對中國傳統思想套用佛學思想進行解釋（即「格義」）多所批判的道安，亦對慧遠的解釋感到認同。前秦苻堅攻陷襄陽，將道安擄至長安後，慧遠轉至廬山，未再踏出廬山<br>*   **貢獻**<br>    1.  承襲道安思想，傳授《般若經》，恪守道安制定的僧團戒律<br>    2.  推演三世因果論<br>    3.  撰寫〈沙門不敬王者論〉<br>    4.  廬山隱修期間，集結眾僧於禪修道場，在阿彌陀佛像前立誓念佛結社，形成白蓮社，亦成為淨土宗的基石<br><br>【改寫自：張培鋒著，《一本就通：佛教常識》（臺北：聯經，2012），頁142～143。沖本克己、菅野博史編，辛如意譯，《佛教的東傳與中國化：中國Ｉ南北朝》（臺北：法鼓文化，2016），頁130～144】,teachers_book,魏晉南北朝,文化,"[慧遠, 道安, 廬山, 白蓮社, 淨土宗]",V.2/Ch.2/國家統治與社會結構,慧遠,,,
637,東晉成帝時，朝臣主張「沙門應敬王者」（沙門為接受並遵照佛教戒律之出家人），此與印度「王者向沙門敬禮」習慣相反。慧遠撰寫〈沙門不敬王者論〉，提及「出家則是方外之賓，跡絕於物」，主張出家人應遠離塵世，超脫世俗秩序、國家律法。然而朝庭並未認可，直到中唐以後，出家人跪拜皇帝已成中國慣例，皇帝亦不必拜佛。<br><br>【改寫自：張培鋒著，《一本就通：佛教常識》（臺北：聯經，2012），頁74～76】,teachers_book,魏晉南北朝,政治,"[慧遠, 沙門不敬王者論, 沙門, 方外之賓, 皇權]",V.2/Ch.2/國家統治與社會結構,〈沙門不敬王者論〉,,,
638,根據印度佛教戒律，出家人專注於修行，生活依靠信眾佈施。東晉時期僧人「安置私宅、一切種植、斬伐草木，墾土掘地」皆為禁止行為，在《佛遺教經》中有明確規範「持淨戒者，不得販賣貿易、安置田宅、畜養人民奴婢畜生，……不得斬伐草木、墾土掘地」，以求不損害生命，如棲息於泥土中的蛙、蚯蚓等生物。<br><br>【改寫自：黃姵馨，〈百丈懷海農禪思想之研究〉（新北：華梵大學碩士學位論文，2015）。沖本克己、菅野博史編，辛如意譯，《佛教的東傳與中國化：中國Ｉ南北朝》（臺北：法鼓文化，2016），頁68～69】,teachers_book,魏晉南北朝,經濟,"[沙門, 不事生產, 戒律, 佈施, 佛遺教經]",V.2/Ch.2/國家統治與社會結構,沙門不事生產,,,
639,*   **生平**<br>    百丈懷海的生平說法紛紜，唯可知其師承馬祖道一。馬祖道一圓寂後，其於洪州（江西南昌）百丈山開創道場，不設置佛殿，只設立法堂，並訂定「普請之法」，普召僧眾從事勞動<br>*   **制定禪門清規**<br>    百丈懷海推行勞動之後，僧團留下《禪門規式》，規範內容如下：<br>    1.  設立長老制度<br>    2.  不設佛殿，只設法堂<br>    3.  大眾朝參夕聚，群體耕作勞動，集體修行<br>    4.  齋粥隨宜，法食並行<br>    5.  全山大眾作務勞動時，應與別人協調、溝通<br>    6.  設懲戒制度，嚴重者逐出僧團<br><br>【改寫自：沖本克己、菅野博史編，釋果鏡譯，《興盛開展的佛教》（臺北：法鼓文化，2016），頁67～69。黃姵馨，〈百丈懷海農禪思想之研究〉（新北：華梵大學碩士學位論文，2015）】,teachers_book,隋唐,文化,"[百丈懷海, 馬祖道一, 禪門規式, 普請之法, 長老制度]",V.2/Ch.2/國家統治與社會結構,百丈懷海,,,
640,中國禪宗始於初祖達摩（生於6世紀），採「惟服一衣一缽，一坐一食，以可常行」的游僧制。至道信（580～651，佛教禪宗四祖之一）時期，聚眾定居山林，以搬水運柴為修行方式，強調「坐作並重」，坐禪的將農作融入修行，開始生產自給。至唐中葉安史之亂後，佛教衰落，佛僧亦被納入兩稅法的規範中，百丈懷海創立百丈山僧團，訂定叢林清規（僧眾的生活準則），實為將禪直接轉為日常生活，在日常中體悟禪。<br><br>【改寫自：黃姵馨，〈百丈懷海農禪思想之研究〉（新北：華梵大學碩士學位論文，2015）】,teachers_book,隋唐,社會,"[叢林制度, 禪宗, 達摩, 坐作並重, 百丈懷海]",V.2/Ch.2/國家統治與社會結構,叢林制度,,,
641,*   **背景**<br>    南齊中興二年（502年），蕭衍受禪讓登基，改國號為梁，是為梁武帝。梁武帝推崇佛教，佛教大興，僧尼數量倍增<br>*   **捨道入佛**<br>    梁武帝少時崇信道術，天監三年（504年）皈依佛門，與當時佛教高僧交往甚密<br>*   **政策**<br>    1.  天監十年（511年）自撰〈斷酒肉文〉，投入佛門戒律<br>    2.  天監十二年（513年）規範朝廷衣物禁止繡上仙人、鳥獸錦紋，免除天地宗廟祭禮時使用牲品，避免殺生，並以蔬食宴請諸國使者<br>    3.  天監十六年（517年）廢天下道觀，迫使道士還俗<br>*   **重視佛教**<br>    梁武帝多次巡行同泰寺等寺廟，甚至「捨身」降為奴，耗費鉅資贖罪，以充實佛教寺院資金。此外，實施不分男女、貴賤、道俗的布施法會，被稱為皇帝菩薩。但因耽溺佛教導致國庫虛空、國家衰退，被批判為「溺於釋教，弛於刑典」<br><br>【改寫自：沖本克己、菅野博史編，辛如意譯，《佛教的東傳與中國化：中國Ｉ南北朝》（臺北：法鼓文化，2016），頁199～200、335～336】,teachers_book,魏晉南北朝,政治,"[梁武帝, 捨道入佛, 斷酒肉文, 皇帝菩薩, 同泰寺]",V.2/Ch.2/國家統治與社會結構,梁武帝與佛教,,,
642,*   **北魏太武帝**<br>    *   **背景**<br>        漢人宰相崔浩信奉新天師道，欲打擊佛教勢力，向皇帝進言廢佛<br>    *   **內容**<br>        1.  北魏武帝在崔浩的鼓吹下，對佛教採取排斥的政策；又為了向北京進攻，而徵沙門充軍時，官僚、地主之間卻以佛、道信仰割分兩派<br>        2.  太平真君七年（446年）下令廢佛之詔，以「佛教亂了人倫五常，鬼道猖獗、藐視王法，前朝歷代戰亂、民生困頓皆因皇帝崇佛」等理由，敕言「一切蕩除胡神，滅其蹤跡，……敢有事胡神及造形像泥人、銅人者，門誅。」佛像、佛畫、佛典盡數破壞焚毀，沙門不問年齡一律坑殺<br>    *   **結束**<br>        1.  太平真君十一年（450年），太武帝誅殺崔浩一門，後悔厲行廢佛<br>        2.  興安元年（452年）文成帝即位，發布復佛之詔，獎勵建寺出家，而後命人開鑿雲岡石窟，佛教復興<br>*   **北周武帝**<br>    *   **背景**<br>        1.  還俗僧改宗道教的衛元嵩於天和二年（567年）上書武帝，述及堯舜，對比前朝南齊、南梁崇信佛法、蓋佛塔，導致生民塗炭，主張廢佛，意圖肅清佛教教團<br>        2.  天和、建德年間，武帝多次召集道士、沙門、儒生，開啟一連串儒、釋、道的討論<br>        3.  建德二年（573年），武帝定三教順序為「儒教為先，道教為次，佛教為後」，隔年更下令廢佛、道二教<br>    *   **內容**<br>        毀壞一切典籍、佛像，罷除沙門，令其全數還俗，禁止各地寺廟<br>    *   **結束**<br>        宣政元年（578年）武帝崩殂，宣帝即位，在過去的佛僧積極奔走遊說下，下詔復佛<br>*   **唐武宗**<br>    *   **背景**<br>        武宗自幼厭佛喜道，會昌元年（841年）即位後，敕令佛寺、道觀開授俗講，而後召佛僧、道士至宮中論議，僅賜兩道士紫衣。道士趙歸真、劉玄靜受詔入宮，開始策劃排佛行動<br>    *   **內容**<br>        1.  會昌三年（843年）下詔廢除國內摩尼教寺院，處決70名摩尼教信徒，此外嚴格取締佛教<br>        2.  會昌五年（845年）發布敕詔，逼迫僧尼還俗，強制送返本籍地。拆毀寺院、金銀佛像充公、鐵像與銅像改鑄農器、銅鐘、銅錢。武宗甚至曾有意將僧尼聚集斬首以填補坑洞，受大臣勸諫打消念頭<br>    *   **結束**<br>        會昌六年（846年）武宗崩殂，宣宗即位後立刻下詔復佛，處死趙歸真等12位道士<br><br>【改寫自：沖本克己、菅野博史編，辛如意譯，《佛教的東傳與中國化：中國Ｉ南北朝》（臺北：法鼓文化，2016），頁189～192、201～209、223～227】,teachers_book,魏晉南北朝,政治,"[三武之禍, 北魏太武帝, 北周武帝, 唐武宗, 廢佛]",V.2/Ch.2/國家統治與社會結構,三武之禍,,,
643,*   **興起**<br>    北魏時期盛行於華北地區<br>*   **組成**<br>    僧尼、世俗信徒、管理人員，以信徒為主，約十至千人，多者高達一萬人<br>*   **目的**<br>    共同造像、寫經、祈福、佛法修行等<br>*   **特質**<br>    1.  沒有血緣關係，基於信仰組成，聘請僧人指導，稱「邑師」，成員稱「邑子」<br>    2.  從事社會救濟事業，參與造橋、修路等公共建設，聲名遠播者或被立碑、石柱表彰<br>    3.  女性亦可參與，且紀錄顯示女性在義邑中表現活躍<br><br>【改寫自：劉淑芬，〈五至六世紀華北鄉村的佛教信仰〉，《中央研究院歷史語言研究所集刊》第63卷第3期（臺北：中央研究院歷史語言研究所，1993），頁497～544】,teachers_book,魏晉南北朝,社會,"[邑義, 北魏, 造像, 邑師, 邑子]",V.2/Ch.2/國家統治與社會結構,邑義,,,
644,*   **背景**<br>    唐初下詔強調社祭，令民間普遍結社<br>*   **性質**<br>    民間私社主要有宗教類、經濟生活互助類兩種類型，其中有特定明確性質的社邑，會有個別精確的名稱，如女人社、官品社、坊巷社、牛社等<br>*   **功能**<br>    *   **經濟互助**<br>        1.  社邑內的人們，透過自發性的捐納，達到互助的功用<br>        2.  主要體現於婚嫁、喪葬方面<br>    *   **感情聯繫**<br>        許多殘破的家庭，需要其他人提供情感上的協助<br>    *   **宗教**<br>        社邑內的人們需要承擔供奉佛像、舉辦宗教盛宴等相關事宜<br><br>【改寫自：趙大旺，〈唐宋時期敦煌社邑的經濟互助：以借貸為中心〉，《敦煌寫本研究年報》（京都：京都大學人文科學研究所中國中世寫本研究班，2019），頁51～64。寧可，〈述「社邑」〉，《北京師範學院學報（社會科學版）》第1期（北京：首都師範大學，1985），頁12～24。劉永華，〈唐中後期敦煌的家庭變遷及社邑〉，《敦煌研究》第3期（蘭州：敦煌研究院，1991），頁85～87】,teachers_book,隋唐,社會,"[社邑, 結社, 經濟互助, 感情聯繫, 宗教]",V.2/Ch.2/國家統治與社會結構,唐代社邑,,,
645,*   **時間**<br>    現存紀錄最早起於北朝東魏時期（538年），止於宋初（991年）<br>*   **發展**<br>    由女性組成的佛教性質社團。北齊推崇佛教，故女人社逐漸興盛，規模大致為20至70人。唐代因推廣結社，女人社發展最為蓬勃<br>*   **特質**<br>    初期為宗教性質社團，唐至五代時期宗教性質逐漸減弱，轉為社會互助、社會救濟型組織<br><br>【改寫自：寧可、郝春文，〈北朝至隋唐五代間的女人結社〉，《北京師範學院學報（社會科學版）》第5期（北京：首都師範大學，1995），頁16～19】,teachers_book,魏晉南北朝,社會,"[女人社, 佛教, 結社, 社會互助, 社會救濟]",V.2/Ch.2/國家統治與社會結構,女人社,,,
646,在唐代，寺院僧尼的經濟的活動，除了日常布施之外，寺院和貴族富豪同樣經營碾磑、邸店、店鋪、車房等事業，收取一定比例的田租，或一定數量的田租；或者經營高利放債，如「印子錢」式的「月納錢」、「月抽錢」，這類與政府法令抵觸的貸借契約。於是寺院經濟的收入方面，彌補許多消費的生產事業。<br>此外，僧尼以不殺生戒為生活第一信條，因此不服兵役。不生產者的僧尼增加，就是男丁的減少，租庸數的減少，流入僧尼的生活費，成為國家經濟上的一大問題。也有許多富家弟子和百姓，為了避稅避役而紛紛出家。<br>對政府而言，寺院多一分人力與富力，政府便少一分稅田稅戶或稅丁。因此自東漢末年以來，政府對寺院的爭執，隨教會發達而演進。唐代政府對寺院財與僧尼的限制或禁令，是歷朝都有的。第一種方法是政府對於寺院的設立，取特許主義；第二種方法是限制寺院常住田的數量；第三種方法是檢括僧尼。<br>寺產與僧尼的檢括運動，發展到武宗會昌滅佛，是一貫的趨勢。會昌滅佛不是突然發生，而是經由歷朝漸進的限制與禁令後，才發展為急進的運動。在佛活動與長期檢括運動之下。宗教已漸次低頭於王權之下，由對抗國家的宗教，改變為國家管理宗教了。<br><br>【改寫自：陶希聖，〈唐代寺院經濟概說〉，《現代佛教學術叢刊》第9冊（臺北：大乘文化基金會，1980），頁41～52。道端良秀著，李孝本譯，〈唐代佛教寺院與經濟問題〉，《現代佛教學術叢刊》第9冊（臺北：大乘文化基金會，1980），頁53～105】,teachers_book,隋唐,經濟,"[寺院經濟, 碾磑, 邸店, 印子錢, 檢括僧尼]",V.2/Ch.2/國家統治與社會結構,寺院經濟,,,
647,**發展**<br>三國兩晉時期，道教雖未停止發展，但在總體上是受抑制的；直至西晉末，特別是東晉以後，道教在社會各個階層，特別是上層門閥士族中迅速擴展，走向成熟的官方宗教<br><br>**原因**<br>1. 五斗米道常見於朝廷內神仙方士的活動，道教因此滲入了上流社會，一些道士也參加上層政治活動，或走進權貴之門<br>2. 東晉政治動盪、戰亂頻繁，上層統治階級在激烈的內鬨和互相廝殺中，常常朝不保夕，死於非命；深感難以把握人生的禍福，轉而在生活中關注道教、道經，尋求心靈寄託<br>3. 道教融入一些迎合門閥士族需要的神異內容，包括注重道教服餌養生，志山樂水的仙術，或一些治病廣嗣的方術<br><br>**影響**<br>1. 東晉時期，士族直接參與、甚至主導了道教經典的撰寫和傳抄，是早期道教經典產生、發展的一個重要階段<br>2. 東晉士族人士，束書（正書）不觀，遊談無根（沒有根據信口亂說），生活作風日趨腐敗；而神仙方術的流行，更加助長了此風<br>3. 人們普遍存在對生死離別的憂患，對長保享樂生活的夢想，對精神超脫的追求<br>4. 道教透過與士族知識分子的互動，與儒、釋兩家的互動，實現了重大的繼承、整合與轉型、昇華，與儒、釋共同躋身於正統官方宗教的行列<br><br>【改寫自：李剛、湯偉俠，《整合・轉型・昇華：道教史論集之一》（成都：四川大學，2016）。劉志，〈楊義寫經考——兼論東晉士族與道教寫經〉，《世界宗教研究》第3期（北京：中國社會科學院世界宗教研究所，2019），頁63、75】,teachers_book,魏晉南北朝,文化,"[道教, 神仙道教, 門閥士族, 五斗米道, 服餌養生]",V.2/Ch.2/國家統治與社會結構,道教的盛行與上層士族的「神仙道教」,,,
648,**生平**<br>東晉道教人士、煉丹家、醫藥學家。少時讀儒家經典、經史百家之言，尤其喜愛「神仙導養之法」的典籍。拜鄭隱為師，後來跟隨左慈學習煉丹，學習道術有成。著有《抱朴子》、《肘後方》等<br><br>**貢獻**<br>*   **總結神仙思想——《抱朴子》**<br>    1. 外篇談論「人間得失，世事臧否」，屬儒家範疇，顯示葛洪對於人世間的政治變化、治理人民方法等見解，引儒入道<br>    2. 內篇談論「神仙方藥，鬼怪變化，養生延年，禳邪卻禍之事」，屬於道家範疇，特別是道教的成仙理論、趨吉避凶、長生之道，金丹大藥等領域。書中詳載煉丹方法，集當時煉丹術之大成，也為道教理論建構富有知識水準的理論體系<br>*   **急救手冊——《肘後方》**<br>    記錄許多日常病症，包括內科急症、寄生蟲病，以及傳染病如天花、恙蟲病症候。並根據其自身經驗結合民間方劑而成的診治方式，是中國第一部臨床急救手冊，也是研究中國醫藥學史的珍貴醫學文獻<br><br>【改寫自：宗教知識家，https://religion.moi.gov.tw/Knowledge/Content?ci=2&cid=311】,teachers_book,魏晉南北朝,文化,"[葛洪, 抱朴子, 肘後方, 煉丹, 神仙思想]",V.2/Ch.2/國家統治與社會結構,「神仙道士」葛洪,,,
649,**生平**<br>南朝劉宋時著名天師道道士，小時候學習儒學，長大後入山修道，並遊歷名山，收集道書。宋明帝敦請陸修靜到京城，建「崇虛館」讓其安住，又另外設置「通仙臺」，朝野官員和修真人士紛紛登門拜訪，道教興盛一時。自稱「三洞弟子」<br><br>**貢獻**<br>*   **彙整經群**<br>    撰有《三洞經書目錄》，彙整南朝初期江南流行的道經群。這是道教史上第一部道藏目錄學著作<br>*   **建立科儀範本**<br>    主張「齋直是求道之本」，創設道教的齋醮科儀。他依據《靈寶經》中所記載的科儀，建立傳授符籙的儀規範本，讓後世可為依循<br>*   **整頓天師道**<br>    撰寫《陸先生道門科略》作為革新天師道的措施。他反對當時淫祀之風，主張維護天師正教，遵守清約。禁止道官自行署職，要依功受籙，恢復天師道按級晉升的制度。經他清整後的天師道，後世稱為南天師道<br><br>【改寫自：張澤洪，〈論道教齋醮科儀的科教三師〉，《步罡踏斗：道教祭禮儀典》（成都：四川人民，1994）】,teachers_book,魏晉南北朝,文化,"[陸修靜, 天師道, 三洞經書目錄, 齋醮科儀, 南天師道]",V.2/Ch.2/國家統治與社會結構,「儒生道士」陸修靜,,,
650,**生平**<br>南朝著名道教徒，精通道教學術、醫藥、天文、曆算等，融會貫通儒釋道三派，並創立「茅山宗」。南朝梁武帝時常派人與之商談國事，故有「山中宰相」之稱<br><br>**貢獻**<br>*   **《真靈位業圖》**<br>    對早期道教的神仙學說做了總結及改造，仿效世俗的官僚等級制度、融合儒家思想，為道教建立一套神仙世界的譜系，並提出融合儒釋道三教的教義<br>*   **醫學**<br>    整理葛洪的《肘後方》為《補闕肘後百一方》，確立了煉丹的理論，並深化了道教的理論系統。此外提出新的本草分類法，將當時所有的本草著作加以整理，並加上個人的心得體會，著成《本草經集注》是中國本草學發展史上貢獻最大的早期人物之一<br><br>【改寫自：田啟文，〈論陶弘景《真靈位業圖》的儒學思想〉《興大中文研究生論文集》2（臺中：中興大學，1997），頁2～8】,teachers_book,魏晉南北朝,文化,"[陶弘景, 茅山宗, 山中宰相, 真靈位業圖, 本草經集注]",V.2/Ch.2/國家統治與社會結構,「政治道士」陶弘景,,,
651,**定義**<br>道教的祭祀儀式習稱為齋醮，有關齋醮的一系列法事內容稱為科儀<br><br>**背景**<br>道教成立初期，已經有簡略的宗教儀式，如太平道教區內，建有祠、茅室、方壇；五斗米道祭祀三官的方式簡單，也方便於一般平民使用<br><br>**編撰——陸修靜**<br>1. 整理齋醮理論實踐的科儀經書，為道教科儀經書編撰創立了範式<br>2. 主張修道應當用禮拜、誦經、思神三種方法，以洗心潔行，心行精至，達於至道<br>3. 規定道士需具有「道巾、單衣、被、履、手板」等工具<br><br>**整理——張萬福**<br>1. 唐中宗、睿宗、玄宗時期的著名道士<br>2. 整理齋醮科儀，主要為經戒法錄、法服科戒、齋醮儀式。其認為「醮」是薦誠於天地，其服於冥靈，故需誠心誠意，建醮設壇，器物供品皆須講究<br><br>**修訂——杜光庭**<br>1. 唐末五代著名道教學者，是齋醮科儀的集大成者<br>2. 修訂齋醮科儀理論，為唐代以後的齋醮活動的範本，影響深遠<br><br>【改寫自：張澤洪，〈論道教齋醮科儀的科教三師〉，《步罡踏斗：道教祭禮儀典》（成都：四川人民，1994）】,teachers_book,魏晉南北朝,文化,"[道教, 科儀, 齋醮, 陸修靜, 杜光庭]",V.2/Ch.2/國家統治與社會結構,奠定道教科儀的關鍵人物,,,
652,**時間**<br>漢靈帝中平元年（184年）<br><br>**主導**<br>太平道教主張角<br><br>**背景**<br>1. 外戚、宦官爭奪權力，朝政敗壞<br>2. 連年天氣異常寒冷，導致飢荒，農村經濟敗壞<br><br>**崛起**<br>1. 許多農民為尋求宗教慰藉，加入太平道<br>2. 以符咒等形式為人治病，並藉此傳道<br>3. 信徒遍及全國2/3的行政區，人數達數十萬<br><br>**過程**<br>1. 184年，張角與信眾以「蒼天已死，黃天當立，歲在甲子，天下大吉」為口號起事，旋即於各地發起叛亂<br>2. 靈帝以何進為大將軍，自各地調派軍隊、大赦因黨錮之禍入獄的官員，並讓重臣與宗室至各地，藉此團結朝廷勢力，對抗黃巾之亂<br>3. 黃巾軍勢力遍及中國華中、華北，並一度逼近首都洛陽。最後，因曹操等人的反攻，張角病逝後黃巾軍喪失戰鬥意志，向漢投降<br><br>**影響**<br>地方勢力逐漸崛起，造成日後三國時代群雄割據的情形<br><br>【改寫自：原遙平著、張嘉苓譯，《圖解三國志》（臺北：易博士，2018），頁38～39】,teachers_book,秦漢,政治,"[黃巾之亂, 太平道, 張角, 蒼天已死, 黨錮之禍]",V.2/Ch.2/國家統治與社會結構,黃巾之亂,,,
653,**生平**<br>北朝時著名道士，出身北方士族，自稱太上老君授予「天師」之位。因宰相崔浩的推薦而受到北魏太武帝重用<br><br>**貢獻**<br>1. 站在統治者的立場看待天師道，破除當時北天師道的一些舊制，如：三張偽法（政教合一的組織形式，不利中央統治）、租米錢稅（稅收利益衝突）、男女合氣之術（破壞倫常、敗壞風俗）<br>2. 增訂戒律、提倡禮教：參考佛教的儀式，為道教增訂了一套較繁雜完備的齋醮儀範，包括奉道受戒的儀式、在齋儀上奏樂等。儀式的明確規定，嚴格規範了道教徒的宗教生活：在每種教儀規定的後面，有加上一句「明慎奉行如律令」，要求道民嚴格遵守<br>3. 寇謙之改革成功，北魏皇帝成了道教徒，道教也成了國教，北天師道發展至最極盛<br><br>**反對滅佛**<br>面對北魏太武帝滅佛之舉，寇謙之並不贊成對佛教採取極端壓制的政策，他主張兼容儒、佛二教。寇謙之想使道教成為國教，同時也依儒家的名教治理天下；他對天師道舊制的革除，正說明他要維護名教，也吸收儒家禮法充實道教；其著作《老君音誦誡經》，也顯見其明顯地受到佛教觀念的影響<br><br>【改寫自：莊宏誼，〈立志為帝王師——寇謙之的宗教理想與實踐〉，《輔仁宗教研究》第21期（新北：輔仁大學法學院宗教學系，2010），頁32～46】,teachers_book,魏晉南北朝,文化,"[寇謙之, 天師道, 北魏太武帝, 崔浩, 國教]",V.2/Ch.2/國家統治與社會結構,寇謙之,,,
654,**發展**<br>1. 唐初政權之爭，太子李建成得到佛教徒法琳的擁護，而李世民得到道教徒王遠知的支持，李世民發動玄武門之變奪取政權後，繼續扶植道教<br>2. 唐朝皇室出身鮮卑軍戶，並非名門望族。面對魏晉以來盛行的門閥士族，為了抬高其門第，爭取上層貴族的支持，便尊奉老子為唐皇室的祖先，宣稱自己是神仙後裔，借此製造「君權神授」的輿論<br>3. 玄宗朝，除了不斷給老子追加尊號，繪製老子像傳頌全國，更在全國廣建老子廟。此外，將《老子》一書尊為《道德真經》，在崇玄學中教授《莊子》、《亢倉子》、《文子》、《列子》合稱四子真經<br><br>**影響**<br>1. 道教被列為三教之首，社會地位顯著提高，人數不斷增長，宮觀遍布全國。道教的經典圖書也日益增多，並彙編成《道藏》<br>2. 道教的齋醮法事可以為統治者祈福禳災，禱告天下太平；道教的煉丹和養生方術，可以滿足帝王貴族追求長生不死的願望；道家清靜寡欲，與世無爭的思想，可以為某些官場失意的官僚文人提供精神安慰和寄託<br>3. 在科舉考試中增設「道舉」作為國家科舉考試的正式科目，列於《論語》等儒家經典之前，對策時增加《老子》策，每年按明經科例列為保舉<br><br>**意義——政權正統依據**<br>唐朝立國後，在當時崇尚門第的社會觀念中，道教的政統有助於提高唐宗室的門第和地位。事實上政府統制的理念仍以儒學為主體，佛、道為輔助，道教由於是產生於本土的意識型態，所以道教與儒學有著長期的互補關係，特別是在由儒學把持的官學和科舉中，道家經傳被列為官定教材和科舉考試的必讀之書，這使得道教可以理論學術化，同時也強化了統治地位的儒學，因此儒道雙方在思想上更趨於一致性，中唐以後儒、釋、道三教合流更成為一股強烈趨勢<br><br>【改寫自：湯承翰，〈道教思想對唐代政治的影響〉，《國立中央大學客家學院》第128期（中壢：國立中央大學客家學院，2013）】,teachers_book,隋唐,政治,"[道教, 國教, 李世民, 老子, 道舉]",V.2/Ch.2/國家統治與社會結構,唐代以道教為國教,,,
655,道教與中國傳統醫學關係十分密切，醫療活動在早期道教的形成與傳播過程中扮演了重要的角色，道教對長生不死的探求也推動了中醫的發展，因此民間素有「十道九醫」的說法，杏林中人也聲言：「醫道通仙道」。<br>道教醫學作為一門宗教醫學，重視並廣泛運用傳統中醫學的藥物、針灸療法，將符咒治病術與藥物療法相結合。在理論方面，中醫的天人合一觀、陰陽五行說，及其對人體經絡、氣血、臟腑的見解，基本上都為道教所承襲、發揮，作為煉養中關於人體生命的基本理論。<br><br>**本草**<br>中國最早的本草專著《神農本草經》是一部受到神仙思想影響的藥物學著作，吸收了神仙方術內容，並對先秦、秦漢時期本草藥物成就，臨床用藥實踐的系統總結<br><br>**方劑**<br>煉丹術使用大量金石、非金石藥物，與傳統中醫藥學呈交融、統攝、互補關係。歷代本草專著的創作亦受到煉丹術士的啟發，在藥物炮製以及藥方中大量使用丹藥、丹方<br><br>**針灸**<br>針灸是最古老的中醫療法之一，秦漢時期就出現了包括《黃帝內經》在內的涉及針灸及經絡的醫學著作<br><br>**儀式**<br>針對病人病情不能為常規湯藥、針灸治癒的情況下，所採取的一種補充救療措施，配合以符水、禁咒、祝由（咒術）、齋醮禮儀等手段，屬於心理療法範疇。丹道煉養從生命形、氣、神的最高層面「神」直接切人，以「自然」、「無為」為要旨，對人的心理進行整體調適，力求使人的身心狀態復歸到自然的動態平衡狀態，合於「道」境界<br><br>【改寫自：〈道教醫學的未來展望！〉，https://zi.media/@yidianzixun/post/L8Z2hL。〈道教醫學養生思想的現代價值略論〉，https://www.eswtchina.com/big5/yangsheng_335329】,teachers_book,魏晉南北朝,文化,"[道教醫學, 本草, 煉丹術, 針灸, 符咒]",V.2/Ch.2/國家統治與社會結構,道教醫術,,,
656,**道教內容**<br>1. 功過格最初是道士自記個人善惡功過的簿冊，內容上融合了道教積善、儒教倫理思想，以及佛教的因果報應<br>2. 功過格書中分列各項功格（善行）和過格（惡行），須每日記錄個人行為的功與過，逐項以正負數字標示，功過相抵，每月每年檢視其分數。若多做錯事，過多於功，下年便要銷過<br><br>**民間秩序**<br>1. 明末清初商品經濟發展，對傳統社會結構造成衝擊及挑戰。善書的盛行，實是藉此以抗衡當地奢淫的社會風氣<br>2. 晚明以來，鄉紳等社會領導層便以『功過格』一類善書做為為人處事的行動指南，並提倡道德實踐，主張社會救濟<br>3. 「功過格」頗能反映出因果報應、道德教化、神明獎懲善惡等民間信仰色彩，可看出中國人注重道德內省、積善銷惡以累積功德的信念<br><br>【改寫自：游子安，《善書與中國宗教：游子安自選集》（臺北：博揚文化，2012年）】,teachers_book,明清,社會,"[功過格, 善書, 因果報應, 道德教化, 鄉紳]",V.2/Ch.2/國家統治與社會結構,功過格與民間社會秩序,,,
657,中國社會存在各式各樣的宗教與信仰，除了官方認可的佛、道等正統宗教外，還有為數不少的教門與信仰在民間流行、蔓延，這些教門、信仰可統稱為「民間宗教」。民間宗教具有強大聯繫和組織群眾的作用，朝廷擔心人民在地方社會中發展組織，因而禁止人民結社；同時，民間宗教往往利用迷信崇拜，更注重組織形式，以改變自身社會地位和變更現實社會為目的，通常帶有反正統、反社會、反現實的特質，被歷代統治者稱為「異端」、「左道」、「邪教」等。這些教派一旦成為「邪教」，便成為朝廷日常鎮壓的對象，遭遇鎮壓的民間教派無法正常活動，就會轉入地下，成為秘密宗教。<br>以白蓮教為例，宋元時期，社會上有所謂「白蓮傳統」，但沒有形成一個白蓮教的組織。「白蓮教」是一個標籤，凡是帶有白蓮淨土信仰色彩（後來由彌陀信仰擴大至彌勒信仰）的、神秘的民間教派，明清朝廷都給他們貼上一個「白蓮教」或「邪教」的標籤，以至於後來在人們心目中，白蓮教就是邪教、祕密教門的代稱。<br><br>【改寫自：田海著，劉平譯，《中國歷史上的白蓮教》（北京：商務印書館，2017）。劉平，《中國祕密宗教史研究》（北京：北京大學出版社，2010）。王偉、邵雍，〈探悉清代中後期荊楚文化對湖北民間信仰宗教傳播的影響〉，《近代會黨與民間信仰研究》（臺北：秀威資訊，2011），243】,teachers_book,明清,社會,"[民間宗教, 祕密宗教, 邪教, 白蓮教, 彌勒信仰]",V.2/Ch.2/國家統治與社會結構,祕密宗教的形成,,,
658,自古以來，中國對於一些邊緣化、私密化的集體行動有所忌憚，官方、民間皆認為，會在暗夜進行的集會，多出自於狂熱、離經叛道、叛亂等負面動機，這與自古以來「日出而作、日落而息」的傳統思想有關。<br>而在所有晝夜顛倒的生活現象中，具宗教信仰的夜間集會，最不被官方所接受，根據唐天成二年（927年）的敕令，官方認為這些集會違反善良風俗，並可能會有更進一步的社會、政治企圖，故要求地方政府嚴加查緝，如抓到相關之人，必以重仗處死；宋代，這類規定愈來愈多，如《宋史》卷一九九〈刑法一〉便明定條文，夜聚曉散並傳播邪教者，一律嚴懲；北宋天聖五年（1027年）更有地方官認為，這些夜間以宗教名義進行聚會之眾，經常散播謠言，造成動亂之慮，故屢屢出現上奏禁止夜聚曉散的宗教集會，但仍難以禁止類似情形的發生。因此「傳習妖教、夜聚曉散」成為兩宋時期官員向朝廷最常反映的社會問題之一，「夜聚曉散」成為官方指控異端宗教的主要罪名，至元、明、清，依然如此。<br><br>【改寫自：葛兆光，〈嚴昏曉之節——古代中國對於白天與夜晚的思想史分析〉，《臺大歷史學報》第32期（臺北：國立臺灣大學，2003），頁43～49】,teachers_book,隋唐,政治,"[夜聚曉散, 宗教活動, 妖教, 異端, 善良風俗]",V.2/Ch.2/國家統治與社會結構,古代中國對於「夜聚曉散」宗教活動的忌憚與反制,,,
659,**白蓮教的發展**<br>1. 南宋高宗時，吳郡沙門茅子元，自稱白蓮導師，組織了一個融合佛教天臺宗的識法和淨土宗的彌陀念佛等信仰的淨業團體。他們謹戒殺生，嚴避葷酒，茹素念佛，男女一起集會，懺悔修行，號白蓮菜<br>2. 白蓮宗在潛伏傳教的過程中，與摩尼教相互影響吸取，又和當時流行於北方的彌勒教相結合，逐漸發展成為一個新的民間秘密宗教教派，即白蓮教<br><br>**官方的取締**<br>1. 元初（至元十八年，1281年）白蓮宗教徒在江西發動起義。到了元成宗年間，白蓮教成為合法的享有特權的宗教，一時聲勢煊赫；武宗年間一度被禁，到了仁宗年間又被恢復<br>2. 明朝儘管防範白蓮教，但並沒有將其視為叛逆組織。直到清朝才開始嚴厲取締白蓮教。明清兩代官方對祕密宗教的取締措施，主要為立法嚴禁民間宗教活動，如明初制定《大明律・禮律》，規定「若有夜聚曉散、煽惑人民暴亂者，為首者要處以絞刑」，白蓮教自此走入地下。又如清初制定《大清律·禮律·祭祀》，以刑事立法來對付，並且加以嚴刑峻法處置，嚴厲鎮壓。但是到了道光時期，由於內憂外患的劇烈變化，即使用嚴刑鎮壓也解救不了危局，反而加劇了社會危機<br><br>【改寫自：董霄漢，〈邪教問題研究：明清民間宗教的基本特點及政府的處置措施〉，https://reurl.cc/L7ZpkL。喻松青，〈明清時期的民間祕密宗教〉，https://reurl.cc/oxqejq】,teachers_book,宋元,政治,"[白蓮教, 茅子元, 彌勒教, 摩尼教, 大明律]",V.2/Ch.2/國家統治與社會結構,白蓮教的發展及官方的取締,,,
660,彌勒教為崇奉彌勒佛之在家宗教團體，自隋唐之後，野心分子屢藉名彌勒轉世，圖謀造反，其主要依據的是彌勒教重要經典《三佛應劫總觀通書》所提出一項世勢演化道理：「以天機氣運掌於天盤，分別有三個世代劫運………來世有一天盤，為下元黃天，九葉金蓮，彌勒佛掌佛」，亦即將來會有彌勒佛轉世，掌治天地世運；雖然不知何時會到，但必然到來。依照此理論推衍，便產生彌勒佛轉世一說，而彌勒佛則象徵著救世主。<br>雖然此說法解釋庸俗粗糙，但百姓深信不已，並為未來先做修積準備。平時可以藉此向信徒收取根基錢，但大部分強調劫運將臨，英雄即將出現，是改朝換代之重大機運，也就是真主出而推翻前朝建立新朝之時。如此，每當現實政治令百姓失望時，彌勒、明王出世之謠傳自然湧現；又或者欲開創新王朝者，每每假託彌勒佛轉世，變成為率眾起事倡亂的重要手法。<br><br>【改寫自：王爾敏，〈祕密宗教與祕密會社之生態環境及社會功能〉，《中央研究院近代史研究所集刊》第十卷（臺北：中央研究院近代史研究所，1981）頁40～41】,teachers_book,隋唐,文化,"[彌勒教, 彌勒佛, 三佛應劫總觀通書, 救世主, 改朝換代]",V.2/Ch.2/國家統治與社會結構,彌勒信仰,,,
661,"摩尼教於7世紀（約唐代）傳入中國，並於武則天延載元年（694年）獲得承認。安史之亂後，因回紇勢力進入中原而起，官方對於摩尼教也較為寬容，因此得以在中國境內傳布。但在會昌法難（840～846年）後，摩尼教因受唐武宗的毀佛行動波及，自此轉為地下活動，並與民間信仰結合。宋代時，一部分摩尼教徒依託道教進一步發展；另一支則與民間祕密宗教融合，信奉者自稱明教信徒，是宋代農民起義的主力，如宣和元年（1119年）的方臘之亂。<br>元代，摩尼教因為官方的宗教政策較寬容，而出現顯著的發展，許多平民開始信仰摩尼教，相關的寺院也相繼興建。元代之後，摩尼教徒建立自己的寺院，藉此居住、收藏經書典籍，但減弱了教士和俗民之間的聯繫；有了寺院後，摩尼教成為一個實質的宗教。<br>元末的農民起義，部分也與摩尼教有關，如元惠宗至正十年（1351年），自稱「明王出世」的韓山童、劉福通起義，可能就混有摩尼教的成分。明代以後，朱元璋決定禁止民間宗教，摩尼教也因此逐漸消失。<br><br>【改寫自：Klimkeit, Hans-Joachim; Lieu, Samuel N. C.（劉南強），《達·伽馬以前中亞和東亞的基督教》（臺北市：淑馨出版社，1995），頁169。王見川，《從摩尼教到明教》（臺北：新文豐，1992），頁351～352】",teachers_book,隋唐,文化,"[摩尼教, 回紇, 會昌法難, 明教, 方臘之亂]",V.2/Ch.2/國家統治與社會結構,摩尼教的傳入與發展,,,
662,白蓮教的起源，應為南宋茅子元所創的「白蓮菜」而來，主要融合南朝發跡的彌勒教、摩尼教，並承襲了彌勒教「反抗政府，奪取政權」的政治革命理念。白蓮教以教主為尊，各地有各類會主。教主準備起事時，各地便紛紛響應，每次舉兵，便稱王建號。白蓮教以法術蠱惑信眾，包含符咒、幻術、巫術、神降等方式，加深信徒崇拜，藉此鞏固權力。<br>歷史上，白蓮教曾多次起事，如元末至正十一年（1351年）以韓山童為主的紅巾軍之亂，蔓延全國，前後持續十年之久；明英宗、憲宗、世宗年間，也發生數次白蓮教民變；入清之後，依然頻繁，如嘉慶十八年年間川楚白蓮教亂（1796～1804年）、天理教之亂（1813年）。此後，以白蓮教為名的起事逐漸消失。<br><br>【改寫自：戴玄之，〈白蓮教的本質〉，《師大學報》第十二期（1967），頁119～125】,teachers_book,明清,政治,"[白蓮教, 民變, 韓山童, 紅巾軍, 川楚白蓮教亂]",V.2/Ch.2/國家統治與社會結構,白蓮教與中國的民變,,,
663,中國古代政治理論中，「君權神授」一直處於重要地位。從夏商周三代文明社會開始，歷代帝王都把自己的家族說成是神的後裔，如商王朝的吞鳥卵、周王朝的履大人跡等。<br>春秋戰國的儒家雖然把政治合法性的主要依據轉到了「德治主義」的理性化軌道上，但是孔子、孟子並沒有否定「君權神授」。故先秦以後的歷代王朝仍然使用「神權」的工具為自己的統治製造合法性依據。統治者可以使用的工具，被統治者當然也會使用。從中國歷史上第一次農民起義陳勝、吳廣開始，就會利用魚腹藏書的形式製造讖語——「陳勝興、大楚王」。其後農民起義利用「佛讖」、「道讖」製造輿論，發動民眾的例子不勝枚舉。<br>中國古代政治學經典《尚書・洪範》從殷周時期，就明確了一個專制主義的原則，即「皇極建猷」，「凡厥庶民，無有淫朋，人無有比德。惟皇作極，凡厥庶民，有猷。」也就是說不許庶民結黨營私，絕對不許在君主政權之外還有其他社會團體存在。從一定意義上說，中國民眾從來不缺宗教信仰的自由，但是卻沒有結社的自由。因此民眾要發動起義，各種宗教組織，包括官方認可的佛、道教，都可以成為隱藏革命目標，積蓄革命力量，組織革命隊伍，引爆武裝起義的重要形式。東漢末年的黃巾起義、宋代的方臘起義、元末的紅巾軍起義、明朝的白蓮教起義、清朝嘉慶元年民間宗教川鄂甘陝豫五省大起義等，不勝枚舉。<br><br>【引用自：張踐，〈中國古代國家、宗教關係歷史特點研究〉，《西北民族大學學報（哲學社會科學版）》（甘肅：西北民族大學，2011），頁29】,teachers_book,秦漢,政治,"[君權神授, 皇權, 農民起義, 宗教組織, 結社]",V.2/Ch.2/國家統治與社會結構,中國古代皇權與民間宗教起義,,,
664,| 相關文獻 | 《史記‧蒙恬列傳》：「……………………築長城，因地形，用制險塞，起臨洮，至遼東，延袤萬里，於是渡河，據陽山，逶蛇而北。」 |<br>| :--- | :--- |<br>| 修築資訊 | 人 蒙恬<br>動用民力逾三十萬<br>「城旦」<br>1. 此一刑徒「輸邊築長城」<br>2. 「謫治吏不直者築長城」<br>時 《史記・秦始皇本紀》：始於始皇33年（前214年）<br>事 背景：戰國年間，部分國家便已修築城牆，區隔敵我；秦之長城部分乃將這些既有之城牆連結<br>目的：軍事用途，區隔「胡人」（即當時之匈奴） |<br>| 其他 | 今日之長城為明代所修築 |<br><br>【改寫自：Denis Twitchett、Michael Lowe 編，韓復智主譯，《劍橋中國史：秦漢篇，前221–220》（臺北：南天，1996），頁73～75。白壽彝、高敏、安作璋主編，《中國通史：中古時代・秦漢時期》（上海：上海出版社，2015），頁162】,teachers_book,秦漢,政治,"[長城, 蒙恬, 史記, 臨洮, 匈奴]",V.2/Ch.3/近代以前的人群移動與交流,關於長城修築的記述,,,
665,"游牧民族的特性即循環地或週期性「遷徙」，這種生活方式的形成目前尚未有定論，然而此種生活方式使其發展出異於定居農業社會的特色，如機動性、遷徙及騎射；由於其營生較農業聚落更仰賴自然環境，天候的變異有可能帶來種族滅絕，通常也無法自給自足，故貿易和掠奪亦為其生產行為之一環。在此生活樣態上，很難主張有所謂的遊牧「民族」，此一根據19世紀「民族國家」出現的政治定義之群體，故今亦多稱為「游牧民」。<br><br>【改寫自：""Nomadism."" Britannica Academic, Encyclopaedia Britannica, 30 Jan. 2009. academic.eb.com/levels/collegiate/article/nomadism/56052. Accessed 2 Oct. 2019。杉山正明（著），黃美蓉（譯），《大漠：遊牧民族的世界史》（臺北：廣場出版，2011），頁16～30】",teachers_book,商周,社會,"[游牧民族, 遷徙, 騎射, 貿易, 掠奪]",V.2/Ch.3/近代以前的人群移動與交流,游牧民族,,,
666,農耕與游牧民族的差異在於生產方式的不同，此一不同決定了他們的社會組織及集體面對問題的方式：<br><br>| | 農耕民族 | 游牧民族 |<br>| :--- | :--- | :--- |<br>| **經濟形態** | 重視土地價值，定居產食 | 重視牧場價值，逐水草而居（流動性） |<br>| **環境因素** | 中原地區：大河灌溉、適於耕種的土質、氣候分明 | 中國北部、西北部：廣大的草原，但氣候較極端，同時存在雪山與沙漠 |<br>| **氣候變遷** | 短期問題如酷寒暴暑，長期性變化如冰河期<br>定居生產的社會，容易制度化，以集體力量（國家力量）提出預先防範及事後補救的作法面對問題，如賑濟措施及糧倉設置 | 依賴牧場而非生產牧草，當牧場因極端氣候萎縮，游牧民族可能往南方遷移，同時也進行掠奪，掠奪在游牧社會也是一種具生產力的經濟行為 |<br>| **社會組織** | 在共同土地上，集體合作的謀生方式，形成安土重遷的心態，及繁複的人際禮俗 | 早期社會生產方式是適應環境而非改變環境，游牧活動更受氣候影響，加上其糧食儲存及合作條件較低，故其經濟具脆弱性 |<br><br>【改寫自：周作明，〈中國古代游牧文化與農耕文化之比較〉，收入《廣西民族研究》2（1998），頁70～73】,teachers_book,商周,社會,"[農耕民族, 游牧民族, 生產方式, 社會組織, 氣候變遷]",V.2/Ch.3/近代以前的人群移動與交流,游牧民族與農業民族的差異,,,
667,| 民族 | 匈奴 | 羯 | 鮮卑 | 烏桓（丸） |<br>| :--- | :--- | :--- | :--- | :--- |<br>| **概述** | 東漢中期時，北匈奴西遷，南匈奴內附居於朔方；於董卓之亂時，屯於河內 | 為匈奴別部，為漢時之「西胡」，其內徙約與匈奴同時（力羯、羌渠） | 匈奴敗後，其勢力轉強，但因其內徙時間及地點不同，轉化成各部鮮卑 | 東胡族<br>冒頓單于時攻破東胡，烏桓便屬匈奴，至漢武帝征服匈奴左部後，將烏桓遷至鄰近漢人之地，使之在軍事上監視匈奴行動 |<br>| **魏晉** | 曹操將匈奴分為五部，各部皆以屠各種（冒頓單于之後，為「貴種」）劉氏為帥 | 曹操分匈奴為五部，羌渠為匈奴左部 | 曹魏時期鮮卑與中原王朝的關係屬叛服不定；而內附之鮮卑人（仍由其部落管轄）的情形，很少載於史冊，難以得知 | 曹操征烏丸後，將整個族群遷入塞內，並以其中強壯者作為騎兵，稱為「三郡烏丸」 |<br><br>【改寫自：韓國磐，《魏晉南北朝史綱》（北京：人民出版社，1983），頁155。劉學銚，《五胡史論》（臺北：南天，2001），頁31～38。馬植杰，《三國史》（北京：人民出版社，1994），頁319～320，325～327】,teachers_book,魏晉南北朝,政治,"[匈奴, 羯, 鮮卑, 烏桓, 曹操]",V.2/Ch.3/近代以前的人群移動與交流,被納入魏晉政府的周邊民族,,,
668,| | 晉武帝年間 | 晉惠帝年間 |<br>| :--- | :--- | :--- |<br>| **提出者** | 郭欽 | 江統 |<br>| **背景** | 1. 兩漢以來，北方胡族入關居住，其居住範圍逐漸南移，且人口滋長<br>2. 胡漢之間，因語言不通、生活習慣的差異，加上大批胡族淪為漢人田客及奴僕，橫遭虐待又求助官府無門而屢生胡漢衝突 |<br>| **主張** | 主張將胡族移到關外 | 《徙戎論》：將關內約一百萬的胡人遷至塞外 |<br>| **結果** | 主張皆未被接受，民變不斷爆發，成為「五胡亂華」的背景原因之一 |<br><br>【改寫自：呂正理，《另眼看歷史：中、日、韓、台三千年》（臺北：遠流，2016），頁153～154。川本芳昭（著），李彥樺（譯），《中華的崩潰與擴大：魏晉南北朝》（臺北：臺灣商務，2018），頁68～69。馬植杰，《三國史》（北京：人民出版社，1994），頁318】,teachers_book,魏晉南北朝,政治,"[郭欽, 江統, 徙戎論, 胡族, 五胡亂華]",V.2/Ch.3/近代以前的人群移動與交流,郭欽與江統的主張,,,
669,晉惠帝年間，關西地區天災人禍不斷，當地人民便逐漸向漢中、四川地區流徙，並選出領袖李特。但官方以嚴厲的手段要求這些流民返回已然殘破的故鄉，造成李特在四川地區聚眾暴動，後其子攻破成都（304年）建立政權「大成」（漢、成漢）；此一變化鼓勵晉帝國內的流民暴動相繼出現，如江漢地區及魯、豫、鄂地區等等。儘管流民暴動皆受鎮壓而失敗，但在過程當中對帝國造成的損害及帝室政治鬥爭，成為胡族「亂華」的重要條件，匈奴劉淵之行動為其濫觴。<br><br>【改寫自：鄭佩鑫，〈西晉末年的流民起義〉，收入《歷史教學》1（1962），頁12～15】,teachers_book,魏晉南北朝,社會,"[流民, 李特, 成漢, 晉惠帝, 劉淵]",V.2/Ch.3/近代以前的人群移動與交流,四川流民集團,,,
670,五胡亂華的直接因素是「八王之亂」，除了胡族在中國內部定居時得到的不良待遇外，八王之亂造成晉室內部自相殘殺是導致「五胡亂華」的直接導火線。八王之亂的制度性問題為「封國制」，乃鑒於司馬氏篡奪曹魏政權之迅速乃因皇室過於孤立，封國制造成的國中之國的情況，一旦中央衰弱立刻給各宗室可趁之機；而晉惠帝太子司馬遹之死成為八王之亂的導火線——晉惠帝皇后賈氏原與趙王司馬倫合謀奪權的宮廷政變，因賈后謀殺太子為司馬倫所不滿，而藉口誅除賈后及其黨羽，諸王又以此為口實征討趙王，而將宮廷政變轉為宗室互殘，使胡族有可趁之機。<br><br>【改寫自：呂正理，《另眼看歷史：中、日、韓、台三千年》（臺北：遠流，2016），頁154～155。張鶴泉，《魏晉南北朝史：一個分裂與融合的時代》（臺北：三民，2010），頁96】,teachers_book,魏晉南北朝,政治,"[八王之亂, 五胡亂華, 封國制, 晉惠帝, 司馬倫]",V.2/Ch.3/近代以前的人群移動與交流,八王之亂,,,
671,| 國家 | 魏 | 蜀 | 吳 |<br>| :--- | :--- | :--- | :--- |<br>| **共同背景** | 1. 漢末因連年征戰，導致城市破壞，如長安、洛陽，及許多城市亦無法倖免<br>2. 與此同時發生的是人口流離與生產力低下（土地荒蕪），甚至退回了自然經濟——人口與經濟作為國家富強的兩個必要條件，是統治者必要鞏固的<br>3. 興辦屯田的位置，多為與鄰國接壤之處（需駐軍）、軍事重鎮及交通要道 |<br>| **原因** | 1. 發展農業<br>2. 解決軍糧問題 |<br>| **民屯** | 1. 屯田之田屬於國家，耕種者稱「屯田客」，其來源包含召募（多半仍具強迫性）及徙民<br>2. 名義上為自由民，但後期逐漸轉為依附民（人身自由受限） | 「務農積穀，閉關息民」為國家立場，並興修水利 | 孫吳位於適於屯墾的江南地區，所缺者為人力（屯田客、屯田卒），除南遷之流民、百越族外，還經常掠奪人口以為勞動力 |<br>| **軍屯** | 現役士兵屯田自食，「且耕且守」 | | |<br>| **其他** | 1. 評價：吳不如魏，蜀不如吳<br>2. 關於農業生產之史料留存較少，故詳細情況並不清楚 |<br><br>【改寫自：何茲全，《三國史：圖文本》（香港：商務印書館，2013），頁 120～133；148～150。馬植杰，《三國史》（北京：人民出版社，1994），頁 211、221～227、275～278、289～291。張鶴泉，《魏晉南北朝史：一個分裂與融合的時代》（臺北：三民，2010），頁 422、56～58】,teachers_book,魏晉南北朝,經濟,"[屯田, 屯田客, 軍屯, 魏, 吳]",V.2/Ch.3/近代以前的人群移動與交流,三國時期的開墾,,,
672,東晉政府設置僑州、郡本為一種政治上的過渡手段，且當東晉政權在江左立足、年久日深，北歸無望的情況下，基於國家治理的立場必須將此一情況「正常化」，其手段即稱「土斷」，共有四次：<br><br>| | 時間 | 主導者 | 重點 |<br>| :--- | :--- | :--- | :--- |<br>| **目的** | 減少北人之優惠，增加國家之賦稅、改善財政，及增加服役之人口 |<br>| **第一次** | 成帝咸和年間（326～334） | 文獻缺佚，內容不詳 |<br>| **第二次** | 成帝咸寧七年（341） | | 1. 取消流寓郡縣，將流民納入編戶<br>2. 戶口仍分黃籍（正式戶口）與白籍<br>（1）保留回復原籍之希望<br>（2）仍有毋須納稅服役之優惠 |<br>| **第三次** | 哀帝興寧二年（364） | 桓溫 | 1. 最為著名的一次，奠定日後北府兵之建立及北伐之基礎，又稱「庚戌土斷」<br>2. 取消白籍、取消北人免稅免役之優惠<br>3. 許多「隱戶」、「蔭戶」（部曲、佃客）從其所依附的貴冑家族中被清查出來，使國家財富大增 |<br>| **第四次** | 安帝義熙八、九年（413～414） | 劉裕 | 1. 全境嚴格執行，打擊豪強，增強中央控制力<br>2. 依界土斷，且「諸流寓郡縣，被併省」，南遷僑民以鄉里方式組織起來，原來對待南、北人不同調的控制趨於一致 |<br><br>【改寫自：鄭欽仁、吳慧蓮、呂春盛、張繼昊編著，《魏晉南北朝史》（臺北：里仁，2007），頁134～136。張鶴泉，《魏晉南北朝史：一個分裂與融合的時代》（臺北：三民，2010），頁130～132】,teachers_book,魏晉南北朝,政治,"[土斷, 僑州, 黃籍, 白籍, 桓溫]",V.2/Ch.3/近代以前的人群移動與交流,土斷,,,
673,八王之亂時期，即有南遷之考慮，而派遣瑯玡王司馬睿至南方布署，及至西晉滅亡後，司馬睿於江左稱帝，北方世家大族東渡投靠，然對此事引以為憾；由於南方士族向來不受晉室重視，亦對北來之人充滿敵意，稱其為「傖」（指粗野、鄙陋）；且因政治上一直無法獲得重視而發動了二次叛變，儘管皆以失敗收場，但也促使政府改變吳越士人的態度，加以籠絡，亦對叛變人士「撫之如舊」。<br><br>【改寫自：劉學銚，《五胡史論》（臺北：南天，2001），頁 226～227。洪衛中，《魏晉南北朝時期士人思想演變研究》（鄭州：鄭州大學出版社，2015），頁 89～90】,teachers_book,魏晉南北朝,政治,"[司馬睿, 士族, 吳姓, 傖, 籠絡]",V.2/Ch.3/近代以前的人群移動與交流,籠絡江南吳姓士族,,,
674,王導為東晉政權的穩定提出了方針，即「鎮之以靜，群情自安」，其實情即努力協調司馬氏皇族及南、北士族（及豪族）之間的矛盾，維持平衡，以便東晉能夠據江自保。政治上，「晉主有南面之尊，無總御之實，宰輔執政，政出多門，權去公家，遂成習俗」，說明了「王與馬，共天下」政治事實，以及「門閥專政」（世家貴冑共決政事，由皇帝決斷後施行）的政治運作，加上王導對於南方士族採取「收其賢人君子，與之圖事」的籠絡方針，形成了以北方士族為主體，南北士族共治的局面。<br><br>【改寫自：郭建、王志強，《滄桑分合：魏晉南北朝興衰啟示錄》（臺北：年輪文化，1998），頁189～194。川本芳昭（著），余曉潮（譯），《中華的崩潰與擴大：魏晉南北朝》（桂林：廣西師範大學出版社，2014），頁 109～111。張承宗等編，《六朝史》（江蘇：江蘇古籍出版社，1991），頁15～18】,teachers_book,魏晉南北朝,政治,"[王導, 司馬氏, 士族, 門閥專政, 王與馬共天下]",V.2/Ch.3/近代以前的人群移動與交流,東晉的政治局勢,,,
675,南蠻是一個泛稱，專指分布在東漢王朝南部的少數民族，主要是在益州刺史部北部巴郡的少數民族，和分布在荊州南郡、江夏郡、零陵郡、武陵郡、桂陽郡、長沙郡的少數民族，以及分布在交州南海郡、蒼梧郡、鬱林郡、合浦郡、交趾郡、九真郡、日南郡的少數民族。表面上看似紛繁複雜的南蠻，實際上可以分為以下幾個大類：<br>第一，以槃瓠為崇拜物件的武陵蠻，其下又有澧中蠻、零陽蠻、樓中蠻、五裡蠻、零陵蠻、長沙蠻等，以之為主體發展為現代漢藏語系苗瑤語族的苗族和瑤族。<br>第二，分布在交州南海郡、蒼梧郡、鬱林郡、合浦郡、交趾郡、九真郡、日南郡的九真蠻、合浦蠻、日南蠻、象林蠻、鬱林蠻等，以之為主體發展為現代漢藏語系壯侗語族的各民族及越南的京族。<br>第三，分布在荊州巴郡、南郡的潕山蠻、沔山蠻、巫蠻、江夏蠻等，以之為主體發展為現代漢藏語系藏緬語族的土家族。<br>第四，分布在巴郡西北閬中的板蠻，本屬氐羌民族，在歷史的發展中，逐漸融合於巴郡南郡蠻，最後亦成為現代土家族先民之一。<br><br>【改寫自：王文光、翟國強，〈讀後漢書．南蠻西南夷列傳札記〉（廣西：民族研究，2004年）第4期，頁 100～101】,teachers_book,原住民,社會,"[南蠻, 槃瓠, 武陵蠻, 漢藏語系, 土家族]",V.2/Ch.3/近代以前的人群移動與交流,南蠻,,,
676,陶侃出身於江淮少數族群——溪族（又可稱谿／傒族）。山越為秦漢三國後，主要居住在江淮一帶尚未漢化的民族（統稱「南蠻」）；溪族則特指當中分布江西一帶者，因該民族大多臨溪而居得名，有自己的語言、風俗及宗教，多聚族而居。山越在孫吳時期被「鎮撫」並強制漢化，但社會地位低賤，被北方統治者稱為「溪狗」（因其自稱為槃瓠後代，犬是其崇拜圖騰），身為溪族的陶侃，即使仕途顯貴或文明顯赫，亦不能消滅這種種族歧見。如溫嶠勸庾亮拜見陶侃，望其協助平定蘇峻之亂時，即言：「溪狗（指陶侃）我所悉，卿但見之，必無憂也。」陶氏家族自陶侃以來，已愈來愈融入漢族社會，到陶侃的曾孫陶淵明時代，幾乎已經不見任何異族色彩，至少當時人已不以異族視之。陶淵明本身，雖然可能知道先祖的異族身分而特意附會華夏，卻在內心深處潛藏著自我族群的意識。依據血緣，可以說陶淵明出自南方溪族，但當時漢人不以異族視之，陶淵明對外也不承認自己是溪族。至此，可以說溪族出身的陶淵明已經漢化融入漢族社會了。也顯見中原與南方文化間的融合。<br><br>【改寫自：農學冠，〈陶淵明溪族源流考〉，收入《廣西民族學院學報（哲學社會科學版）》，20：4（1998年10月），頁91～95。祝注先，〈陶淵明溪族論說〉，收入《中南民族學院學報（哲學社會科學版）》，2（1996），頁68～70。呂春盛，〈魏晉南朝的「溪族」與陶淵明的族屬問題〉《臺灣師大歷史學報》第37期（2007.9），頁25～26】,teachers_book,魏晉南北朝,社會,"[陶侃, 溪族, 山越, 槃瓠, 陶淵明]",V.2/Ch.3/近代以前的人群移動與交流,陶侃的出身,,,
677,以漢趙（前趙）建立者匈奴人劉淵為例，基於長期胡漢混居的前提下，其知漢人無法接受胡族稱帝，不僅未有先例，更是因為漢人占被統治者中的絕大多數，加以歷史上有「尊王攘夷」反對胡族統治的先聲，故劉淵在稱帝以前自封「漢王」。但同時又稱大禹出於西戎而文王生於東夷，「顧唯德所授耳」；此外，又主張「吾又漢氏之甥……兄亡弟紹……」與漢攀附（此一行為不獨漢趙），以獲被統治者之認同，為胡族稱帝之濫觴。<br>以下為五胡十六國時期，各國創立、國祚比較表：<br><br>| 國名 | 創立者 | 民族 | 國都 | 西元紀年 | 亡於何國 |<br>| :--- | :--- | :--- | :--- | :--- | :--- |<br>| 成漢 | 李雄 | 氐 | 成都 | 304～347 | 東晉 |<br>| 漢 | 劉淵 | 匈奴 | 長安、平陽 | 304～329 | 後趙 |<br>| 後趙 | 石勒 | 羯 | 襄國、鄴 | 319～351 | 冉魏 |<br>| 前涼 | 張駿 | 漢 | 姑臧 | 324～376 | 前秦 |<br>| 前燕 | 慕容皝 | 鮮卑 | 龍城 | 337～370 | 前秦 |<br>| 前秦 | 苻健 | 氐 | 長安 | 351～394 | 後秦 |<br>| 後燕 | 慕容垂 | 鮮卑 | 中山 | 384～409 | 北燕 |<br>| 後秦 | 姚萇 | 羌 | 長安 | 384～417 | 東晉 |<br>| 西秦 | 乞伏國仁 | 鮮卑 | 宛川 | 385～431 | 夏 |<br>| 後涼 | 呂光 | 氐 | 姑臧 | 386～403 | 後秦 |<br>| 南涼 | 禿髮烏孤 | 鮮卑 | 樂都 | 397～414 | 西秦 |<br>| 北涼 | 沮渠蒙遜 | 匈奴 | 張掖、姑臧 | 401～439 | 北魏 |<br>| 南燕 | 慕容德 | 鮮卑 | 廣固 | 398～410 | 東晉 |<br>| 西涼 | 李暠 | 漢 | 敦煌、姑臧 | 400～420 | 北涼 |<br>| 夏 | 赫連勃勃 | 匈奴 | 統萬 | 407～431 | 吐谷渾 |<br>| 北燕 | 馮跋 | 漢 | 龍城 | 409～436 | 北魏 |<br><br>【改寫自：劉學銚，《五胡史論》（臺北：南天，2001），頁 23】,teachers_book,魏晉南北朝,政治,"[劉淵, 漢趙, 華夏正統, 尊王攘夷, 五胡十六國]",V.2/Ch.3/近代以前的人群移動與交流,胡人政權與華夏正統的連結,,,
678,北魏早在遷都洛陽前已進行漢化，遷都洛陽則為一種澈底漢化的姿態，並要求南遷者死不可歸於故土；漢化動機牽涉許多因素：<br><br>| | | |<br>| :--- | :--- | :--- |<br>| **遷都原因** | **經濟因素** | 寒冷多雨、土地貧瘠，生產量低；交通唯賴陸運，但陸運又因太行山橫亙其間，阻礙與山東的交通 |<br>| | **軍事因素** | 北魏在消滅北高車蠕蠕、西赫連沮渠及東部馮氏未賓後，即圖南進；平城太北且交通不便，不利軍事運輸，且南征亦需「就地取材」使用南方人力物力、就近經營 |<br>| | **政治因素** | 由於薛定都、畢眾敬、劉道固、沈文秀投降北魏，使其領土向南擴大進逼淮水，數年休息後經濟大為發達、人口眾多（河南、山東本就富庶之地），加上士族多居於此，都於此地便於監控合作；此外，數次叛亂皆發生在此一富饒地區，為國家統治之故，亦應嚴密控制 |<br>| | **文化因素** | 洛陽作為中原文化之代表，遷都於此乃在決定漢化後執行，故此一行為是為便於漢化的實行，一方面將舊人置於漢文化氛圍，另一方面遠離故地傳統 |<br>| **漢化措施** | **制度方面** | 制禮作樂<br>修刑律：綜合中原士族漢學、永嘉亂後流亡河西的儒士之漢魏晉文化、江左西晉承襲之律學<br>制官品、官服、官祿<br>均田制、三長制：使各民族納同一制度之中，並同樣授田納賦；使其民族身分及權利義務之差異漸次消弭，加速族群融合 |<br>| | **風俗方面** | 定氏族：漢姓氏族＋代北姓族<br>改姓氏：拓跋舊民來到中原後開始如同漢人使用姓氏，但多連綴數字為姓，太和二十年正式要求改用單姓，但此一普及範圍主要及於遷洛的部分代北貴族<br>代人與漢人高門通婚：希望以通婚當作結合胡漢貴族的政治手段<br>改胡服：效力僅及遷洛者<br>廢舊語：只限於官場使用，私下不禁 |<br><br>【改寫自：孫同勛，《拓拔氏的漢化及其他——北魏史論文集》（臺北：稻鄉，2005），頁 92～127】,teachers_book,魏晉南北朝,文化,"[北魏孝文帝, 漢化, 遷都洛陽, 均田制, 改姓氏]",V.2/Ch.3/近代以前的人群移動與交流,北魏孝文帝的漢化,,,
679,六鎮變亂後，低度漢化的鮮卑人進入中原主政，造成部分地區盛行鮮卑化的現象（東魏、北齊的鮮卑化或西胡化），尤在語言及行為上——鮮卑語一直是北境的共同語言，進入中原後對翻譯人員有大量需求，在此情況下懂鮮卑語的漢人有較佳仕途，也成為漢人晉身的一種手段。顏之推《顏氏家訓．教子》便記載時況：「齊朝有一士大夫，嘗謂吾曰：『我有一兒，年已十七，頗曉書疏，教其鮮卑語及彈琵琶，稍欲通解，以此伏事公卿，無不寵愛，亦要事也。』」<br><br>【改寫自：任榮，《東魏北齊文人心態研究》（江蘇省：蘇州大學研士學位論文，2005），頁 29～34】,teachers_book,魏晉南北朝,文化,"[鮮卑化, 六鎮變亂, 顏之推, 顏氏家訓, 鮮卑語]",V.2/Ch.3/近代以前的人群移動與交流,漢人鮮卑化,,,
680,《新書．回鶻傳》：「回紇，其先匈奴也，俗多乘高輪車，元魏時亦號高車部，或曰敕勒，訛為鐵勒。」部族數量依個別興衰而不同，基本上為九姓，但後來回紇成為鐵勒各部中最強大者，因此「九姓」既泛指鐵勒諸部，也可能專指回紇；隋唐之際隸屬突厥，後助唐攻滅突厥，並在 744 年在東突厥故地建立回紇汗國，接受唐冊封可汗，成為定制。<br><br>【改寫自：章群，《唐代蕃將研究》（臺北：聯經，1986），頁 17～20。張豈之主編，《中國歷史：隋唐宋史》（臺北：五南，2002），頁 172～174】,teachers_book,隋唐,社會,"[回紇, 高車部, 敕勒, 鐵勒, 突厥]",V.2/Ch.3/近代以前的人群移動與交流,回紇的由來,,,
681,羈縻政策是中國處理周邊民族的手段之一，最早在西周時期已經存在。此政策基於「先華夏而後夷狄」及「內諸夏而外夷狄」的秩序觀，以籠絡與束縛的方式，來維持雙方的宗藩關係。唐初因國勢尚在發展，唐高祖曾言：「畫野分疆，山川限其內外，遐荒絕域，刑政殊於函夏，是以昔王御世，懷柔遠人，義在羈縻」——這包含了中國「因故俗而治」的傳統思想；另一方面，也是唐帝國開始出現羈縻府州的制度治理內附胡族。此二者結合便成唐代羈縻政策的核心——透過建立制度處理邊疆事務，又配合傳統的和親、盟誓、冊封、通使及互市等各種形式，確立和深化彼此之間的宗藩關係。<br><br>【改寫自：王紅武，《隋唐西北羈縻制度研究》（蘭州：西北師範大學碩士論文，2009），頁 9～10，16。王成龍，《唐代「夷夏之防」觀念的演變》（陝西：陝西師範大學碩士論文，2014），頁 26，35～36。李進寶，《唐貞觀年間民族政策研究》（北京：首都師範大學博士論文，2013），頁 28～30】,teachers_book,隋唐,政治,"[羈縻政策, 宗藩關係, 夷夏, 因故俗而治, 羈縻府州]",V.2/Ch.3/近代以前的人群移動與交流,羈縻政策,,,
682,吐蕃一名的由來有許多爭議，今日通說認為吐字並無意義，在中國史書上亦有以「特（蕃）」、「土（蕃）」加以記載。而「蕃」（藏語 bod 的音譯）則為藏族之自稱，概其說法亦未定讞，有論者認為此乃出於「苯教」，亦有論者認為其意為「農業」；今後者見解被認為較近事實，因吐蕃王室正位於全藏最富庶的農業地帶。故「吐蕃」一詞實乃唐根據「姓名從主」原則譯寫，而非歧視用語（但「蕃」之選字，仍暗示唐視其文化低落之意），且為吐蕃所接受，於官方文獻中使用。<br><br>【改寫自：林冠群，《唐代吐蕃史研究》（臺北：聯經，2011），頁 24～29。王小甫，《唐、吐蕃、大食政治關係史》（北京：中國人民大學出版社，2009），頁 17】,teachers_book,隋唐,文化,"[吐蕃, 藏族, 苯教, 姓名從主, 唐]",V.2/Ch.3/近代以前的人群移動與交流,吐蕃,,,
683,638 年松州之役是文成公主入蕃（641）的關鍵事件，象徵唐對吐蕃作為一西面國家勢力之認可；和親向來是中原王朝對外族羈縻政策的一環，而得到文成公主，對正在進行統一戰爭的棄宗弄贊而言，有助於其提高威望及事業；而文成公主亦帶入文化宗教思想及器物技術知識等。事實上，在松州之役後，吐蕃即已在請求和親之同時，派遣許多貴族子弟入唐學習儒家經典（在國子學中讀書），及漢語、漢法。<br><br>【改寫自：林冠群，《唐代吐蕃史研究》（臺北：聯經，2011），頁 728～729。才讓，《吐蕃史稿》（北京：人民出版社，2010），頁 66～68】,teachers_book,隋唐,政治,"[文成公主, 和親, 吐蕃, 棄宗弄贊, 羈縻政策]",V.2/Ch.3/近代以前的人群移動與交流,文成公主的和親,,,
684,吐蕃與唐朝關係並不和睦，吐蕃常在西方邊境尋釁，而唐與吐蕃之交手幾乎每戰皆敗，形成畏懼之心；加上吐蕃與唐所簽定的各項盟約，幾乎都得不到吐蕃之遵守，使唐對其誠信深感疑慮，視之為巨蠢大患；後回紇因為內部政治問題向唐請求和親，新立之主欲藉天可汗之勢力壓制舊勢力，在此機緣下恢復了「聯回」之政策，回、蕃關係中斷，並與吐蕃爭戰，牽制了吐蕃侵唐的行動；且因吐蕃的軍事需求，大量向南詔征重稅及調動軍隊，使南詔亦對吐蕃一變為敵對態度，而與唐結盟共抗吐蕃。<br><br>【改寫自：林冠群，《唐代吐蕃史研究》（臺北：聯經，2011），頁 469～481】,teachers_book,隋唐,政治,"[吐蕃, 回紇, 南詔, 盟約, 侵唐]",V.2/Ch.3/近代以前的人群移動與交流,唐與吐蕃的交惡,,,
685,"粟特人所居住的「粟特地區」（Sogdian），處在古代印度、伊朗、中國、希臘及羅馬等重要文明的交匯之處，他們本身是文明的見證人也是傳播者。粟特人在隋唐時代以「昭武九姓」載於史冊，過去史冊訛為「月氏人」及「舊居祁連山北昭武城」，以此作為「昭武」名號的來源，今之研究已反駁此一說法，認為「昭武」乃是音譯（Jauvla, Jabula），是用來稱呼部族領袖的字眼。<br><br>【改寫自：陳海濤，劉惠琴，《來自文明十字路口的民族——唐代入華粟特人研究》（北京：中國社會科學出版社，2014），頁 1～2、24～37】",teachers_book,隋唐,社會,"[粟特人, 昭武九姓, Sogdian, 文明傳播, Jauvla]",V.2/Ch.3/近代以前的人群移動與交流,粟特人,,,
686,粟特人的宗教信仰是祆教，祆祠即其信仰中心。如唐代長安城中的粟特胡人聚居區中，便建立起許多祆祠，學者榮新江認為主要功能為宗教性及社會性的，包括：<br>1. 胡人聚落管理機構薩保府所在地<br>2. 胡人舉行宗教祭祝儀式的場所<br>3. 薩保繼承儀式並設立盟誓的場所<br>4. 凝聚胡人的地方<br>5. 祈雨之地與醫療場所<br><br>【改寫自：畢波，《中古中國的粟特商人：以長安為中心》（北京：中國人民大學出版社，2011），頁218】,teachers_book,隋唐,文化,"[祆祠, 粟特人, 祆教, 薩保府, 長安]",V.2/Ch.3/近代以前的人群移動與交流,祆祠,,,
687,一、廣州：一艘艘各國的海船，停泊在廣州灣，其中有來自錫蘭的「獅子舶」，也有波斯灣建造的三角帆船，唐朝特別設市舶使來管理海上貿易事務。走進城裡，市集熱鬧非凡，有大食、天竺等生意人，並且有天竺的廟宇，也有大食回教徒的清真寺，不同的習俗與信仰，彼此和諧相處。<br>二、揚州：廣州進口的貨物，幾乎都先運到長江和運河的交會處—揚州，南北的珍奇異寶均集中在此，成為商品集散地，也是錢貨流暢的金融中心。夜幕低垂時，無數的絳紗燈籠，使揚州夜夜笙歌，成為最佳的娛樂都會，各地胡商，尤其是大食和波斯，不下數千人；另有「新羅坊」，新羅人也不在少數，成為名符其實的國際都會。<br>當時來華的外國人不但有高麗、新羅、百濟、日本、西域、波斯、大食等，而且有黑人，唐時中國稱黑人為「烏鬼」，又稱「崑崙奴」。這些黑人來華的原因，有的是充當海船水手，有的來華經商，有的為海盜，有的隨使者來華，有的被賣為奴。<br>外國人來華後在唐朝任官者甚多，由於唐朝沒有種族歧視，因此，外國人只要有才能者，常能躋身朝列，於是唐朝朝廷蕃官之眾多，為歷代罕見的現象。如貞觀初，太宗平東突厥，其酋長入仕者，「布列朝廷，五品以上百餘人，殆與朝士相半。」<br><br>【改寫自：王壽南，《隋唐史》（臺北：三民，1986），頁 853～854】,teachers_book,隋唐,經濟,"[廣州, 揚州, 市舶使, 大食, 崑崙奴]",V.2/Ch.3/近代以前的人群移動與交流,廣州與揚州,,,
688,長安是在隋朝大興城的基礎上翻修，大興城為新地上新建之城，為展示皇家氣概而規模宏大、格局方正；隋為唐所襲後，仍以此地為都，並改大興城為長安城；在唐代盛期，長安人口規模達100萬之眾，是故人文薈萃，繁榮的物質文化及鼎盛的文化活動共同構築了長安的城市生活，也自然成為中外文化交流中心，大量外國派至中國之使節、學習者，以及貿易商皆在長安活動。<br><br>【改寫自：王雙懷，《唐代歷史文化論稿》（香港：香港教育圖書公司，2003），頁113～123】,teachers_book,隋唐,社會,"[長安, 大興城, 城市生活, 文化交流, 隋]",V.2/Ch.3/近代以前的人群移動與交流,長安城,,,
689,關於安祿山的來源，以唐人姚汝能編纂的《安祿山事蹟》卷上所記最詳。其文曰：「安祿山，營州雜種胡也。小名軋犖山。母，阿史德氏，為突厥巫。無子，禱軋犖山神，應而生焉。是夜，赤光傍照，群獸四鳴。望氣者見妖星芒熾，落其穹廬。怪兆奇異，不可悉數。其母以為神，遂命名『軋犖山』焉。少孤，隨母在突厥中。」<br><br>早在1925年，桑原騭藏以姚汝能《安祿山事蹟》的記載，認為安祿山的種族是出身康國的粟特人。陳寅恪更進一步指出，安史之亂時期唐人所說的「雜種胡」，大多數情況下是指九姓粟特胡人。1955年，蒲立本（Edwin G. Pulleyblank）從姓名、來源等方面，詳細論證了安祿山是生活在漠北突厥汗國內部的粟特人安延偃的兒子。他不同意安祿山本姓康的說法，強調他可能是從六胡州而進入漠北的粟特人。至此，安祿山之為粟特人似乎已成定論。<br><br>而《安祿山事蹟》中：「母，阿史德氏，為突厥巫。無子，禱軋犖山神，應而生焉」。這則神話是安祿山講給當時的人聽的。他自稱為軋犖山神的感應化身，並自稱為「軋犖山」或「祿山」，也是有其宗教含義的。祆教崇拜光明、太陽，其基本教義是講光明如何戰勝黑暗。「軋犖山」或「祿山」，恒寧已經指出其來自粟特文 roxšan，意為「光明、明亮」，那麼「軋犖山神」就是「光明之神」，也即祆教徒所崇拜的光明之神。事實上，安祿山在胡人中間，無疑是祆教「光明之神」的化身，受人崇拜。他死後，史思明諡「祿山曰光烈皇帝」，同樣取「光明」之意。入唐粟特人在相當長的時間裡生活在他們自己的聚落中，祆教是他們團聚的一個重要紐帶。安祿山把自己打扮成「光明之神」，利用粟特人的祆教信仰來團聚他們，他不僅團結了柳城到幽州的胡人聚落中的成員，還利用粟特人所擅長的商業貿易，團結了分散在各地的粟特人。他利用祆教的神秘說教，以「光明之神」的名義號召民眾起兵，這可以使我們理解為什麼有這麼多的人會跟隨他武裝叛亂。<br><br>【改寫自：榮新江，〈安祿山的種族與宗教信仰〉《中古中國與外來文明》（北京：三聯，2001），頁236。】,teachers_book,隋唐,社會,"[安祿山, 粟特人, 雜種胡, 祆教, 軋犖山]",V.2/Ch.3/近代以前的人群移動與交流,安祿山的出身,,,
690,府兵制形塑內重外輕之局面，因為日久廢馳之故，中央的軍事力量大為削弱。而邊境至天寶年間任命共計10個節度使，所有兵力約49萬，且節度使本身控有行政及財政權力，成為其發展割據勢力的背景。而安祿山一人兼負范陽、平盧及河東三鎮節度使，手握雄兵近19萬，因牽涉入朝廷的權力鬥爭而引發安史之亂。事後，朝廷對叛軍並未積極處理，使其勢力更大，反而發展成「藩鎮」（又稱「方鎮」），數量亦變多，甚至使邊境節度使蔓延至內地，形成國內藩鎮林立的局面。<br><br>【改寫自：張豈之主編，《中國歷史：隋唐宋史》（臺北：五南，2002），頁29～32。白壽彝、高敏、安作璋主編，《中國通史：中古時代．隋唐時期（上冊）》（上海：上海出版社，2015），頁829】,teachers_book,隋唐,政治,"[安史之亂, 府兵制, 節度使, 藩鎮, 安祿山]",V.2/Ch.3/近代以前的人群移動與交流,安史之亂爆發的背景,,,
691,唐帝國晚期天災人禍不斷，例如黃河流域的水患問題、旱災及戰爭破壞等，造成大批流民為寇匪，整個北方地區在此內外交迫下已然破落，大量人士往南方逃離，如四川、江淮地區，甚至福建、嶺南地區等，使南方漸成帝國的文化中心；安史亂後，唐雖仍都於關中，但強烈依賴漕運將南方物資運輸北方，顯見南方亦成帝國的經濟重鎮。下表為安史之亂前後的黃河、長江流域的比較：<br><br>| | 自然環境 | 人文環境 | 技術 |<br>| :--- | :--- | :--- | :--- |<br>| **黃河流域** | 流經土地結構鬆軟、植被少而易於侵蝕的黃土帶，水中挾帶大量泥沙，夏秋常有暴雨，經常泛濫成災。唐末以後，黃河開始不斷決堤改道，損害農業發展 | 中國早期主要的政治中心，東漢末年後長年處於戰火之中，安史亂後甚至「人煙斷絕，千里蕭條」；及至後來游牧民族（女真、蒙古）入侵，對農業耕作的慣性而言，無疑又是一場破壞 | 安史亂後，人口不斷南移而進行的農業勞動力之補充，是南方經濟發展快速的直接因素 | 有論者認為南北農業生產限於其自然環境之差異，北方技術原則上無法應用至南方，北人反而必須向南方人士學習水田種植技術，故不應對北方技術南傳導致農業生產提升一事評價過高 |<br>| **長江流域** | 氣候溫暖，水源充足（河湖及雨量）；但地形複雜較為破碎（山林多、水面廣、窪地多）開發不易，土壤呈酸性（淋餘土）較不適耕作 | 孫吳江南建政後，一面接受南遷人口，一面迫使「山越」民族加入農業勞動。永嘉亂後、南北朝時期，避戰亂而南渡者絡繹不絕，尤其集中長江下游，宋元時期發生第二次大規模人口南遷 | |<br><br>【改寫自：李根蟠，《中國農業史》（臺北：文津，1997），頁44，172～179。李伯重，《唐代江南農業的發展》（北京：北京大學出版社，2009），頁46～47。顧立誠，《走向南方——唐宋之際自北向南的移民與其影響》（臺北：臺大出版委員會，2004），頁7～28】,teachers_book,隋唐,經濟,"[經濟重心, 南移, 安史之亂, 黃河流域, 長江流域]",V.2/Ch.3/近代以前的人群移動與交流,中國經濟重心逐漸南移,,,
692,| | 高句麗 | 新羅 | 百濟 |<br>| :--- | :--- | :--- | :--- |<br>| **唐帝國** | 1. 淵蓋蘇文之亂後入侵新羅，百濟為求生存而與之結盟，唐決定征高句麗<br>2. 百濟滅後，唐一羅聯軍又於668年消滅高句麗 | 有統一朝鮮半島之心，然受高句麗、百濟及日本三方夾擊，故而想方設法與唐結盟，務使中國勢力介入朝鮮半島 | 聯合宿敵高句麗及日本共抗唐一羅聯軍，但仍於660年被滅 |<br>| **日本** | | 併吞伽耶國（日本稱「任那」，多為從日本來的倭人），雙方發生衝突 | 百濟王子於倭國，推動復國運動 |<br><br>【改寫自：王小甫，〈唐朝與新羅關係史論〉，收入王小甫主編，《盛唐時代與東北亞政局》（上海：上海書出版社，2003），頁326～339。呂正理，《另眼看歷史：中、日、韓、台三千年》（臺北：遠流，2016），頁115】,teachers_book,隋唐,政治,"[高句麗, 新羅, 百濟, 唐帝國, 日本]",V.2/Ch.3/近代以前的人群移動與交流,七世紀東北亞地區國家結盟與攻占,,,
693,白江口之役的發動是高句麗對中國遼西地區的侵擾（從隋代開始的遠因），以及南聯百濟欲滅新羅（近因）。新羅素與唐交好而向唐求援，後唐與新羅聯兵滅百濟；百濟向日求援，日本派兵援助，663年雙方聯軍相遇白江口，戰爭爆發。戰爭以日本失敗退出朝鮮半島告終，此後約1千年時間日本未再侵犯朝鮮，朝鮮局勢因此役而有變化：<br>1. 百濟滅亡、高句麗孤立，新羅壯大<br>2. 日本勢力退出，唐在百濟故地立軍事基地<br>3. 新羅具備統一朝鮮半島之實力<br><br>【改寫自：馬鈺，〈朝鮮白江口之戰——中日歷史上的首次軍事交鋒〉，收入《北京科技大學學報（社會科學版）》15：1（1999年3月），頁33，35～36】,teachers_book,隋唐,政治,"[白江口之役, 高句麗, 新羅, 百濟, 日本]",V.2/Ch.3/近代以前的人群移動與交流,白江口之役,,,
694,新羅王京人，於唐懿宗時期入唐求學，唐僖宗年間進士及第（年18，成為少見的少年登科之例），亦經歷過黃巢之亂，以《檄黃巢書》聲名大噪，然而他在唐的仕途並不順利，於是決心回到新羅貢獻所學，以「淮南入新羅信使」身分回鄉。然崔致遠回國後受到朝廷之猜忌，後向朝廷獻《時務策》以匡正國事受採納，又為權貴所恨，因「動輒得咎，自傷不遇，無復仕進……最後帶家隱於伽耶山海印寺。」<br><br>【改寫自：樊毓，《崔致遠研究》（陝西：中國西北大學碩士學位論文，2004），頁2～4。閻立明，《崔致遠與九世紀後半期的唐羅關係》（吉林：延邊大學碩士學位論文，2006），頁18～19】,teachers_book,隋唐,文化,"[崔致遠, 新羅, 進士, 黃巢之亂, 檄黃巢書]",V.2/Ch.3/近代以前的人群移動與交流,崔致遠,,,
695,渤海國存續年間為698～926年，是由部分高句麗遺民及中國東北少數民族靺鞨人（大祚榮即靺鞨人附高句麗者）於高句麗亡後三十年所建立的國家；大祚榮先是建立「震國」，稱「震國王」，因國勢不足以自立，故接受唐朝的招撫（唐滅高句麗往事不遠）及向與唐關係緊張的突厥遣使，以保安全；後於唐玄宗時接受冊封而正式定號「渤海國」，成為唐的藩屬國。<br><br>【改寫自：范恩賓，〈渤海國的建立及其與週邊政治關係〉，收入王小甫主編，《盛唐時代與東北亞政局》（上海：上海辭書出版社，2003），頁286～303】,teachers_book,隋唐,政治,"[大祚榮, 渤海國, 高句麗, 靺鞨人, 藩屬國]",V.2/Ch.3/近代以前的人群移動與交流,大祚榮與渤海國,,,
696,倭人最早出現在《漢書．地理志》：「樂浪海中有倭人，分為百餘國，以歲時來獻見云。」《後漢書．東夷傳》亦提到（倭）奴國「奉貢朝賀」；以及《魏志．倭人傳》中記載，倭國王（即卑彌呼）獻生口（奴隸）的記載。從漢書到魏志的記載來看，倭國是由諸國組成的政治團體，大約東漢桓、靈年間倭國內部大亂，為了解決軍政間的緊張關係，組成倭國的各國，決定共戴勢力較大的邪馬臺國女王卑彌呼為倭國王。卑彌呼因未婚無子，死後發生繼承問題。《魏志》提到：「更立男王，國中不服，更相誅殺。」後來由其宗女臺與繼位，亦未婚。此後，再無關於邪馬臺國之紀錄；學者認為，可能其地位由其他部落取代之故。<br><br>【改寫自：胡煒權，《菊花王朝：兩千年日本天皇史》（浙江人民出版社，2020）。吉村武彥，劉小珊、陳訪澤（譯）《岩波日本史．第一卷：日本社會的誕生》（北京：新星出版社，2020），頁84～88。吳廷璆，《日本史》（天津：南開大學出版社，1994），頁26】,teachers_book,日本,政治,"[邪馬臺國, 卑彌呼, 倭國, 魏志, 漢書]",V.2/Ch.3/近代以前的人群移動與交流,邪馬臺國女王與倭王的關係,,,
697,| 時間 | 日本分期 | 中國朝代 | 交流內容 |<br>| :--- | :--- | :--- | :--- |<br>| 3世紀 | 彌生時代 | 秦漢～晉 | 考古發現，日本此時由原始社會（繩文時代）快速進入石器、青銅器、鐵器併用的農耕文化及新式陶器，這成為支持徐福東渡日本造成的文化擴張的歷史解釋 |<br>| 6世紀 | 古墳時代 | 晉～隋 | 考古發現，日本接受中國式墓葬及裝飾之文化，上層社會逐漸接受漢字使用，儒學典籍開始進入日本 |<br>| 8世紀 | 飛鳥時代 | | 1. 聖德太子據儒學、佛學進行改革，制定如「冠位十二階」及「憲法十七條」<br>2. 使用中國曆法，派遣隋使、學問僧等，宗教建築風格亦隨中國樣式 |<br>| | 奈良時代 | 隋～唐 | 1. 仿長安建立平城京，佛教建築上按唐之樣式建設<br>2. 派遣唐使、留學生引進文物制度，包含引入中國政府制度及教育制度，及至對生活禮俗之接受（節慶、諡號之使用等） |<br>| 9世紀 | 平安時代 | | 1. 留學生及學問僧帶入大量經史文學典籍，漢文學迅速發展，並發展出日本獨特的文學，如「物語」即仿志怪及傳奇小說<br>2. 官方修史之作法，依漢字創作假名 |<br><br>【改寫自：張世響，《日本對中國文化的接受》（濟南：山東大學博士論文，2006），頁33～34，105～106，112，125，127，129～131，143～151，161～167】,teachers_book,日本,文化,"[中日交流, 聖德太子, 遣唐使, 平城京, 假名]",V.2/Ch.3/近代以前的人群移動與交流,秦漢至隋唐間的中日交流,,,
698,此碑為現存最早、文字量最多的高句麗考古史料，碑文記載了高句麗、新羅、百濟及倭之間的戰爭及當時的國際關係（近來研究焦點在碑文中「倭」和「任那日本府」之意義，倭是否統治過朝鮮南部甚至整個半島），對東北亞歷史研究極具價值。《好太王碑》發現的地點在今遼寧省桓仁縣及吉林省集安縣一帶，為當時的高句麗王都，立於好太王陵之東側；明代以後，由於此地兵連禍結，加上清朝封禁政策使此地渺無人煙，直到1880年前後發現完整之拓本，傳入京師引起熱議。由於千年來失於維護，故碑上長滿青苔，後以火除苔造成碑文部分損毀；加上許多人前往拓印（目前拓本約一百多種），又無文物保護之知識造成碑文之破壞，甚至用石灰補字導致相關釋文之混亂。<br><br>【改寫自：耿鐵華（主編），《高句麗好太王碑》（長春：吉林大學出版社，2012），頁16～17、66、109、166～168。徐建新，〈高句麗王碑拓本的分期與編年方法〉，收入《古代文明》3：1（2009年1月），頁45】,teachers_book,朝鮮,文化,"[好太王碑, 高句麗, 倭, 新羅, 百濟]",V.2/Ch.3/近代以前的人群移動與交流,好太王碑,,,
699,| | 種類 | 發展內容 | 輸入途徑 |<br>| :--- | :--- | :--- | :--- |<br>| **技術** | 冶煉 | 1. 青銅器：仿製中國輸入之成品，「倭鏡」即仿中國鏡<br>2. 鐵器：朝鮮手工奴隸製造 | 中國技術透過朝鮮傳入 |<br>| | 製陶 | 日本「須惠器」脫胎於朝鮮「新羅燒」 | 自朝鮮傳入殷代灰陶製法 |<br>| | 建築 | 隨佛教傳入 | 新羅工匠及「秦人」（從朝鮮移居之漢遺民），參與日本工事 |<br>| | 紡織 | 1. 朝貢所獲賞賜品<br>2. 改良縫衣技術 | 1. 百濟遺民移居日本<br>2. 中國織工移入 |<br>| **其他** | 醫學、天文曆法等 | | 朝鮮、中國 |<br>| **人文** | 文字 | 《古語拾遺》：蓋上古之世，未有文字，貴賤老人，口口相傳，前言往行，存而不忘 | 1. 朝鮮士人<br>2. 朝鮮漢籍「歸化人」 |<br>| | 儒學 | 隨漢字傳入，影響日本政治思想及倫理風俗 | |<br>| | 佛教 | 由氏族神祇到佛教，以普世意識取代地方意識 | 透過朝鮮傳入中國佛教 |<br><br>【改寫自：吳廷璆，《日本史》（天津：南開大學出版社，1994），頁38～43。傅高義，毛升譯《中國和日本：1500年的交流史》（香港：中文大學出版社，2019），頁14、16、18～20】,teachers_book,日本,文化,"[冶煉, 製陶, 儒學, 佛教, 歸化人]",V.2/Ch.3/近代以前的人群移動與交流,外來文化對日本的影響,,,
700,中原王朝與周邊民族的關係，以南北朝大一統之破滅作為分野，依據其國力之強弱，約略分為兩種形式：<br><br>| | 封貢系統 | 多元國際體系 |<br>| :--- | :--- | :--- |<br>| **時代** | 秦漢—隋唐 | 魏晉南北朝一五代兩宋 |<br>| **對外關係** | 1. 冊封朝貢體制<br>2. 華夏／中國一四夷 | 1. 條約體制<br>2. 對等或不對等的國交關係 |<br>| | 從中國優勢過渡到外國優勢 | |<br>| **意義** | 守在四夷：《左傳》「古者，天子守在四夷。天子卑，守在諸侯……慎其四竟，……民無內憂，而又無外懼，國焉用城。」 | 畫疆自守：放棄「王者無疆」的一元華夷秩序觀 |<br><br>【改寫自：陶晉生，〈十至十二世紀東亞國際外交的對等問題〉，收入《對等：遼宋金時期外交的問題》（臺北：中研院史語所，2013），頁2。黃純豔，〈朝貢體系與宋朝國家安全〉，收入《暨南學報（哲學社會科學版）》29（2018.2），頁121～123。郭燕飛，《費正清與中國傳統外交體制研究》（山東：山東師範大學碩士學位論文，2012），頁16】,teachers_book,宋元,政治,"[封貢系統, 多元國際體系, 冊封朝貢, 條約體制, 華夷秩序]",V.2/Ch.3/近代以前的人群移動與交流,中國中古與近世時期對外關係的差異,,,
701,宋人夷夏之防變得強烈，一方面是宋朝在國際環境中成為保守弱勢的地位，另一方面來自於中國夷夏之辨的傳統，尤其唐代韓愈對夷狄地位的論調（〈原人〉：〔中國〕人是夷狄和禽獸的主人）直接為宋代學者所援引。同時也影響他們對前代的看法，認為「漢唐之君皆不足為」，尤其唐代胡風盛行，三綱不繫是唐敗亡之因；加上「陰陽失調」，導致了小人與夷狄之盛行。<br><br>【改寫自：陶晉生，《宋遼關係史研究》（臺北：聯經，1984），頁107～111】,teachers_book,宋元,文化,"[夷夏之防, 韓愈, 唐代胡風, 夷狄, 宋代]",V.2/Ch.3/近代以前的人群移動與交流,宋人的夷夏之防,,,
702,石介，因曾講學於家鄉徂徠山下，故學者亦稱其為徂徠先生，其政治立場較為激進，在慶曆變法中支持范仲淹，後新政失敗加上政敵報復，一時之間成為眾矢之的；其思想屬於儒家、排斥佛、老，維護揚雄及韓愈提出的道統、文統之論，亦以身作則。他的中國論即在此思想脈絡下提出，自地理（地道）、文明（天道）及民族（人道）定義中國，具體發揚「夷夏分立」的民族觀點，顯示當代宋人對其所處環境的憂患意識及確立政治正統。<br><br>【改寫自：謝濤，〈書以傳聖人之道——石介其人其事〉，收入《中國書法》8（2017），頁199～200。李懿，〈石介《中國論》的文學書寫與文化意蘊〉，收入《船山學刊》4（2012），頁148】,teachers_book,宋元,文化,"[石介, 中國論, 夷夏分立, 儒家, 慶曆變法]",V.2/Ch.3/近代以前的人群移動與交流,石介與〈中國論〉,,,
703,進入契丹統治之下的漢人，來源有二：<br>1. 戰爭俘虜：耶律阿保機的軍事進攻中，一向注意人力資源之奪取。<br>2. 自願遷徙：安史亂後，因不堪戰爭破壞及軍事剝削，遂自動遷至契丹腹地。<br>這些農耕人口當中包含了許多專業人才（各種工匠），阿保機將他們安置於依其習慣而築成的「漢城」，使之操持舊業以取得農業資源，成為契丹的經濟基地。同時也起用一批漢人政治人才，以韓知古、韓延徽及康默記最為著名，他們協助阿保機將漢法應用於契丹的統治。如在《舊五代史》中便提到：「燕（按：指幽州）之軍民多為寇所掠，既盡得燕之人士，教之文法，由是漸盛。」<br><br>【改寫自：傅海波、崔瑞德（編），史衛民（等譯），《劍橋中國遼西夏金元史，907–1368》（北京：中國社會科學出版社，1998），頁57～59。任愛君，《遼朝史稿》（蘭州：甘肅民族出版社，2011），頁65～69。王明蓀，《遼金元史》（臺北：空大，2016），頁20】,teachers_book,宋元,社會,"[契丹, 漢人, 耶律阿保機, 漢城, 韓延徽]",V.2/Ch.3/近代以前的人群移動與交流,契丹統治下的漢人,,,
704,燕雲十六州乃指五代以來（後唐及後晉）被契丹占領的16個州郡，大致上位於今日北京、山西及河北北部一帶，乃北方游牧民族南下牧馬的第一站，因此對中原王朝而言，燕雲十六州乃是至-關緊要的國防重地。收復燕雲十六州的工作由周世宗柴榮開始，及至趙匡胤建國後亦將之納入統一戰爭之議程，甚至為了對收復此地的備戰或贖買工作（視情況而定）專設一財政庫，稱為「封樁庫」，然而宋太宗兩次北伐失敗後放棄收復，而將政策重心擺回國內。<br><br>【改寫自：游彪，《靖康之變：北宋衰亡記》（北京：中華書局，2007），頁10～23。何忠禮，《宋代政治史》（杭州：浙江大學出版社，2007），頁265～267】,teachers_book,宋元,政治,"[燕雲十六州, 契丹, 國防, 封樁庫, 宋太宗]",V.2/Ch.3/近代以前的人群移動與交流,燕雲十六州,,,
705,北面與南面的設置自１０世紀便已開始的習慣，之後為因應領土擴張與民族差異，形成所謂「二元統治」的作法。<br><br>| 實行者 | 機構 | 組成 | 管轄內容 | 其他 |<br>| :--- | :--- | :--- | :--- | :--- |<br>| 遼太祖<br>（耶律阿保機） | 南面官一<br>南宰相府 | 親屬關係<br>近親 | 漢人居民 | 南面官與皇帝本人著漢服 |<br>| | 北面官一<br>北宰相府 | 遠親 | 契丹與諸部，無論生活地域 | 北面官與皇太后（部族舊制代表）著契丹服 |<br>| 遼世宗<br>（耶律阮） | 南面官一<br>南樞密院 | 地域劃分<br>南部＋東部 | 漢人＋渤海人 | 仿唐代、五代之行政組織，多為漢人 |<br>| | 北面官一<br>北樞密院 | 北部 | 契丹及其屬部＋定居漢人、渤海人＋回鶻人 | 國是決策之處，握有政治實權，主要為契丹人 |<br><br>【改寫自：王明蓀，《遼金元史》（臺北：空大，２０１６），頁４９。傅海波、崔瑞德（編），史衛民（等譯），《劍橋中國遼西夏金元史，９０７–１３６８》（北京：中國社會科學出版社，１９９８），頁７６～７９】,teachers_book,宋元,政治,"[二元統治, 遼, 北面官, 南面官, 契丹]",V.2/Ch.3/近代以前的人群移動與交流,遼的二元統治,,,
706,| 時間 | 重要事件 | 意義 |<br>| :--- | :--- | :--- |<br>| 宋太祖～太宗<br>（９６０～９９７） | 祖宗之法的形成 | 守內虛外，消極被動<br>１. 太宗兩次征遼失敗，放棄以武力回收燕雲十六州<br>２. 儘量減少與遼的事端；諭邊民不得出塞，以保安定 |<br>| 宋真宗即位～景德２年（９９７～１００５） | 《澶淵之盟》 | 維持一百多年的和平<br>１. 遼大舉入侵，宋真宗親征雖有獲勝之機，但主張議和，故與遼簽訂和約<br>２. 議和條件：宋納銀絹、議定疆界於白溝河、約為兄弟 |<br>| 宋徽宗紹聖元年～宣和２年（１０９４～１１２０） | 海上之盟 | 《澶淵之盟》的瓦解<br>１. 對夏戰爭的勝利，使宋重新考慮對遼關係<br>２. 宋金約定攻遼，宋遼和平關係的終結 |<br>| 宋宣和２年～高宗紹興１１年（１１２０～１１４１） | 海上之盟～紹興和議 | １. 宋金攻遼<br>２. 宋遼關係轉成宋金關係 |<br><br>【改寫自：張云箏，《宋代外交思想研究》（鄭州：河南大學博士學位論文，２０１０），頁２２～２６，６５～６７】,teachers_book,宋元,政治,"[宋遼關係, 澶淵之盟, 海上之盟, 燕雲十六州, 歲幣]",V.2/Ch.3/近代以前的人群移動與交流,宋遼關係,,,
707,| | |<br>| :--- | :--- |<br>| **重要性** | 契丹人與漢人之間的經濟交流，主要是通過榷場貿易進行的 |<br>| **貿易商品** | **宋輸出** | 香、藥、茶、瓷器、漆器、繒帛、麻布、犀角、象牙、南珠、蘇木、銅、錫以及特許出口的糯和九經書疏等 |<br>| | **遼輸出** | 鹽、布、羊、馬、駝、北珠、玉器等 |<br>| **貿易概況** | 貨價大致合理。宋對遼經常採取「稍優其值予之」的政策。遼、宋雙方在榷場貿易中都獲得了大宗稅收，契丹人和漢人也都在榷場貿易中得到了實惠。遼、宋既是兄弟相呼的友邦，又是敵意未盡消失的鄰國，因此雙方對榷場貿易都訂有某些禁例 |<br>| **文化交流** | 私販彌補了禁例造成的空白，他們雖為牟取法外之利而鑽營，卻為溝通契丹、漢兩個民族經濟交流的渠道，起到了官方所不願起的作用。遼人在貿易中多用宋錢，據考古顯示，遼墓中出土的錢，宋錢占多數，唐錢次之，遼錢傳世的則很少 |<br><br>【改寫自：田相林，《宋遼「澶淵之盟」—古代少數民族與漢族長期和好的範例》（平原大學學報，第１８卷第４期，２００１年），頁４６～４７】,teachers_book,宋元,經濟,"[榷場貿易, 香藥, 茶, 羊, 馬]",V.2/Ch.3/近代以前的人群移動與交流,宋遼間的榷場貿易,,,
708,党項是一支多民族混合後的新的民族群體，党項本身的主要族源今多有爭議（有鮮卑、羌、藏之說）；姑從史書「党項羌」之用法（西夏時常被稱為「羌」），而拓跋為其中最強大的一支。自隋唐以來，因戰爭及生計因素而數次自願內附中國，與漢人混居。<br><br>| 時期 | 原因 | 其他 |<br>| :--- | :--- | :--- |<br>| 隋文帝 | １. 隋統一中國，生活較為安定，「千餘家」党項羌請求歸化定居旭州，首領給予「大將軍」官號<br>２. 党項羌進攻會州失敗後，降附 | 此時期的党項原屬吐谷渾政權，中原王朝向吐谷渾開戰後，党項向東及東南遷徙 |<br>| 唐高祖 | 党項羌派使者請求內附 | 設維州及恭州 |<br>| 唐太宗 | １. 党項羌首領細封步賴率眾要求內附<br>２. 党項其餘部落起而效尤<br>３. 內附３４萬口<br>４. 唐伐吐谷渾，党項一部助吐抗唐，後兵敗請降 | １. 設軌州<br>２. 設置岷州、奉州、岩州、遠州<br>３. 開河曲地為６０州<br>４. 設置３２個羈縻州 |<br>| 唐玄宗 | 吐蕃滅吐谷渾後，支配了青海及甘肅境內之党項羌，其因不堪吐蕃之統治，向唐請求內徙 | １. 部分內徙之党項羌被遷移至慶州（甘肅）<br>２. 未遷移者受吐蕃統治，改稱「彌藥」 |<br>| 唐代宗 | 濮固懷恩之亂時，党項羌與之結盟；加上部分党項羌與吐蕃聯合侵擾，為斬斷其結合，而將部分党項羌移入銀州及夏州（皆於今陝西）一帶，亦有部分遷至綏州、延州（皆於今陝西），甚至石州（今山西），以避吐蕃之鋒 | 党項羌之聚落分布經此及至五代、宋初，大致上已固定下來 |<br><br>【改寫自：湯開建，《党項西夏史探微》（臺北：允晨，２００５），頁３１～３３，９５～９６。吳天墀，《西夏史稿》（桂林：廣西師範大學出版社，２００６），頁５～１１。李蔚，《簡明西夏史》（北京：人民出版社，１９９７），頁４５～４７】,teachers_book,隋唐,政治,"[党項, 內附, 吐谷渾, 羈縻州, 吐蕃]",V.2/Ch.3/近代以前的人群移動與交流,隋唐帝國與党項間的關係,,,
709,西北邊境的「蕃族」（／蕃部）大部分仍以吐蕃為主，但並不是單一的民族，他們經歷了唐末五代到宋初政治形勢等因素導致的民族變遷，形成了許多「種族分散、不相統一」的政治組織型態，由於位置處在宋與西夏之間，而成為兩者爭奪以便作為牽制對方之力量。<br><br>| | 宋 | 西夏 |<br>| :--- | :--- | :--- |<br>| **意義** | 《宋史‧夏國傳》：党項、吐蕃、唃廝囉、董氈、瞎征諸部，夏兵力之所必爭者也，宋之威德亦暨其地，又間獲其助焉<br>１. 供應北宋軍馬<br>２. 處在聯絡中亞與西域的商路上 | １. 為西夏提供衣食<br>２. 對抗北宋的主要武裝力量 |<br>| **作法** | １. 大原則為羈縻懷柔<br>２. 根據與西夏的關係，改變對蕃族的經營方針：以蠻夷攻蠻夷<br>（１）與河西各政權結成共抗西夏的軍事同盟<br>（２）招安諸族，使之成為與西夏作戰的直接力量 | １. 以崇尚舊俗為號召：「大約党項與吐蕃，風俗相類」<br>２. 藉聯姻保持關係<br>３. 武力征服：主要手段<br>４. 外交手段：與宋議定不得招誘或接納蕃部歸附，但西夏方面並不遵守協議 |<br><br>【改寫自：李華瑞，《宋夏關係史》（北京：中國人民大學出版社，２０１０），頁２９１～２９９】,teachers_book,宋元,政治,"[蕃族, 吐蕃, 宋, 西夏, 羈縻]",V.2/Ch.3/近代以前的人群移動與交流,宋朝的西北邊境蕃族,,,
710,折可存家族為府州折氏的後代，原為居於黃河上游的党項族，漢化後世代統領蕃兵，《宋史・折德扆傳》說他「獨據府州，控扼西北」，以軍閥姿態活躍於邊疆地區；其曾經鎮壓響應方臘起義的呂師囊，並於宣和年間將方臘軍全數消滅。<br>【改寫自：何明新，黃中模，〈重讀《折可存墓誌》〉，收入《重慶師範學院學報（哲學社會科學版）》３（１９８０），頁６０～６２】,teachers_book,宋元,政治,"[折可存, 府州折氏, 党項族, 蕃兵, 方臘]",V.2/Ch.3/近代以前的人群移動與交流,折可存,,,
711,劉光世來自武將世家，隨父鎮壓方臘起義，亦平定苗劉之亂，為南宋「中興名將」。《宋史》稱其「律身不嚴，馭軍無法、不肯為國任事……方之韓（世忠）、岳（飛）遠矣。」宋室南渡後，有賴劉光世等將領收整盜賊、潰兵，在招降平定工作中聲勢益壯；至南宋高宗建炎四年，甚至形成了張俊、韓世忠、劉光世三大帥的局面。<br>【改寫自：王藝，《南宋初中央主力軍重建若干問題研究》（西安：西北大學碩士學位論文，２０１２），頁１５～１７。劉昕，〈武將劉光世（１０８６～１１４２）在苗劉兵中的影響力初探〉，收入《才智》１５（２０１９），頁２０４】,teachers_book,宋元,政治,"[劉光世, 中興名將, 苗劉之亂, 韓世忠, 岳飛]",V.2/Ch.3/近代以前的人群移動與交流,劉光世,,,
712,宋太宗兩次北伐失敗後，放棄收復燕雲十六州，而將政策重心擺回國內；直到遼的實力受到金的削弱後，宋看到了實際的機會，藉著與金結盟滅遼，拿回了部分州郡，卻因「合境不勝殘擾」而僅為空城，其中具戰略意義的平州、營州等則未收回。<br>【改寫自：游彪，《靖康之變：北宋衰亡記》（北京：中華書局，２００７），頁１０～２３。何忠禮，《宋代政治史》（杭州：浙江大學出版社，２００７），頁２６５～２６７】,teachers_book,宋元,政治,"[燕雲十六州, 宋太宗, 金, 遼, 北伐]",V.2/Ch.3/近代以前的人群移動與交流,燕雲地區的收復,,,
713,此即所謂的「海上之盟」，因為北宋與金之間隔著遼，故兩方於海路聯繫，故得名。其協議內容為：<br>１. 宋、金兩國同時出兵伐遼，金取遼之中京，宋取遼之燕京。宋、金兩國取遼地，雙方以松嶺、古北、榆關為界，不得逾越。<br>２. 遼朝滅亡後，燕京一帶漢地歸宋，宋輸遼歲幣與絹五十萬匹予金。<br>３. 宋軍先取遼西京道：蔚州、應州、朔州；西京則由北宋「就便計度收取」。其餘武州、歸化、奉聖、媯州、儒州等，由於金方用兵需求，待俘獲天祚帝後亦交割宋朝。<br>４. 金兵自平州趨古北口，宋兵自雄州趨白溝，不可違約，違約則難依已許之約。<br>５. 宋、金兩國俱不准與遼講和。<br>６. 宋取燕京後，金不得要求燕京系官錢物。<br>７. 事定後，雙方於榆關之東設榷場<br>【改寫自：何忠禮，《宋代政治史》（杭州：浙江大學出版社，２００７），頁２６１】,teachers_book,宋元,政治,"[海上之盟, 聯金滅遼, 歲幣, 燕京, 天祚帝]",V.2/Ch.3/近代以前的人群移動與交流,聯金滅遼,,,
714,南宋建政後，幾乎已無兵可用，於是「始召潰卒群盜以為五軍」，用這些流民組織自己的軍隊，是故「時三衙單弱，五軍皆出於盜」。這些流民本來就是北方人（「歸正人」），一方面有生理優勢（南宋政府認為南方人文弱矮小，不適當兵）；另一方面，「國家自渡江以來，兵事單弱，賴陝西及東北之人不忘本朝，率眾歸附以數萬計……後之良將精兵，往往皆當歸正人也，三十餘年捍禦力戰，國家以安」。<br>【改寫自：吳松弟，《北方移民與南宋社會變遷》（臺北：文津，１９９３），頁１６０～１６４】,teachers_book,宋元,社會,"[流民, 南宋, 歸正人, 潰卒, 兵事]",V.2/Ch.3/近代以前的人群移動與交流,流民收編為南宋軍隊的原因,,,
715,| | |<br>| :--- | :--- |<br>| **出口** | 宋代的國際貿易，出口以絲、帛、瓷器為主，其他工藝品也多外銷。當時中國的作坊工業，相當發達，鐵器、銅器、漆器，甚至印刷品，都可外銷 |<br>| **進口** | 南方進口的商品，以香藥與珠寶為主，北方進口則以皮毛及馬匹為多。南北進口貨，又都有一部分由中國轉運，如香藥轉運遼與西夏，再運往中亞各處，北來皮毛則轉運到日本及南方 |<br>| **貨幣** | 宋代經濟發達，金屬貨幣不夠用，必須從日本進口銅斤，從大理進口白銀 |<br>| **意義** | 宋代的國際貿易，較唐代為發達。因此，南宋偏安，卻因為有海道貿易，財富竟勝於國家全盛時。整體說來，當時南北各國，已編織為一個東亞的經濟圈，並以這一個互相通商的機制，經由海陸兩途，與亞洲內陸、南亞，與歐洲的經濟體相接 |<br><br>【改寫自：許倬雲，《我者與他者：中國歷史上的內外分際》（臺北：時報出版，２００９年），頁７６】,teachers_book,宋元,經濟,"[國際貿易, 絲, 帛, 瓷器, 香藥]",V.2/Ch.3/近代以前的人群移動與交流,宋代的國際貿易,,,
716,南宋時期，由於通往西域貿易路線的中斷；同時，東南沿海地區開發之成果，提升當地生產商品化的程度，出口商品生產的重心於是遷到江南地區，財政短缺的問題透過市舶得到彌補，成為南宋國家經濟的重要收入，甚至官營的市舶司貿易也以繁榮的民營外貿作為基礎，因此南宋更加鼓勵民間舶商的貿易活動，甚至要求商人出海。<br>【改寫自：葛金芳，〈南宋海外貿易方式論析〉，收入《決策與信息》５（２００７），頁２０、２６】,teachers_book,宋元,經濟,"[南宋, 海外貿易, 市舶, 舶商, 財政]",V.2/Ch.3/近代以前的人群移動與交流,南宋貿易興盛之因,,,
717,猛安謀克組織乃是從「孛堇」及「勃極烈」的軍事組織（即萬戶、千戶及百戶等，由部族將領擔任）變化而來，其出於女真族的兩個根源，即半農半牧及氏族社會組織，原本是一種圍獵組織；金太祖一方面為了能夠直接控制軍隊，另一方面要對原始的氏族組織進行改革使之官僚化，而訂定「三百戶為謀克，十謀克為猛安——如郡縣置吏之法」，使之成為受封的地方領地，成為領地與領戶結合的單位（村寨或堡寨），軍事任務外兼備了行政及經濟功能，並且能夠向新占領土推展，以屯田方式完成對新占領土的控制。<br>【改寫自：王明蓀，《遼金元史》（臺北：空大，２０１６），頁２０３～２０５。焦慧，〈猛安謀克的興衰〉，收入《社會科學輯刊》３（１９９０），頁９０～９１】,teachers_book,宋元,政治,"[猛安, 謀克, 女真族, 孛堇, 金太祖]",V.2/Ch.3/近代以前的人群移動與交流,猛安與謀克,,,
718,金的漢化經過金熙宗及海陵帝的推展，已十分深入，金世宗有鑒於此乃推行本土化運動——然而這並不意味著反對漢化（因而成為失敗的因素）；其主要作法，並不是要將漢人變為女真人，而是鞏固女真人自身的文化認同，某種程度上是將漢人與女真加以隔離的方式進行，比方禁止女真人著漢服、用漢名，王公貴戚必須恢復使用女真名；宮廷中僅使用女真話，不會說的人必須從頭學習等等。但這些作法並沒有達到目的，繼任的章宗及宣宗朝時漢化的程度更強，除了種族差異外，其國家政府制度基本就同漢人樣式。<br>【改寫自：王明蓀，《遼金元史》（臺北：空大，２０１６），頁２２５～２２６。傅海波、崔瑞德（編），史衛民（等譯），《劍橋中國遼西夏金元史，９０７–１３６８》（北京：中國社會科學出版社，１９９８），頁２８７～２９１】,teachers_book,宋元,文化,"[女真, 漢化, 金世宗, 本土化, 文化認同]",V.2/Ch.3/近代以前的人群移動與交流,女真本位文化,,,
719,猛安、謀克是軍事單位、行政單位及經濟單位，故所謂制度的破壞即是此三種功能的損壞，其功能的衰退又彼此息息相關。此一制度的原始功能乃為「平時耕種，急時出戰」，但移植到了中原後，圈了大量土地成為地主又兼地方長官，收取地租而不事耕稼（也造成組織內部的貧富分化問題），且因逐漸漢化不再以習武為尚反而參加策試科舉（「欲國人兼知文武」），加上金在中原地方建政後，猛安謀克組織因為統治條件的變化轉化為國家軍隊（章帝時），行政功能遭到破壞，戰鬥力銳減以及軍紀敗壞，加上發展到最後官多兵少問題嚴重；金為補救此一問題，組織了「紅軍」和「忠義軍」（契丹等外族組成）來取代之，表明了猛安謀克制度的全面崩潰。<br>【改寫自：焦慧，〈猛安謀克的興衰〉，收入《社會科學輯刊》３（１９９０），頁９３～９４。張博泉，〈論金代猛安謀克制度的形成、發展及其破壞的原因〉，收入《文史哲》（１９６３），頁４７～５０】,teachers_book,宋元,政治,"[猛安, 謀克, 漢化, 策試科舉, 忠義軍]",V.2/Ch.3/近代以前的人群移動與交流,猛安與謀克制度的敗壞,,,
720,１. 背景：蒙古向外征服的時間，乃在國家建立後，何以有此需求且能長久維持其作戰動能，目前學界由諸多方面探討：<br><br>| | |<br>| :--- | :--- |<br>| **經濟與政治需求** | 作為游牧民族，掠奪是生產方式，且為領袖建立或維持權威的條件 |<br>| **心理／宗教** | 游牧民族因薩滿教中蘊含的普遍王權之概念，以此作為精神進行征服事業 |<br>| **氣候變遷** | １２、１３世紀因蒙古地區溫度驟然變低，使游牧條件惡化，此一天災使其必須進行掠奪的生產，尤其是農耕民族的生活資源 |<br><br>２. 征戰<br><br>| 時間 | | 西征 | 南進 |<br>| :--- | :--- | :--- | :--- |<br>| １２０５～１２１８ | | 西夏、滅西遼（／後遼）、西北諸部 | |<br>| １２１８～１２２４ | 鐵木真 | 征花剌子模 | 征金 |<br>| １２２４～１２２７ | | 西夏亡、欽察草原地區 | |<br>| １２３０～１２４０ | 窩闊台 | 滅花剌子模、欽察草原地區<br>波蘭、匈牙利 | 滅金<br>南宋、高麗 |<br>| １２４６～１２４８ | 貴由 | | 西藏地區 |<br>| １２５１～１２５９ | 蒙哥 | 滅亦思馬因、滅阿拔斯王朝、入侵敘利亞 | 征南宋、征吐蕃、滅大理 |<br><br>【改寫自：蕭啟慶，《蒙元史新研》（臺北：允晨，１９９４），頁８～１３。周良霄、顧菊英，《元史》（上海：上海人民出版社，２００３），頁１３４～２４８】,teachers_book,蒙古,政治,"[蒙古, 征戰, 鐵木真, 窩闊台, 蒙哥]",V.2/Ch.3/近代以前的人群移動與交流,蒙古軍隊的征戰,,,
721,## 漢化程度<br>在成為大汗之前，忽必烈因統轄河北自己的封地，對中國生活方式略知一二。他任用漢人、回紇人和中亞人為謀士，甚至會說一點漢話<br><br>## 建立朝代<br>１２６４年，他將國都從蒙古的哈剌和林遷至北京，定名為大都。１２７１年，他又為其治下的王朝起了一個中國名字——元（取自《易經》：「大哉乾元」），並舉行中國的宮廷儀典<br><br>## 進攻南宋<br>１２６８年，他們開始圍攻襄陽。圍城長達５年之久。南宋不乏決心抗蒙的文官武將，但他們無法齊心協力。當時的宋代皇帝是個孩子，權臣彼此爭鬥不休。１２７５年，蒙軍渡江後，謝太皇太后發布詔書呼籲禦敵，兩個月內２０萬人響應入伍，但兵力仍無法抗敵，進軍杭州途中，蒙古人下令屠城，南宋軍隊全軍覆沒<br><br>【改寫自：伊佩霞（Patricia Buckley Ebrey），趙世愉、趙世玲、張宏艷，《劍橋插圖中國史—西方人眼中的中國文明奧秘》（臺北：果實出版，２００２），頁１３９】,teachers_book,蒙古,政治,"[忽必烈, 漢化, 大都, 元, 南宋]",V.2/Ch.3/近代以前的人群移動與交流,忽必烈,,,
722,此即「海都之亂」（１２６９～１３０３）。海都為窩闊臺之孫，長期關注忽必烈與阿里不哥之王位爭奪；當阿里不哥失敗後，海都一派重新崛起，藉口忽必烈「違背祖宗成法」為由反抗元朝，而這次反抗暗示兩事：首先，君主專制與氏族公產（封建制度）的矛盾；第二，國家走向之方針（草原帝國、中原農耕帝國）——因中原定居農耕帝國的勝利，使西北諸王向忽必烈宣戰（「本朝舊俗與漢法異，今留漢地，建都邑城廓。儀文制度，遵用漢法，何故？」），三十年之爭戰分裂了蒙古帝國，元朝的宗主權僅獲伊兒汗國之承認。<br><br>【改寫自：劉迎勝，《蒙元帝國與１３–１５世紀的世界》（北京：三聯，２０１３），頁４５～４７。蕭啟慶，《蒙元史新研》（臺北：允晨，１９９４），頁２０～２２】,teachers_book,蒙古,政治,"[海都之亂, 忽必烈, 窩闊臺, 阿里不哥, 蒙古帝國]",V.2/Ch.3/近代以前的人群移動與交流,海都之亂,,,
723,| | 蒙古人、色目人 | 漢人、南人 |<br>| :--- | :--- | :--- |<br>| **政治** | 中央至地方的重要官員，正職一般由蒙古人及少數色目人擔任 | 只能任副職或屬員，「一代之制，未有漢人、南人為正官者」 |<br>| **科舉取士** | 列右榜，只考兩場、可授六品官 | 列左榜，須考三場、授官則降一級 |<br>| **徵斂** | 蒙古人的馬匹不須繳交給政府，色目人只須繳交一部分 | 漢民擁有的馬匹須全數交給政府 |<br>| **法律** | 蒙古人毆打漢人或打死漢人，罪刑都很輕 | 漢人殺蒙古人則不僅處以死刑，而且還要付燒埋銀 |<br>| **軍事** | 蒙古人是軍事上的重要組成分子 | 禁止漢人擁有兵器、馬匹，不許漢人射獵、習武、集會，甚至連夜間點燈、行路也要受到管制 |,teachers_book,蒙古,社會,"[種族, 蒙古人, 色目人, 漢人, 南人]",V.2/Ch.3/近代以前的人群移動與交流,種族差別待遇政策,,,
724,元朝建立後，儘管有種族歧視政策（歧視≠隔離），由於來到人口及文化上占優勢的中原地區此一環境影響，加上政府統治的需求與倡導以及中期後科舉之恢復，讓定居中原的蒙古人與色目人因而開始研習漢學而逐漸「士人化」。值得一提的是，「士人化」並不等同「漢化」，士人化乃指其熟諳儒學、漢學，而漢化乃指文化認同的改變，但作為統治階級的蒙古人及色目人仍然保持著「游牧文化認同」，開始漢化的時點乃在元代末期，一方面長期浸淫於漢文化，另一方面種族優越性受到動搖時，方有可能。<br><br>【改寫自：蕭啟慶，《元代的族群文化與科舉》（臺北：聯經，２００８），頁５５～６０】,teachers_book,蒙古,文化,"[士人化, 漢化, 蒙古人, 色目人, 儒學]",V.2/Ch.3/近代以前的人群移動與交流,多元民族融合的文化圈,,,
725,「薩滿教」是以「薩滿」（巫師、知者，透過催眠和狂喜的宗教經驗得到力量）為中心的一種宗教信仰，目前研究認為，薩滿教通常起源於游牧一採集作為主要生產方式的文化中，相信萬物有靈（世界容納了大量的靈體），而這些靈魂對人損益不定。其字源在滿洲—通古斯語中表示「知道」（to know），宗教表現在各別文化中不全然相同，但薩滿的基本能力包括治病、溝通冥界（在蒙古稱「長生天」），護送死靈至冥界；而依照嚴格的定義，則特指北亞民族的宗教體系。元朝時，部分蒙古上層人士接受了佛教和景教，但以外仍然保持薩滿信仰和習俗，一般人對之仍十分敬畏；甚至薩滿對蒙古的政治、軍事亦有深刻影響，例如鐵木真初建國時，薩滿領袖便藉長生天之旨意挑起皇室衝突；後來窩闊臺也借薩滿之口除去其最大政敵拖雷，而以此手法進行政治鬥爭在蒙古史上不在少數。<br><br>【改寫自：Shamanism. (2019). In Encyclopaedia Britannica. Retrieved from https://academic.eb.com/levels/collegiate/article/shamanism/109509。白壽彝、陳得芝編，《中國通史：中古時代・元時期》（上）（上海：上海人民出版社，２０１５），頁５２０～５２６】,teachers_book,蒙古,文化,"[薩滿, 薩滿教, 長生天, 鐵木真, 窩闊臺]",V.2/Ch.3/近代以前的人群移動與交流,薩滿信仰,,,
726,"西方稱之為「探索時代」（Age of Discovery）主要在１５世紀中至１６世紀中這一段時期，幾個重要的因素促使當時的人們探索新的航路（地理大發現是這個時代的重大事件，卻不是最重要的航海動機），其因素包括：<br>１. １４世紀末，廣大的蒙古帝國崩潰，西方商人的陸上貿易路線安全性不再能被確保。<br>２. 鄂圖曼土耳其及威尼斯人控制了地中海地區的商業活動，以及這條通往東方的海上貿易路線。<br>３. 大西洋岸的歐洲新國家（葡萄牙及西班牙）已經準備好尋找跨洋貿易的航路。<br><br>【改寫自：Britannica Academic, s.v. ""European exploration,"" accessed November 6, 2019, https://academic-eb-com.autorpa.lib.nccu.edu.tw/levels/collegiate/article/European-exploration/106073】",teachers_book,大航海時代,經濟,"[大航海時代, 探索時代, 蒙古帝國, 鄂圖曼土耳其, 葡萄牙]",V.2/Ch.3/近代以前的人群移動與交流,大航海時代,,,
727,「重農抑商」在中國各時期有不同的表現，但大致上都是其經濟政策之基礎，此一思想在戰國時代商鞅變法時期臻於成熟，一方面農業生產為「實業」有真正的產出，且農民安土重遷之保守性格有助於統治效果；反過來商業「互通有無」之營生被視為「不勞而獲」，且經商者累積財富快速有時甚至壟斷商品，對社會經濟造成問題。朱元璋在此傳統下亦強調「崇本抑末」，藉著政策及措施具體落實，包含路引制度、市籍制度、鈔關制度及海禁政策，限縮商人前往各地經商的行動自由，並貶抑商人的社會地位。<br><br>【改寫自：林聿靜，〈我國古代重農抑商政策的由來〉，收入《中外企業家》１７（２０１４），頁２３１。于少海，〈明代重農抑商政策的演變〉，收入《東華理工學院學報（社會科學版）》１：２３（２００４年３月），頁３９～４０】,teachers_book,明清,經濟,"[重農抑商, 商鞅, 崇本抑末, 朱元璋, 海禁]",V.2/Ch.3/近代以前的人群移動與交流,重農抑商,,,
728,明朝立國後，為防止其他反元的殘餘勢力與海外諸國勾結，另一方面乃是「倭寇」的猖獗，倭寇對東南沿海的擾亂實際上始於明初，在嘉靖年間到達高峰；其作為一個集團乃各個族群的混合體，其組成來自於日本、中國與佛朗機人。<br><br>| 項目 | 內容 |<br>| :--- | :--- |<br>| **外部因素** | １. 戰爭<br>（１）日本陷入國內的政治鬥爭時，一方面為了取得資源，部分「大名」將浪人、武士和商人組織起來至中國掠奪及貿易<br>（２）日本國內戰爭中的失敗者，亡命海上，成為倭寇<br>２. 貿易<br>（１）朝貢貿易的限制性無法滿足日本的需求，倭寇乃傾向以搶劫填補需求<br>（２）明朝部分官員主張「倭患起於市舶」，而廢除了市舶、拒絕日本遣使朝貢，亦即廢除了通商管道，日人與沿海之「奸民」及佛朗機人於是互相勾結，在沿海各地掠奪 |<br>| **內部因素** | １. 中國政治腐敗，民生凋敝，大小動亂不斷，許多沿海人民為謀生計不得不入海為盜<br>２. 皇族內的政治鬥爭導致軍政廢馳，國力大為削弱 |<br>| **結果** | １. 海禁政策：針對倭寇與沿海「閩浙大姓」及「奸民」的互相勾結<br>２. 加強海防：組織訓練軍隊，至戚繼光終於肅清沿海侵擾問題<br>３. 解除部分海禁：倭寇問題解決後，明廷也警覺到了海禁的錯誤，而開放沿海人民有條件地進行合法的海上貿易，以稅餉制度課稅 |<br><br>【改寫自：陳捷先，《明清史》（臺北：三民，２００４），頁６４～６５。傅衣凌（主編），楊國楨、陳支平（著），《明史新編》（臺北：昭明，１９９９），頁２４７～２５８。朱杰勤，《華僑史》（桂林：廣西師範大學，２０１１），頁２０】,teachers_book,明清,經濟,"[海禁, 倭寇, 朝貢貿易, 市舶, 戚繼光]",V.2/Ch.3/近代以前的人群移動與交流,海禁政策下人民向海外發展的動機,,,
729,流民問題肇因於明朝時期的內憂外患，外患指的是邊境地區的各種外族侵擾，例如「北虜南倭」（蒙古與倭寇），內憂乃指大小不斷的民變，究其因素乃在政治腐敗，中央地方受權臣之把持、任用私人，帝室皇族用度舖張，地方政治機關功能不彰、土地兼併問題嚴重，加上戰費支出，更進一步造成財政問題，為了增加稅收，政府「加派」徵稅，農民為求逃稅而願為「投靠」或「鬻身」於縉紳仕宦之家，破壞了農工等產業發展。在這些長時期的潛憂下，陝西爆發乾旱，成為流民起事之根源，這些流民後來與領不到餉銀及生活困苦的陝北譁變士兵，及因撙節開支而被裁員的驛卒互相結合，便從飢民擴大為流民，到處劫掠，成為明亡的主因之一。<br><br>【改寫自：李文治，《晚明民變》（北京：中國電影出版社，２０１３），頁３～２９。呂士朋，《明代史》（臺北：空大，２００６），頁２１０】,teachers_book,明清,社會,"[流民, 北虜南倭, 土地兼併, 加派, 驛卒]",V.2/Ch.3/近代以前的人群移動與交流,流民問題,,,
730,明代的軍籍移民藉衛所設置而展開，明廷為節約養兵花費及便於調動，以衛所管轄的軍屯據點遍布全國。基於衛所的軍事及經濟目的，軍屯經常設置在適耕土地及交通便利處，加上明代軍籍世襲，軍眷必須隨同遷徙，大批軍事移民在適於生產的土地上有利於經濟繁榮，衛所逐漸發展成「衛所城鎮」。衛所城鎮以持續制度化的方式強化政府治理的力量，也能夠對其徵稅，在少數民族地區亦執行了漢化的功能。這些新興市鎮如貴州地區的貴陽城及安順城，又如湘西地區的辰州衛下轄沅陵縣、麻陽縣、辰溪縣及漵浦縣，正是衛所城鎮規模擴大的結果。<br><br>【改寫：葛劍雄，《中國移民史》（臺北：五南，２００５），頁７８。王珊瑤，《明清湘西軍事衛所與城鎮發展研究》（江西：江西師範大學碩士論文，２０１８），頁３３。羅婷，《「一線路」上明代屯田研究》（貴州：貴州大學碩士論文，２００６），頁７４～７５、７９】,teachers_book,明清,社會,"[衛所, 軍籍移民, 軍屯, 衛所城鎮, 漢化]",V.2/Ch.3/近代以前的人群移動與交流,衛所城鎮,,,
731,土司制為針對西南地區少數民族所設立的行政方式，始於元而備於明，其發展如下：<br><br>| 朝代 | 背景 | 制度 |<br>| :--- | :--- | :--- |<br>| **元** | 蒙古攻下西南地區後，其統治受到少數民族的激烈反抗，殺官抗稅不窮，故官員無法進入統治 | 改行「招撫」政策，將率員來歸的首領，給予蠻夷官之職，稱土司或土官 |<br>| **明** | 沿用元代舊制，但是強化其漢化過程；大量分封土司，但嚴格管理，強化其與中央政府間的統屬關係；進行儒學教化，獎勵興學 | １.《明史・卷３１０》〈土司〉：西南夷來歸者，即用原官授之，其土銜號曰宣慰司，曰宣撫司，曰招討司，曰安撫司，曰長官司。以勞績之多寡分尊卑之等差，而府州縣之名亦往往有之<br>２. 西南部分地區施行改土歸流 |<br>| **清** | **順治**<br>**康熙** | 儘管已建政中原，但仍需全力對付反滿勢力，故無暇處理西南地區，仍循前例「招撫」 | 大致上都沿用明代舊法，行政功能及其行政範圍，及土司的權利義務規定更為明確詳細 |<br>| | **雍正** | 世襲土司又因軍政合一而具相對之獨立性，終於發展成尾大不掉的邊境勢力，對國家統治為不穩定的危險因素 | 雍正在鄂爾泰的建議下，決心大規模實行改土歸流，即以中央委派的流官取代土司進入治理，建立保甲制度，完成嚴密的中央集權之治理 |<br><br>【改寫自：鄭天挺（等著），《清史》（臺北：昭明，１９９９），頁４０５～４０９。呂士朋，《明代史》（臺北：空大，２００６），頁８２。白壽彝（總主編），《中國通史：中古時代・清時期》（上冊）（上海：上海人民出版社，２０１５），頁１６３】,teachers_book,明清,政治,"[改土歸流, 土司, 流官, 雍正, 西南地區]",V.2/Ch.3/近代以前的人群移動與交流,改土歸流,,,
732,改土歸流的工作，實際上自康熙朝已經開始，但是真正有成效乃在雍正時期，西南土司制度的相對獨立性成為帝國統治的一大隱患，在鄂爾泰的建議下，雍正同意處理此一問題，以軍事介入的方式推進大規模的改土歸流，而引起西南境的強烈反抗，許多人受到屠殺，最終廢除大量土司、土官，以流官進入統治；然而改土歸流的作法並非十分澈底，部分土目仍被保留，或又增設一些新的土司，是故此一制度仍延續到清末。其主要成效除了深化國家治理的一體化外，對於過去受土司把持的封閉條件打破，包含當地土著的人身解放以及地域限制，文化、經濟等各種層面的交流均得到提升。<br><br>【改寫自：鄭天挺（等著），《清史》（臺北：昭明，１９９９），頁４０９～４１０。白壽彝（總主編），《中國通史：中古時代・清時期》（上冊）（上海：上海人民出版社，２０１５），頁１６４～１６５】,teachers_book,明清,政治,"[改土歸流, 雍正, 鄂爾泰, 土司, 流官]",V.2/Ch.3/近代以前的人群移動與交流,改土歸流造成的影響,,,
733,清代直至雍正時期，因為較長時期的和平及糧食作物的引進，使人口成長變為國家及人民自身的巨大壓力，此時因封禁政策而地廣人稀的東北地區成為新的拉力來源，偷渡私墾所在多有；有時華北地方發生災害，政府亦放行災民出關，以解決一時之難，但難民出關後的墾殖定居，政府難以禁止。雖然原則上政府多次重申封禁，但顯然封禁之令依照情況有寬緊之彈性空間，嚴時為杜絕流民強化出關控管，甚至以提高租稅手段使其無利可圖，但未有太大成效；有時即便查緝到流民，仍務實地以適當管理為原則，將其身分及私墾之地進行登錄。<br><br>【改寫自：林士鉉，《清季東北移民實邊政策之研究》（臺北：政大歷史系，２００１），頁８１～８８】,teachers_book,明清,社會,"[封禁政策, 東北, 流民, 私墾, 出關]",V.2/Ch.3/近代以前的人群移動與交流,清朝的放寬禁令,,,
734,清之攻臺原意本就為杜絕鄭氏政權之騷擾，故得到臺灣後亦採消極治理的態度，為減低統治成本，乃頒布「渡臺禁令」歷時１９０年之久；雖然渡臺之人頗受禁令所限，但偷渡者仍十分繁多，且開墾規模亦愈來愈大。在明鄭時期之漢人人口粗估約１２～２０萬之譜，到了臺灣入清版圖因遷部分人口回中國，而剩約１０萬人左右，然而到了１８１１年（嘉慶１６年）則增加到了近２００萬人，直到１８９５年割讓日本時，已達２５０萬人。<br><br>【改寫自：薛化元，《臺灣開發史》（臺北：三民，２００６），頁５３、６２～６４。葉振揮，《臺灣開發史》（臺北：普林斯頓，２００３），頁５３】,teachers_book,清治臺灣,社會,"[渡臺禁令, 偷渡, 人口, 嘉慶, 明鄭]",V.2/Ch.3/近代以前的人群移動與交流,臺灣人口的成長,,,
735,鄭和下西洋之目的，主要內容可歸納如下：<br><br>| | | |<br>| :--- | :--- | :--- |<br>| **政治考量** | 尋找建文帝（惠帝）下落 | 建文帝即位後，因行削藩政策，使燕王朱棣（後為明成祖）以「靖難」名義造反，後建文帝下落不明，或說其隱於南洋；由於朱棣得位違背法理，為鞏固其位，必然尋找建文帝下落 |<br>| | 宣揚國威 | 成祖因「遠慕唐宋賓服四夷之盛」的傳統天下秩序觀，而一面征伐擴張，一面藉展示國威「宣懷柔遠」，令外邦來朝；同時藉此大規模外交活動，確立其穩坐帝位的資格 |<br>| **軍事考量** | 包抄帖木兒帝國 | 帖木兒帝國因爭位而陷入分裂，未能構成威脅 |<br>| **經濟考量** | 促進海外貿易 | 以「朝貢」配合海禁政策，壟斷海上貿易活動，使朝貢成為貿易唯一管道，成為羈縻外國的手段 |<br><br>【改寫自：鄒呂輝，《從政治地理學的角度論析鄭和下西洋的歷史作用及其現實啟示》（浙江：浙江大學碩士論文，２０１５），頁２０～２２。郭曉勇，《鄭和下西洋的影響及其中斷原因》（湖北：華中師範大學碩士論文，２００６），頁１５～２１】,teachers_book,明清,政治,"[鄭和, 下西洋, 建文帝, 宣揚國威, 朝貢]",V.2/Ch.3/近代以前的人群移動與交流,鄭和下西洋,,,
736,麻六甲王國為了擺脫暹羅國（信奉佛教）的政治干預，加上為了獲得穆斯林商人的支持，第三代國王以７２歲之高齡皈依伊斯蘭教。作為強大海上商業中心的麻六甲王國成為伊斯蘭教在東南亞的中心（而有「小麥加」之稱號）；麻六甲一方面藉著商業貿易推動傳教事業，另一方面麻六甲王國之屬國也一體信奉了伊斯蘭教，並標舉宗教作為反抗以佛教為國教的暹羅之勢力。<br><br>【改寫自：范若蘭等著，《伊斯蘭教與東南亞現代化進程》（北京：中國社會科學出版社，２００９），頁５５】,teachers_book,東南亞,文化,"[麻六甲王國, 伊斯蘭教, 暹羅國, 穆斯林, 小麥加]",V.2/Ch.3/近代以前的人群移動與交流,麻六甲王國的改宗,,,
737,若將東南亞伊斯蘭教對比其發源地，有所謂的「不正統」、「不純潔」的現象。因其由穆斯林商人及蘇非派傳教士（神秘主義派別）傳入，加上是由上而下，在民間傳播雖快但不深入，本土文化對其影響極大——此之謂本土文化者，指的是印度文化的影響，婆羅門教和佛教在東南亞地區先後都據有崇高之地位，伊斯蘭教的傳入方式雖不深刻但稱廣泛，乃與本地文化互相結合，重要者約略如下：<br>１. 王權與完人觀念：阿拔斯王朝後的伊斯蘭教受波斯文化之影響而強調王權及宮廷文化，自稱為「阿拉在地球上的影子」；而蘇非派的完人觀主張完人「與阿拉相通，具超自然威力、不犯錯」，對於王權有神化的作用（也保留過去來自西亞及印度各種神化王權的封號）。<br>２. 本土社會習俗與蘇非神秘主義：東南亞本土宗教主張萬物有靈論，與蘇非派「阿拉無所不在」的思想結合；加上蘇非派傳教常引用家庭成員的隱喻（傳教士與信徒關係如父母與子女、兄弟等），且經常顯示「奇跡」（吞火、懸浮飛升等）使民眾拜服，而且在宗教儀式上透過音樂及舞蹈進行，與東南亞巫術儀式頗為接近。<br><br>【改寫自：范若蘭（等著），《伊斯蘭教與東南亞現代化進程》（北京：中國社會科學出版社，２００９），頁６５～７０】,teachers_book,東南亞,文化,"[伊斯蘭教, 蘇非派, 本土文化, 王權, 萬物有靈論]",V.2/Ch.3/近代以前的人群移動與交流,東南亞伊斯蘭教的特色,,,
738,東南亞的許多商業城市，常常由於受到戰爭的蹂躪而破敗，或者因低度開發而無甚發展，比如印尼的首都雅加達（巴達維亞）及馬來西亞的吉隆坡在建城前後皆有如此問題，因此西方殖民者建立殖民統治後，皆致力於城市的興建開發，因而需要各種專業人力，例如荷治印尼時期便經常招徠木匠、油漆匠、裝修匠等，又或者使用非法方式（誘捕、拐騙、人口販賣等）獲取人力資源；此外，由於歐洲人在東南亞經營許多大種植園，為勞力密集之產業，故亟需大量人力投入。<br><br>【改寫自：莊國土、劉文正，《東亞華人社會的形成和發展：華商網絡、移民與一體化趨勢》（廈門：廈門大學出版社，２００９），頁６２～６３。巫樂華，《南洋華僑史話》（臺北：臺灣商務，１９９４），頁４５～５１。楊國楨，鄭甫弘，孫謙，《明清中國沿海社會與海外移民》（北京：高等教育出版社，１９９７），頁２９～３１】,teachers_book,東南亞,經濟,"[殖民者, 人力, 雅加達, 種植園, 勞力密集]",V.2/Ch.3/近代以前的人群移動與交流,殖民者的人力需求,,,
739,菲律賓是南洋群島中，距離中國最近之國家，亦為華人移民最早之地。至西班牙統治時期，由於「教宗子午線」的畫定，而不能直接至中國貿易，故需仰賴中國人來菲律賓進行貿易活動，加上其在菲律賓之莊園與礦井需要大量人力開發，而大量招募漢人，至１７世紀初華人人口已成長至２萬５千人，人口成長的迅速使殖民者產生憂慮，擔心其與菲律賓土著結合反抗，故在對華人態度上轉為排斥，甚至依政策需求加以屠殺。<br><br>| 時間 | 背景 | 影響 |<br>| :--- | :--- | :--- |<br>| **１６０３** | 明末財政困窘，因而四處尋求開源，時有人建議明神宗至呂宋勘查礦山，故有中國官員來菲考查金礦，殖民者認為華僑可能與中國政府通謀，中國官員之考訪即是對軍情的勘查，而危及其統治 | １. 時旅菲華人約３萬，屠殺事件中華僑死亡人數約２萬５千人<br>２. 由於華人在經濟上肩負了商品運輸及工匠工作，故其大量死亡使貿易停頓，造成「馬尼拉經濟陷於停滯狀態」，各種經營亦停頓下來 |<br>| **１６３９** | 華僑運貨商船為西人擊沉，因交涉無果使華僑憤怒，加上在菲華僑長年累月受到殖民者的壓迫性統治，遂釀成暴動事件，並很快蔓延菲律賓各地 | １. 殖民者對華僑進行全面鎮壓，把僑居各省之華僑盡悉屠殺，死亡人數約２萬２至２萬４千人之譜，財損約７百萬批索<br>２. 再次造成經濟停頓問題 |<br>| **１６６２** | １. 鄭成功於１６６２年結束荷蘭對臺統治，不久後，遣使要求西班牙人至臺朝貢並譴責其壓迫華僑之行為，西班牙人藉此稱在菲華人有陰謀叛亂之嫌<br>２. １６６２年為菲律賓人對抗殖民統治暴動的高峰期，其反抗運動得到大量華人支持 | １. 殖民者將非基督徒的華人驅逐出境<br>２. 於馬尼ла集結軍隊，後蓄意生事以激怒華人騷動，因考慮到華人的經濟角色而未全數屠盡，但死者仍有數千人 |<br>| **１６８６** | 馬尼拉華僑因不堪殖民剝削與迫害的循環加劇，在丁哥（Tingco）領導下進行反抗，殺死殖民警官、包圍市長住宅 | 殖民者前往鎮壓，丁哥處死，並追捕逃亡的參與者，華僑死傷慘重 |<br><br>【改寫自：曾少聰，《東洋航路移民：明清海洋移民臺灣與菲律賓的比較研究》（江西：江西高校，１９９８），頁５７～６５。朱杰勤，《華僑史》（桂林：廣西師範大學出版社，２０１１），頁３８～３９。李永錫，〈西班牙殖民者對菲律賓華僑壓迫的政策與罪行〉，收入《中山大學學報》４（１９５９），頁９２～１０１】,teachers_book,西班牙,社會,"[西班牙, 菲律賓, 華人屠殺, 鄭成功, 馬尼拉]",V.2/Ch.3/近代以前的人群移動與交流,西班牙四次的華人屠殺,,,
740,"麥士蒂索人為大西洋岸伊比利半島國家殖民時代，特指混血兒，後來不只使用在西班牙及葡萄牙殖民地，也應用在亞洲地區，並逐漸有些不同的意涵：<br>1. 中南美洲：指印地安人與歐洲人之混種。<br>2. 厄瓜多：發展出社會與文化意涵，一個純血的印地安人一旦採取了歐洲的穿著與習慣，也被稱為麥士蒂索人。<br>3. 菲律賓：當地人與外人（如華人）之混血兒。<br><br>【改寫自：Britannica Academic, s.v. ""Mestizo,"" accessed November 7, 2019, https://academic-eb-com.autorpa.lib.nccu.edu.tw/levels/collegiate/article/mestizo/52254】",teachers_book,中南美洲,社會,"[麥士蒂索人, 混血兒, 印地安人, 菲律賓, 華人]",V.2/Ch.3/近代以前的人群移動與交流,麥士蒂索人,,,
741,中國與暹羅交流的主要目的在於貿易，尤其在阿瑜陀耶王朝時期（14～18 世紀）與中國的關係獲得頗大之進展。由於明初海禁政策之故，暹羅藉「朝貢貿易」的方式完成兩國通商的目的，並因朱元璋賜給阿瑜陀耶國王「邏羅國王之印」而正式稱為「暹羅國」。到了清代兩國關係亦十分和諧，貿易往來不斷（包含官方及民間），尤其在清政府解除海禁後更加興盛，也吸引了許多中國東南沿海地區的貧農前往暹羅謀生，這些僑民在暹羅主要從事農業、手工業及商業活動，且「居住該國歷經數代，多有親屬妻子」。<br><br>【改寫自：鄭天挺（等著），《清史》（臺北：昭明，1999），頁 538～540。田禾，周方治（編著），《列國志：泰國》（北京：社會科學文獻出版社，2009），頁 89～90】,teachers_book,東南亞,經濟,"[暹羅, 朝貢貿易, 阿瑜陀耶王朝, 海禁, 僑民]",V.2/Ch.3/近代以前的人群移動與交流,中國與暹羅的貿易交流,,,
742,英國沿用在印度和緬甸的統治手段而來，可劃分為三種方式：<br><br>| | |<br>| :--- | :--- |<br>| **地域** | 分區管理，以便破壞可能的民族團結意識；以及在其聯合反抗時，能夠各個擊破 |<br>| **階級** | 將上層統治階級及平民大眾差別對待 |<br>| **宗教或民族** | 利用宗教和民族差異，製造內部矛盾，特別用來煽動馬來人反對華人 |<br><br>【改寫自：朱杰勤，《華僑史》（桂林：廣西師範大學出版社，2011），頁 121】,teachers_book,英國,政治,"[英國, 馬來半島, 分治政策, 華人, 殖民地]",V.2/Ch.3/近代以前的人群移動與交流,英國在馬來半島的分治政策,,,
743,| | |<br>| :--- | :--- |<br>| **名稱** | 是從 Capitan 音譯而來，用來指稱一個種族或社群的首領 |<br>| **體制** | 一種家父長制的共同體體制 |<br>| **由來** | 當歐洲勢力在 16 世紀開始東漸時，對殖民地採取「分而治之」、「以華制華」的間接統治方式，儘量利用殖民地原有的傳統權力結構來治理殖民地，因此採用以不改變傳統習俗為原則的「甲必丹制度」，賦予原有之地方首長（如地主、貴族）權力，由殖民政府承認其地位，以達到政治的控制、得到經濟的利益 |<br>| **經濟特權** | 甲必丹通常沒有薪水，但因為他與殖民統治當局的特殊關係，所以常能獲得專賣鴉片、食鹽、茶、花生油、釀酒等特權，因此他們在經濟上占有相當大的優勢 |<br>| **任務** | **主要** 主要任務是代替殖民政府徵稅、宣傳及監督有關政府法令的執行，監督市場，維持社會治安，辦理戶籍登記，主持管理華社內華人之間的一些爭執與低層次的訴訟案件，為殖民者服務<br>**其他** 此外也舉辦各種公益福利事業，如興辦孤老寡幼的福利院、救濟院、孤兒院；設立義塚、處理貧窮喪葬、興辦義學、調解糾紛等等。當華人的集體利益受到威脅時，他們也往往成為與殖民者或土幫當局談判的代表 |<br><br>【改寫自：李恩涵，《東南亞華人史》（臺北：五南，2003），頁 180～185】,teachers_book,東南亞,政治,"[甲必丹, Capitan, 分而治之, 殖民地, 經濟特權]",V.2/Ch.3/近代以前的人群移動與交流,甲必丹,,,
744,"「峇峇娘惹」指的是在印尼、新加坡及馬來西亞中，同時具有當地及外地血統之祖先的當地人，其下包含了峇峇娘惹華人、峇峇娘惹阿拉伯人、峇峇娘惹荷蘭人及峇峇娘惹印度人，而其中峇峇娘惹華人是最大且最重要的群體，因此許多學者把峇峇娘惹特指華人群體。這些華人直到 19 世紀末在印尼群島的數量還十分有限，他們大部分從中國南部省分來到爪哇，且因為幾乎都是男子，因此與當地婦女通婚，而他們生下的混血後代形成了一個穩定的峇峇娘惹華人社群，他們採取部分的印尼生活方式，通常使用當地語言而不是中文；華人人口多集中在爪哇的北部沿岸地區，他們使用的共通語言是市集馬來語（Bazaar Malay, Market Malay）及福建方言混合用語，即是後來所謂的「中華馬來語」（Bahasa Melayu Tionghao, Chinese Malay）。至於為何是馬來語？事實上，許多馬來方言——尤其是馬來半島南部的方言，是今日標準馬來語的基本形式，也是印尼的官方語言，其廣泛地使用在印尼的東部群島，為荷蘭人殖民印尼時使用的語言之基礎。<br><br>【改寫自：Britannica Academic, s.v. ""Peranakan,"" accessed November 6, 2019, https://academic-eb-com.autorpa.lib.nccu.edu.tw/levels/collegiate/article/Peranakan/59184.】",teachers_book,東南亞,社會,"[峇峇娘惹, Peranakan, 混血, 中華馬來語, 爪哇]",V.2/Ch.3/近代以前的人群移動與交流,峇峇娘惹,,,
745,殖民者的「利益」原則上建立在華僑的經濟能力上，在此能力上再加上其人口的眾多，終究會危及殖民者之地位，因此許多對華人設下的禁制法律、驅逐及屠殺事件，目的都在破壞其進行傳統的行業，尤其是商業行為；以及銳意減少華人的數量。然而，當兩項目的達到以後，殖民者往往發現其城市內部的機能難以維持（如紅河事件後荷蘭人立刻失去市內農產品之供應），而又開始招募華人前來，一旦華人數量成長至一定程度，類似的排華行為又將開始。<br><br>【改寫自：巫樂華，《南洋華僑史話》（臺北：臺灣商務，1994），頁 49～50】,teachers_book,東南亞,社會,"[殖民者, 華僑, 經濟能力, 排華, 屠殺]",V.2/Ch.3/近代以前的人群移動與交流,殖民者與華人間的矛盾,,,
746,中國人向海外移民乃發軔於唐末的黃巢之亂，戰亂之故開始大批向南洋地區移民；到了宋代後，因為造船及航海工具及技術的進展，加上政府鼓勵，開始有了貿易移民，並在南洋地區發展出華人社區；元代，因襲宋的鼓勵政策，因此趨勢繼續發展，且對南洋之貿易更為繁盛；到了明代則情勢丕變。明太祖頒布海禁政策，一方面杜絕反明勢力於海外勾結，另一方面禁止私人海外貿易、歧視商人，並以武力鎮壓走私行為，造成商人逃往日本、臺灣及南洋；清代亦延續了此一態度，把居住在海外的華人視作「棄民」、「多無賴之徒」、「我民狼毒」，因此一旦海外華人發生被屠殺之情事，直接表明不干涉的態度，如西班牙人屠殺呂宋華人時，其回應即「即諭令呂宋，謂中國皇帝，寬懷大度，對於屠殺華人一節，決不興師問罪……對於在境華人，因多系不良之徒，亦勿容愛憐。」與之相類的態度，即對海外移民歸國設下諸多禁制，認為他們可能通盜為匪、成為漢奸。<br><br>【改寫自：牛震（編著），《第三中華：海外華人的歷史・現在・未來》（臺北：字磨坊文化，2002），頁 17～18。曾少聰，《東洋航路移民：明清海洋移民臺灣與菲律賓的比較研究》（江西：江西高校出版社，1998），頁 41～42】,teachers_book,明清,政治,"[移民, 海禁, 棄民, 呂宋, 屠殺]",V.2/Ch.3/近代以前的人群移動與交流,明清時期政府對移民的態度,,,
747,朝貢體制是以中國（皇帝）作為秩序來源與外國建立的外交關係，處在此關係中的各國之間亦有上下位的排序，每當有涉外事務發生或有藩國內政待調解時（如繼位之爭），各國便根據此一體制進行交涉或維持彼此的政治權威，是近代時期東亞的國際秩序。明代以前的朝貢沒有強迫性質，即便彼此未建立宗藩關係，仍然可以來華貿易（宋尤其鼓勵外商來華及本華商人出海），唯有關係者能得到「厚往薄來」的優惠。元代以後，外交上雖強制各國君主來覲，但貿易仍然開放，故前來朝貢者不算多。唯明代後，推行朝貢貿易的一體化，外交關係之有無決定貿易機會，頒布「勘合文冊」給朝貢國為貿易憑證；相反地，「絕貢」也成為明朝有效的外交懲治手段。<br><br>【改寫自：鄭永常，《海禁的轉折：明初東亞沿海國際形勢與鄭和下西洋》（新北市：稻鄉，2011），頁 1～2、21～30、46～47。上田信，高瑩瑩（譯），《海與帝國：明清時代》（桂林：廣西師範大學出版社，2014），頁 98】,teachers_book,明清,經濟,"[朝貢貿易, 朝貢體制, 海禁, 勘合文冊, 厚往薄來]",V.2/Ch.3/近代以前的人群移動與交流,朝貢貿易,,,
748,長崎於 1570 年開埠，此後迎來各國商人，包括葡萄牙、荷蘭及華人等。德川幕府陸續頒布幾次鎖國令，到了 1635 年，為控制走私而強化貿易管制，主要作法是採「一口通商」：日本原眾多的貿易港，如今僅剩長崎，所有商人的貿易點（商館）都限制在長崎上，也使其變得十分繁榮。1640 年，日本關閉平戶的荷蘭商館，使之遷移到長崎旁的另一人工島「出島」；另方面，要求所有各地來航的唐船（中國船隻）集中於長崎一港貿易，1684 年時更進一步縮小至長崎旁，專為中國人所建之人工島，稱「唐館」（唐人屋敷），中國人則稱其為「土牢」或「土庫」——外國商人被完全隔離於其中。<br><br>【改寫自：松浦章，徐純均譯，〈清「展海令」的實施與長崎唐館設置的關係〉，收入《海交史研究》，1（2020），頁 99～102。傅高義，毛升譯，《中國和日本：1500 年的交流史》（香港：中文大學，2019），頁 49。Richard A. Pegg、王倩，〈瀚海邊城：圖釋環太平洋貿易中的長琦〉，收入《美成在久 / Orientation》，頁 45～46】,teachers_book,日本,經濟,"[長崎, 鎖國, 一口通商, 出島, 唐館]",V.2/Ch.3/近代以前的人群移動與交流,長崎的發展,,,
749,李旦（又稱李習、李旭）為閩南泉州人，是 17 世紀著名海商，荷人及英人稱其為「Andrea Ditts」或「Capitain China」（即甲必丹），鄭芝龍為其義子。李旦最早在菲律賓發家，成為當地華人社群領袖，然 1603 年西班牙殖民者發動屠殺華人，李旦僅以身免（大量財富被西人所奪），之後移居日本平戶，東山再起，成為日本華人海商團體的領袖。他的貿易範圍不限於日本，而是穿梭在日本、福建及東南亞之間，臺灣成為其中轉站，而與荷蘭的貿易路線疊合，後來李旦也因協助荷蘭人與中國官府交涉而獲雙方之信任。此外，他也曾經在北港至布袋一帶經營，招募中國人移民來臺開墾，提供生產工具及武力保護，向墾民收稅收租，許多學者認為李旦方為臺灣貿易及開發之先驅。<br><br>【改寫自：何池，〈明代海商李旦與顏思齊〉，收入《閩台文化交流》30（2012.2），頁 65～66。唐博，〈商人李旦與 17 世紀海上博弈〉，收入《東西南北》8（2020），頁 72。張國琳，〈對臺貿易第一人：淺談李旦開創對貿易的歷史性貢獻（上）〉，收入《臺灣源流》77／73（2015.10），頁 125～127、142～143】,teachers_book,明清,經濟,"[李旦, 海商, 甲必丹, 鄭芝龍, 平戶]",V.2/Ch.3/近代以前的人群移動與交流,李旦,,,
750,| | **14～15 世紀：前期倭寇** | **16 世紀：嘉靖大倭寇** |<br>| :--- | :--- | :--- |<br>| **組成** | 日本人、朝鮮人、中國人（後期占多數）、歐洲人 | |<br>| **活動範圍** | 朝鮮半島、中國東部及東南沿海、日本列島、琉球列島、臺灣、南洋各地 | |<br>| **目標** | 掠奪糧食與人口 | 走私貿易 |<br>| **原因** | **外部局勢**：日本南北朝時期，為籌措兵糧而劫掠<br>**內部問題**：明初海禁損及海民生計，寧與倭寇合作 | 海禁惡化貿易條件，走私獲利吸引官吏、豪門。明人謝杰《虔臺倭纂》：「寇與商同是人，市通則寇轉為商，市禁則商轉為寇……寇禁愈嚴愈繁盛。」 |<br>| **處理方式** | 請日本及朝鮮取締<br>海禁、防禦與攻擊 | 武力抗倭<br>隆慶開海：私販合法化 |<br>| **結果** | 東南沿海人民生計中斷，干犯禁令成為非法私販，其利益一旦受損，動輒登岸搶劫，官府剿補更易淪為海盜，結夥為亂 | 倭患漸平 |<br><br>【改寫自：上田信，高瑩瑩（譯），《海與帝國：明清時代》（桂林：廣西師範大學出版社，2014），頁 191、203～205。鄭樑生，《明代倭寇》（臺北市：文史哲出版社，2008），頁 1～2。卜憲群、中國社會科學院歷史研究所，《中國通史・伍：明清》（北京：華夏出版社，2016），頁 108～116】,teachers_book,明清,政治,"[倭患, 倭寇, 海禁, 走私貿易, 隆慶開海]",V.2/Ch.3/近代以前的人群移動與交流,倭患,,,
751,「琉球」見諸中國文獻，最早始於《隋書》（記為「流求」），唯其地理上究指為何，史界聚訟不定；但此後琉球之名漸於中國、日本及朝鮮記載中出現。明代以後之琉球則無爭議，乃指今之沖繩，其與中國關係初建於洪武五年正月，明廷遣史招撫琉球，原因大致為：（一）完善貿易朝貢體系；（二）獲得馬匹、硫磺等軍事物資，對抗北元；（三）羈縻琉球以防倭；（四）明得於海禁期間，取得所需的外國商品。兩國關係友善密切亦具互惠性，洪武帝在《祖訓》中將琉球列為「不征之國」，與朝鮮同享受免符敕、勘合，也可派遣貢船的特別禮遇。日本薩摩藩於慶長 14 年（1609）入侵琉球，要求琉球國王入貢日本，也要求其同時維持對中國的朝貢，以便間接與中國進行貿易。<br><br>【改寫自：李健，《明代前期中琉關係研究》（吉林：東北師範大學博士學位論文，2018），頁 1、5。徐斌，《明清士大夫與琉球——以中、日、琉三國關係為中心》（福建：建師範大學博士學位論文，2004），頁 1～4。上田信，高瑩瑩（譯），《海與帝國：明清時代》（桂林：廣西師範大學出版社，2014），頁 158。金文京，何曉毅、梁蕾（譯），《三國志的世界：後漢三國時代》，（桂林：廣西師範大學出版社，2014），頁 348】,teachers_book,明清,政治,"[琉球, 朝貢, 洪武帝, 不征之國, 薩摩藩]",V.2/Ch.3/近代以前的人群移動與交流,明代的中琉關係,,,
752,明初朝廷遣使諭琉球朝貢，因琉球缺乏合適船隻且航海技術落後，加之朝貢之禮儀形式、文書往來等皆為中國形式，故明太祖時期起，便不斷贈予球琉海舟及航海、通貢之人才。這批人士中許多來自善於造航及航海的福建東南沿海居民，這批移民至琉球者即為「閩人三十六姓」的由來（「上賜王閩人之善操舟者三十六戶，以使貢使、行人往來」）。他們在琉球擇地而居，聚居處稱為「唐營」或「唐榮」，即俗稱的「久米村」。此三十六姓之後人在琉球國史中占據重要的地位，由於具中國淵源，故長期執掌外交重任，也在琉球國中擔任要職官；此外，琉球國也利用這批善於製船、航海的人員，積極發展海上貿易活動，甚至因著中國之海禁政策，成為東亞與東南亞國貿易的中轉站。<br><br>【改寫自：謝必震，〈明賜琉球閩人三十六姓考述〉，收入《華僑華人歷史研究》，頁 42。夏敏，〈尋找琉球「閩人三十六姓」〉，收入《民族藝術》4（2017），頁 163～165。陳懸樑，《久米閩人三十六姓與琉球國海外貿易之研究》（福建：福建師範大學碩士學位論文，2019），頁 9～10】,teachers_book,明清,社會,"[閩人三十六姓, 琉球, 久米村, 移民, 朝貢]",V.2/Ch.3/近代以前的人群移動與交流,閩人三十六姓與久米村,,,
753,越南是明末清初的政治難民南渡第一站，由於時值越南的南北朝時期，北朝與清建立宗藩關係，南朝則被清拒納，故反過來接納大量明朝遺民，他們在越南的中部（中圻）及南部（南圻）地區建立許多華人聚落。這些懷抱強烈民族情節，仍以明朝文化正統自居、維持中華文化者稱為「明香」（亡明之香火，祭祀明朝之人）；其大部分人口為部隊殘遺，是具武裝力量，且有自治能力的獨立村社，後來隨當地政權之管理，明香村社被組織為「明香社」。明香社的成立，意味著明人獨立性的喪失，而為越南編戶齊民的一環；至阮朝明命帝時期，將「明香」改為「明鄉」（1827 年），將明香華人視為安南人，其村社也成為基層組織（縣），同時也代表著明人制度及文化的本土化。<br><br>【改寫自：張燁，《越南中南部明鄉人的演變研究》（雲南：雲南師範大學碩士研究生學位論文，2019），頁 20。李慶新，〈越南明香與明鄉社〉，收入《中國社會歷史評論》10（2009），頁 208～216。劉旭冬，〈明朝遺民演變：從明香到明鄉〉，收入《佳木斯大學社會科學學報》38：6（2020.12），頁 159】,teachers_book,越南,社會,"[明鄉社, 越南, 明朝遺民, 明香, 阮朝]",V.2/Ch.3/近代以前的人群移動與交流,明鄉社,,,
754,"「拜上帝會」乃洪秀全根據基督新教宣傳小冊《勸世良言》，並結合過去之夢境所創立，藉由當時的社會問題（稅收、瘟疫、民族鬥爭等造成社會動亂）而快速擴張。事實上，在洪秀全的家鄉（廣東花縣）對於「洋教」之術語並不陌生，因為16世紀中後期耶穌會（上層社會）、道明會及方濟會（後兩者多在下層傳教）已分別來到中國傳教（在澳門開設教會及學校）。雖然後來在中國因禮儀之爭及耶穌會涉入宮廷鬥爭，遭到禁教，但已有部分中國人成為教徒，至少沿海地區對於基督教並不陌生。<br><br>【改寫自：史蒂芬．普拉特（著），黃中憲（譯），《太平天國之秋》（臺北：衛城出版，2013），頁48～51。菊池秀明（著），廖怡錚（譯），《末代王朝與近代國》（臺北：臺灣商務，2017），頁35。Carlos M. N. Eire, Reformation: The Early Modern World, 1450-1650 (New Haven; London: Yale University】",teachers_book,明清,文化,"[拜上帝會, 洪秀全, 勸世良言, 耶穌會, 禮儀之爭]",V.2/Ch.4/近代以後的東亞人群移動及影響,拜上帝會,,,
755,屠殺滿人<br>南京城內的滿人約有4萬人，其中5千人是兵丁，太平軍入城後，滿人兵丁即撤退至內城，在太平軍一波又一波的攻勢下失守。在戰爭中倖存的滿人，無論男女老幼，悉數遭到焚燒、刺戮、溺斃。這是洪秀全展現掃蕩滿妖決心的方法。三月底，洪秀全頭戴皇冠，身穿龍袍，由16人金黃大轎簇擁入南京城，駐蹕在前明皇殿中<br>性別政策<br>無論在理論上或實際上，太平天國所施行的政策都是十分激進的。其性別政策中，蘊含了濃烈的禁慾主義色彩，如嚴格要求男女分館而居，嚴禁吸食鴉片、賣淫、舞蹈、飲酒。考試制度則兼顧兩性，科舉中為女性特設「女科」，女性得以為官。考科內容則以《聖經》、洪秀全的宗教闡釋及其文學作品<br>權力結構<br>太平天國「天朝」以南京為大本營，在天王洪秀全統治下，歷時11年（1853～1864）。但洪秀全不久就把權力授予楊秀清，而楊亦效洪秀全作法，讓太平軍深信他本人即是「聖靈」，是上帝的聲音，所以他的命令皆是直接得自上帝，在位階上優先於耶穌之弟洪秀全,teachers_book,明清,政治,"[太平天國, 屠殺滿人, 性別政策, 權力結構, 楊秀清]",V.2/Ch.4/近代以後的東亞人群移動及影響,太平天國占領南京後的措施,,,
756,太平天國在南京定都改名天京，似乎在中國建立了一個基督教國家，使得列強認為有機會與天京建立正常的國家關係，太平天國雖視西人為「洋兄弟」，但在國交上仍然承襲天朝觀念而使列強此想落空，加上與天京的交涉並未獲利，因而在態度上轉向中立，以便在天京與北京之間獲得最大利益。後清廷對太平天國戰事告捷，加上英法聯軍與清簽定的《天津條約》與《北京條約》開放之長江下游口岸正在太平天國領域，故列強轉而協助平亂。<br><br>【改寫自：菊池秀明（著），廖怡錚（譯），《末代王朝與近代國》（臺北：臺灣商務，2017），頁56～58。高明士（主編），《中國近現代史》（臺北：五南，2009），頁67】,teachers_book,明清,政治,"[列強, 太平天國, 天朝觀念, 天津條約, 北京條約]",V.2/Ch.4/近代以後的東亞人群移動及影響,列強對太平天國的態度轉變之因,,,
757,定義<br>帝國主義列強根據不平等條約，控制中國的通商口岸。為了擴大侵略勢力，先後從中國許多通商口劃出一部分土地作為自己直接管理的租界<br>租界出現<br>1845年（道光25年）11月29日，英國通過《上海租地章程》取得第一個租界，開帝國主義在中國內地劃地立界，建立殖民地制度的先例。1848年（道光28年），美國聖公會教士在上海的蘇州河北岸虹口一帶，擅自廣置土地，建造房屋。隔年四月，法國在上海建立「法租界」。此後租界逐漸擴展至廣州、廈門、天津、漢口、九江等許多通商口岸<br>國中之國<br>當上海租界最初建立時，中國政府對租界內的行政、司法等還有干預權，並保有租界內的領土主權；但隨著帝國主義對中國侵略的擴大和加深，租界的地位不斷加強，中國在租界中保有的權利也漸被侵犯以至完全被排除。1854年（咸豐4年），英、美、法三國領事趁上海小刀會起事之機，不僅搶奪了上海海關行政權，而且在租界成立「工部局」，組織「義勇隊」和巡捕，對中國居民行使徵稅權和司法權，形成獨立於中國主權和法制外的「國中之國」<br>取消租界<br>1943年1月，各國與中國簽訂平等「新約」後，宣布交還租界，租界在條約形式上才被廢除，但直到中共建政後租界制度才真正被取消<br><br>【改寫自：陳正茂、林寶琮，《中國近代史教學資源手冊》（臺北：新文京，2003），頁140】,teachers_book,明清,政治,"[租界, 不平等條約, 上海租地章程, 國中之國, 工部局]",V.2/Ch.4/近代以後的東亞人群移動及影響,租界,,,
758,太平天國是長達十餘年之戰事，破壞的正是清代中國人口最稠及經濟最發達的地區，從而為周邊省分提供移居地，一方面災區必須進行人力重建，另一方面並為貧民及無地農民提供經濟提升的機會，也因此紓解了原鄉人口壓力。<br><br>地區: 江蘇<br>破壞情況: 1. 戰後7~8年後，人口及經濟恢復情況遲<br>2. 兩江總督李宗羲：「查江寧、常州、鎮江三府已墾成熟田地，通扯不及十分之五，此外拋荒地甚多，大約無力墾種者有之，招佃無人者有之。」<br>損失人口: 約占原總人口數七成<br>人力補充: 蘇北、湖北、安徽、河南<br>三省死亡人口數至少4000萬以上，移民約600萬，跨省移民占近500萬<br><br>地區: 浙江<br>破壞情況: 1. 杭州府、嘉興府及湖州府損失情況居戰區之首，依地區情況不同，部分地區缺乏可靠統計資料<br>2. 何炳棣引地理學家李希霍芬之報告：「桐廬、昌化、於潛、寧國等地到處都是廢墟，每城僅數十所房屋有人居住，這些都是十三年前的太平天國叛亂者造成的。連接各城的大路已成狹窄小道，很多地方已長滿難以穿越的灌木林。……無論是河谷中的田地，還是山坡上的梯田，都已為荒草覆蓋，顯然沒有什麼作物能在這枯竭的土地上繁衍。」<br>損失人口: 損失人口約為原總人口數1500萬以上<br>人力補充: 主要透過本省內部移民<br><br>地區: 安徽<br>破壞情況: 安徽全境作為主戰場11年之久<br>損失人口: 約為戰前總人口數六成<br>人力補充: 湖北、河南<br><br>【改寫自：葛劍雄、曹樹基、吳松弟，《簡明中國移民》（福州：福建人民出版社，1993），頁459~474。張清政，〈太平天國戰後信陽移民蘇浙皖贛地區的歷史與思考〉，收入《農業考古》4（2019），頁44】,teachers_book,明清,社會,"[太平天國, 戰後重建, 人口, 移民, 李宗羲]",V.2/Ch.4/近代以後的東亞人群移動及影響,戰後重建,,,
759,回變: 雲南回變<br>時間: 1856~1873<br>起事者/事蹟: 馬如龍、杜文秀<br>平定者: 岑毓英招降<br><br>回變: 陝甘回變<br>時間: 1862~1873<br>起事者/事蹟: <br>平定者: 左宗棠敉平<br><br>回變: 新疆回變<br>時間: 1864~1877<br>起事者/事蹟: 曾建立回教汗國<br>平定者: 左宗棠收復新疆建省,teachers_book,明清,政治,"[雲南回變, 陝甘回變, 新疆回變, 杜文秀, 左宗棠]",V.2/Ch.4/近代以後的東亞人群移動及影響,三大回變補充,,,
760,「新疆」本稱為「回部」（更早以前為西域），乾隆帝征服此地後改為「新疆」。境內以天山畫界，天山以北，準噶爾部（蒙古族）居之；以南，回民居之。準噶爾自康雍時期逐步強化集權統治，同時對周遭地區發動兼併戰爭，加上其位於帝國邊疆上的重要位置（與西藏及蒙古接壤），其政治歸屬對清影響甚鉅；故清多次與之開戰，互有損傷。至乾隆朝，趁其內亂決心一解此「數十年未了之局」，終於平定準噶爾，建立起穩固的中央統治。<br><br>【改寫自：王志鵬，《乾隆朝新疆駐軍研究》（蘭州：西北師範大學碩士學位論文，2016），頁6~8。李治亭，《清康乾盛世》（鄭州：河南人民出版社，1998），頁498~503。張宏杰，《飢餓的盛世：乾隆時代的得與失》（臺北：廣場出版，2015），頁161~174】,teachers_book,明清,政治,"[新疆, 乾隆帝, 準噶爾, 回部, 西域]",V.2/Ch.4/近代以後的東亞人群移動及影響,新疆的由來,,,
761,生活困苦<br>捻匪大都是貧農出身，他們在土壤貧瘠、寒風刺骨，以及因水利系統年久失修而導致洪澇頻仍的惡劣環境中苟活。黃淮地區普遍殺女嬰的風氣使得性別比例嚴重不均；捻匪之中，約百分之二十的人無法成家，致使他們無以寄託、行蹤不定，不論何時，均得以嘯聚結黨，流竄各地。地方鄉里雖然透過成立鄉勇，構築城牆，編組巡邏等方式護衛桑梓，但捻匪依然能襲擊鄰近村莊，掠奪農作物、搶劫鹽商的運輸船隻、綁架富裕地主，甚至劫獄以救同夥<br>黃河水患<br>1851年後，江蘇以北爆發嚴重洪災，使原本的艱困生活雪上加霜，與捻匪素有瓜葛的百姓群起暴動，被朝廷視之為叛亂。1855年，太平天國占據南京兩年後，黃河水位暴漲，沖垮開封一帶的主要河堤，造成黃河改道，轉向山東半島北岸灣口出海；隨之而來的災難讓捻匪的聲勢坐大。此時，捻匪的組織型態也更趨緊密<br><br>【改寫自：史景遷，《追尋現代中國-最後的王朝》（臺北：時報文化，2001），頁215~216、228、234】,teachers_book,明清,社會,"[捻亂, 捻匪, 生活困苦, 黃河水患, 性別比例]",V.2/Ch.4/近代以後的東亞人群移動及影響,捻亂形成的原因,,,
762,新疆平定後，清政府推動移民屯墾政策，為穩定邊防，故允許攜家帶眷；其中漢族占新疆總人數超過一半以上，儘管遷入初期就有意識地進行民族隔離（漢人多在烏魯木齊及巴里坤），但長久下來問題橫生。<br><br>民族: 漢人<br>遷徙概況: 1. 官方招募鄰近省分：甘肅安西、肅州、甘州、涼州<br>2. 兵屯：三年為期，三年後可攜家眷<br>3. 罪犯：發往新疆屯田之罪犯可減刑期，刑滿可成為平民，並允許攜帶家眷<br>4. 自由墾殖：商人認墾後又招人耕墾，以此管道遷入者極眾<br><br>民族: 蒙古人<br>遷徙概況: 部分人不願受俄國統治而返回中國，被清廷安置於準噶爾盆地南北和西邊<br><br>民族: 錫伯人<br>遷徙概況: 抽調上千人及其家眷至伊犁屯田<br><br>【改寫自：葛劍雄等著，《簡明中國移民》（福州：福建人民出版社，1993），頁445~448】,teachers_book,明清,政治,"[移民屯墾, 新疆, 邊防, 民族隔離, 兵屯]",V.2/Ch.4/近代以後的東亞人群移動及影響,清廷的移民屯墾政策,,,
763,東干人原是中國回民，陝甘回變被鎮壓後，先退至新疆地區，再遷往當時俄國統治下的中亞；另一部分則是1881年《中俄伊犁條約》簽訂後（伊犁居民可隨意遷徙至俄國境內，並加入俄國國籍），遷入的新疆伊犁回族；1924年，蘇聯政府將這批移民正式定名為「東干」。其人口約9~11萬，大多數分布在吉爾吉斯（50%）、哈薩克（40%），其餘則散布在烏茲別克及其他地區。東干人很快地與同樣為穆斯林的中亞人及其風俗融合，但也仍保留著中國回民的文化特質，最能具體反應在東干語中存在著大量的甘肅方言，以及使用筷子及對偏好麵食的飲食習慣。<br><br>【改寫自：潘登，《清同治陝甘回變研究》（西藏：西藏民族大學碩士論文，2016），頁49~50。拉希德·優素波夫，〈中亞東干人〉，《回族研究》24（1996），頁9~10】,teachers_book,移民,文化,"[東干人, 回民, 陝甘回變, 中俄伊犁條約, 中亞]",V.2/Ch.4/近代以後的東亞人群移動及影響,東干人,,,
764,潘泰人原是雲南回族，主要以跨境（雲南及東南亞地區）馬幫貿易營生。十九世紀初，漢人遷入雲南造成人口壓力，加上地方政治腐敗等因素，從1856年起爆發回變。至1873年杜文秀政權失敗，雲南回民開始大量向緬甸重要邊境貿易中心移居（如八艾、景棟等）或建立村莊（如班弄〔Panglong〕，潘泰人在今「金三角」地區經營鴉片貿易），部分人口逐漸向緬甸內部移動，這些華人穆斯林成為緬甸內部的少數民族；他們或經商、或經營代理生意、或經營旅館餐廳，經商貿易至今仍是他們的主要職業。1941年日本入侵緬甸，造成潘泰人大量死亡，大量人口逃回雲南，部分人口則進入了泰國及寮國。<br><br>【改寫自：吉松久美子，〈雲南回族入緬商路與移居點考——以19世紀末至20世紀初為中心〉，《回族研究》2（2008），頁10。安德魯·D·W·福布斯，〈緬甸的滇籍穆斯林——潘泰人〉，《回族研究》7（1992），頁73~75】,teachers_book,移民,社會,"[潘泰人, 雲南回族, 回變, 杜文秀, 馬幫貿易]",V.2/Ch.4/近代以後的東亞人群移動及影響,潘泰人,,,
765,"1. 中南半島<br>(1) 背景：大航海時代與重商主義盛行時期（十六世紀以後），主要目標在尋求黃金、香料、傳教，建立貿易據點進行商業活動，除泰國未受殖民外，東南亞各國幾乎全遭西方帝國統治。<br>(2) 殖民概況<br>殖民國: 法國, 國家/地區: 越南, 殖民因素: ① 拿破崙三世欲擴張帝國規模 ② 宗教<br>殖民國: 法國, 國家/地區: 寮國, 殖民因素: 由暹羅王國藩屬成為法國殖民地<br>殖民國: 法國, 國家/地區: 柬埔寨, 殖民因素: ① 掠奪橡膠、木材、礦產 ② 欲擺脫暹羅及越南的侵略及共管狀態<br>殖民國: 英國, 國家/地區: 緬甸, 殖民因素: ① 木材（造船） ② 確保對中國西南地區貿易路線<br>殖民國: 英國, 國家/地區: 馬來半島, 殖民因素: 掠奪橡膠、錫礦<br><br>2. 南洋群島<br>(1) 背景：工業革命與新帝國主義的擴張（十九世紀中以後），主要目標在尋求原物料、市場、傳教，進行海外領土擴張及獨占資源。<br>(2) 殖民概況<br>殖民國: 英國, 國家/地區: 新加坡, 殖民因素: ① 與荷蘭競爭 ② 地理優越的貿易點<br>殖民國: 英國, 國家/地區: 沙巴、沙勞越, 殖民因素: 掠奪橡膠、錫礦<br>殖民國: 英國, 國家/地區: 汶萊, 殖民因素: ① 宗教 ② 石油<br>殖民國: 西班牙, 國家/地區: 菲律賓, 殖民因素: ① 西班牙殖民時期：以掠奪木雕、珍珠、織繡為主，另一個占領的重要因素是與中日貿易的航路 ② 美國殖民時期：美西戰爭後，西班牙割讓於美國，美國改投資糖廠、搾油廠、土地，並將原物料出口、加工再出口至美國<br>殖民國: 美國<br><br>【改寫自：孫福生，〈西方國家的東南亞殖民政策比較研究〉，收入《廈門大學學報（哲社版）1（1995），頁92~94。陳奉林，靳穎，〈東西方殖民主義之比較研究——以日本和歐美國家在東南亞的殖民統治為中心〉，收入《外國問題研究》3（1998），頁14~15。潘黎明，〈英國侵占新加坡及其前期殖民統治的特點〉，收入《鄭州大學學報（哲學社會科學版）4（1993），頁23~25】",teachers_book,東南亞,經濟,"[殖民, 東南亞, 中南半島, 南洋群島, 新帝國主義]",V.2/Ch.4/近代以後的東亞人群移動及影響,二戰前西方國家殖民東南亞的分布,,,
766,"黑奴貿易是奴隸制度的一環，它牽起了歐洲（買入）—非洲（賣出）—美洲（種植園）的三角貿易，美洲生產的糖再製成產品，回銷到非洲換取更多的奴隸；因此，黑奴貿易被認為是最早的國際貿易活動之一。<br><br>【改寫自：Stearns, Adas, Schwartz and Gilbert, World Civilizations: The Global Experience (Pearson, 2017), pp. 542~543.。“Slave trade.” Britannica Academic, Encyclopedia Britannica, 5 Oct. 2018. academic.eb.com/levels/collegiate/article/slave-trade/473331. Accessed 2 Sep. 2019】",teachers_book,非洲,經濟,"[黑奴貿易, 奴隸制度, 三角貿易, 歐洲, 非洲]",V.2/Ch.4/近代以後的東亞人群移動及影響,黑奴貿易,,,
767,"奴隸制度是古老且廣泛運作的制度，存在於各大文明之中，具有各種形式的強迫勞動（契約奴隸、家內財產、罪犯等），其共同特點是：奴隸的「無人格」使其沒有自我生命的權力，因而使他們為奴是「正當的」，如人役物；直到西方的啟蒙時期開始從社會和經濟上否定了奴隸制度的正當性，意即道德上和新的產業需求上都對奴隸提出質疑，終於在近代在西方結束這樣的制度。<br><br>【改寫自：Stearns, Adas, Schwartz and Gilbert, World Civilisations: The Global Experience (Pearson, 2017), pp. 542~543.。“Slave trade.” Britannica Academic, Encyclopædia Britannica, 5 Oct. 2018. academic.eb.com/levels/collegiate/article/slave-trade/473331. Accessed 2 Sep. 2019】",teachers_book,全球化,社會,"[奴隸制度, 強迫勞動, 無人格, 啟蒙時期, 正當性]",V.2/Ch.4/近代以後的東亞人群移動及影響,奴隸制度,,,
768,"1861~1865年間的美國內戰，是一場廣泛地運用工業革命成果的戰爭（工業武器及運輸系統），而為歐洲軍事觀察家所注意。起因於北方工業邦和南部農業邦（主要產業基於種植園）對於奴隸制度廢立問題，最終以廢除奴隸制度及美國的重新統一而結束。<br><br>【改寫自：“American Civil War.” Britannica Academic, Encyclopedia Britannica, 2 Aug. 2019. academic.eb.com/levels/collegiate/article/American-Civil-War/6104#229879.toc. Accessed 2 Sep. 2019.。Stearns, Adas, Schwartz and Gilbert, World Civilizations: The Global Experience (Pearson, 2017), p. 648】",teachers_book,美國,政治,"[南北戰爭, 美國內戰, 工業革命, 奴隸制度, 種植園]",V.2/Ch.4/近代以後的東亞人群移動及影響,南北戰爭,,,
769,"苦力（coolie）為外來語，西方人稱來自遠東地區的低薪無技術勞動者；而「豬仔」是其通俗稱呼。苦力貿易主要從1840年代末開始，乃西方商人為彌補其因廢奴造成的勞力需求下組織的人口販賣活動——然而，這種販賣乃以「契約工人」的形式進行，可能用詐騙、誘拐或強拉擄掠的方式——這種「豬仔貿易」成長的規模與殖民地產業發展的程度成正比。當時許多洋行皆設有機構進行此項貿易活動，當機構收到豬仔訂單便向「豬仔館」委託辦理，「豬仔館」再向「豬仔販」（或稱頭人、客頭）設法取得訂單的數量進入「豬仔館」以便交貨。<br>這些「豬仔」進入環境極差的豬仔館後，便等待運送到委託地，在運送前不但要身體檢查，也將其身分簡化，以「編號」方式改名（一如納粹對集中營猶太人的處理辦法），以便逃避官府追查失蹤者的查驗，另方面便於管理（自然導致輕賤人格的編碼）；最後，取得豬仔「自願」出洋之契約（若稱「非自願」而被退貨，可能立即在「豬仔頭」手中喪命），便用船隻載運各地。中華民國成立後，孫中山政府發布《大總統令外交部妥籌禁絕販賣豬仔及其保護華僑辦法文》及《大總統令廣東都督嚴行禁止販賣豬仔文》以禁行此種人口販賣行為，整體上這種貿易一直進行至20世紀初。<br><br>【改寫自：“Coolie.” Britannica Academic, Encyclopedia Britannica, 5 Aug. 2019. academic.eb.com/levels/collegiate/article/coolie/26137. Accessed 2 Sep. 2019.。朱杰勤，《東南亞華僑史（外一種）》（北京：中華書局，2008），頁94~102】",teachers_book,移民,社會,"[苦力, 豬仔, 契約工人, 人口販賣, 豬仔館]",V.2/Ch.4/近代以後的東亞人群移動及影響,苦力、豬仔,,,
770,"十九世紀中，美國加州因發現金礦導致大量移民湧入，其中包括中國人，而中國人又因其較為刻苦耐勞的精神而受到歡迎，但不久後便因為人數過度增長而危及本地美國礦工之程度，造成白人工人之反彈，同時浮現批評華工的言論；這種從加州開始的排華情緒及運動很快上升到全美的層面——這當中不只包含了華工對白人工人造成的經濟損失，也有種族主義的因素。此外，此法案也標誌著美國移民政策態度上的重大變化，為將來美國對其他民族之法律限制設下了先例，從一個歡迎移民的國家轉向對移民（選擇性地）關上大門。在美華人並非消極接受這些法律，他們學會訴諸美國的司法制度進行自我救濟，偶有一些成功的例子，並利用媒體和請願的管道對歧視進行抗議。<br><br>【改寫自：“Chinese Exclusion Act.” Britannica Academic, Encyclopædia Britannica, 20 Jun. 2019. academic.eb.com/levels/collegiate/article/Chinese-Exclusion-Act/605479. Accessed 2 Sep. 2019。吳劍雄，《海外移民與華人社會》（臺北：允晨，1993），頁 114 ~ 131】",teachers_book,美國,政治,"[排華法案, 華工, 種族主義, 移民政策, 司法制度]",V.2/Ch.4/近代以後的東亞人群移動及影響,排華法案,,,
771,1890年，陳嘉庚首度出洋至新加坡的順安號商行學習。1904年，陳嘉庚集資買地種植鳳梨並漸涉足其他行業；至1916年將經營重心轉向橡膠，並累積大量財富，成為南洋橡膠大王。因新加坡是革命黨人在東南亞重要的活動中心，加上陳對帝國主義的親身經歷，因而同情革命，數度提供鉅款供革命黨使用，亦回國設立教育慈善事業、建設鄉里；1949年後定居中國大陸。<br><br>【改寫自：張志霞，《論陳嘉庚的慈善公益思想及其事業》（湖南：湖南師範大學碩士論文，2014），頁6、10～11】,teachers_book,華人,經濟,"[陳嘉庚, 新加坡, 橡膠, 革命黨, 教育慈善事業]",V.2/Ch.4/近代以後的東亞人群移動及影響,陳嘉庚,,,
772,幼年隨父出洋至新加坡謀生，並進入當地的英印學堂就讀，就學期間成績優異，精通中、英文，後進入陳嘉庚的橡膠公司，因負責涉外貿易工作，頗獲器重，並成為其長婿。1927年，他藉工作所學創辦了自己的橡膠公司，並朝多角化經營，成為著名的「橡膠」及「黃（鳳）梨」大王。除生意經營外，他受陳嘉庚的影響，也投入故鄉的教育文化之事業；不僅如此，他也創辦了東南亞第一所華文大學——南洋大學。<br><br>【改寫自：康麗，《橡膠大王 李光前》，收入《財經界》12（2008），頁120 ~ 122】,teachers_book,華人,經濟,"[李光前, 新加坡, 橡膠公司, 陳嘉庚, 南洋大學]",V.2/Ch.4/近代以後的東亞人群移動及影響,李光前,,,
773,馬來半島在馬來西亞獨立前，並未建立過統一國家；十五世紀時，回教王國「馬六甲」興起發展成重要的貿易中心，此一王國從十六世紀開始，先後為葡萄牙、荷蘭及英國人所占領及殖民。在英國統治期間，馬來亞（聯邦）於1946年創立，1957年英國支持其獨立，1963年與新加坡、沙勞越與沙巴聯合成立「馬來西亞聯邦」，1965年新加坡自其中分出而獨立，成為「新加坡共和國」。<br><br>【改寫自：高明士編，《中國近現代史》（臺北：五南，2009），頁67。馬燕冰等編，《馬來西亞》（北京：社會科學文獻出版社，2011），頁92 ~ 93，98 ~ 99，102 ~ 103】,teachers_book,東南亞,政治,"[馬來亞, 馬六甲, 英國, 馬來西亞聯邦, 新加坡]",V.2/Ch.4/近代以後的東亞人群移動及影響,馬來亞,,,
774,東南亞僑社型態可分為：<br><br>血緣性: 農業社會重視宗族的精神<br>1. 以姓氏為主的宗親會<br>2. 多姓聯合會<br>主要工作: 祭祀、撫恤、調解糾紛<br><br>地緣性: 根據鄉土關係組織<br>1. 同鄉會<br>2. 會館<br>主要工作: 促進鄉親情誼之外，其他業務與宗親會相類<br><br>業緣性: 根據行業組織<br>1. 小區域：中華商會<br>2. 大區域：同業公會、中華商會、中華總商會、各途商會<br>主要工作: 促進商務發展，解決僑社內的經濟問題、運作政商關係<br><br>教育性: 1. 會館、中華商會兼辦<br>2. 教育性團體：董事會、教育會、華文教師聯誼會、華文學校聯合會<br>主要工作: 推動華文教育，培養華人氣質精神；但也阻礙與當地人同化的程度<br><br>體育團體: <br>主要工作: 推動體育活動<br><br>文康組織: <br>主要工作: 提倡文藝活動<br><br>祕密結社: 根據信仰建立，以佛教團體最多，其次為道教、基督教及天主教<br>主要工作: 讓同宗教者有精神寄託<br><br>慈善團體: 慈善性僑團，通常經營醫院，或設立「善舉公所」、「兼善公所」等<br>主要工作: 針對僑居地／國之慈善救濟事業，或於天災人禍時積極參與救助<br><br>洪門僑團: 1. 源於廣東、福建、臺灣之天地會，為避清廷追捕而改為三點會、三合會、三興會<br>2. 半祕密半公開之社團，在新、馬地區十分活躍，為避免政府注意而改為「公司」<br>主要工作: 新、馬地區洪門組織因多為違法之事，而於1890年為殖民政府宣布為非法團體而解散；緬甸洪門則無此問題，故運作如常<br><br>政治性社團: 1. 檀香山之興中會、日本之同盟會等<br>2. 原則上僑社的政治活動是敏感的，若非不公開活動即是受政府之禁止<br>主要工作: 辦刊、宣傳、募款等<br><br>【改寫自：陳烈甫，《華僑學與華人學總論》（臺北：臺灣商務印書館，1987），頁246 ~ 261】,teachers_book,華人,社會,"[僑社, 宗親會, 會館, 中華商會, 祕密結社]",V.2/Ch.4/近代以後的東亞人群移動及影響,僑社組織,,,
775,「華僑」一詞使用時間極晚，早期華僑、華民、華人三詞有混用的狀況。<br><br>字源: 1. 1880年代：出現在黃遵憲的著作中<br>2. 1883年：鄭觀應呈書李鴻章，將「華民」與「僑民」結合使用<br>3. 1898年：旅日華商於橫濱創辦「華僑學校」<br><br>定義: 1. 僑居國外之中國人，無論有無中國籍，皆稱華僑<br>2. 僑居海外之中國人，未喪失中國籍，即謂華僑<br>3. 有中國血統、且在政治文化上有中國認同者<br><br>政治化使用: 為孫中山在推動革命時期，向海外華人推廣鄒容《革命軍》並大量使用「華僑」一詞，使之具備「愛國」屬性，海外華人也基於某種政治自覺，也開始以此自稱<br><br>當代定義: 目前我國指稱華僑為具有「中華民國」國籍身分，並僑居於海外者；華人則是泛指華僑、華人後裔或是旅居海外的身分者，涵蓋的範圍較廣<br><br>【改寫自：李盈慧，《華僑政策與海外民族主義（1912 ~ 1949）》（臺北：國史館，1997），頁11 ~ 14】,teachers_book,華人,文化,"[華僑, 鄭觀應, 華僑學校, 孫中山, 鄒容]",V.2/Ch.4/近代以後的東亞人群移動及影響,華僑的由來,,,
776,東南亞華人的身分認同隨著時間產生變動，原則上約有如下幾類；然而，無論是哪一種，都以「華人」作為凝聚概念，而與當地人有所區隔。<br>1. 歷史認同：源自華人傳統價值觀念，現已被包括在意義更為廣泛的文化認同概念。<br>2. 中國民族主義認同：早已式微，在大多數國家內正在消亡。<br>3. 村社認同：僅限於馬來亞／馬來西亞。由於通過地方自治主義取得政治影響力的方法變得困難，故其為涵義較中性且不太偏激的種族認同概念所代替。<br>4. 國家（當地）認同：對當今絕大多數東南亞華人而言已屬平常，是在他們中間流行的所有認同組合中，十分重要的部分，主要作為政府或官方專用的法律和政治宣傳。<br>5. 文化認同：已經吸收了傳統的歷史認同，是所有概念中最為靈活的。<br>6. 種族認同：在種族根源這點上修正了文化認同，在爭取少數民族合法權利的努力中，能更具體傳達其政治目標。<br>7. 階級認同：此一認同跨越種族界限，也可能使一國華人向外國華人根據階級利益尋找認同，而成為民族國家的不穩定因素。<br><br>【改寫自：王賡武，《中國與海外華人》（臺北：臺灣商務，1994），頁245 ~ 246】,teachers_book,華人,文化,"[身分認同, 華人, 民族主義, 文化認同, 種族認同]",V.2/Ch.4/近代以後的東亞人群移動及影響,華人的身分認同,,,
777,背景: 1. 南洋各地華僑人數，遠較其他海外地區為多，且接近中國本土容易前往聯絡，因而成為革命黨人尋求支援的目標<br>2. 華僑期望建立新的民主政府，保護他們應有的權利和人身安全<br><br>支持: 由維新轉革命：華僑基本保有中國傳統文化與倫理觀念，起初接受維新改革和保皇救國的主張；但受到清末內憂外患頻傳及革命派的宣傳，華僑開始思變，轉為支持革命<br>中產階層為主：中產階層多無恆產，可不顧利益的活動；且受過教育，了解中國所面臨的危機、對革命訊息的感受敏銳，因此反應熱烈<br>新加坡為代表：新加坡是南洋英、荷兩屬及緬甸、越南、印度、澳洲的交通孔道，「該埠僑眾思想之進化，及教育發達與否，實予其他各埠同胞以重大之影響。」<br><br>資金: 革命派募款方式：收取得入會費、按年收入交納「基本捐」、演講發動義捐、發行革命債券等。積極華僑亦主動奔走進行遊說、募款<br>華僑捐獻：革命歷次起義購買槍支彈藥的購買費、革命宣傳費，以至孫中山、黃興等革命領袖奔走各地的旅費和生活費，款項主要依靠海外華僑來籌集。如同盟會時期的起義經費中，有50%以上的經費來自南洋地區的華僑捐助<br>辦報宣傳：華僑體悟革命宣傳之重要性，鑒於南洋尚未有宣傳反清、倡言革命的報刊，由華僑集資於1904年創辦《圖南日報》，開南洋地區革命言論之先聲<br>代表人物：鄧澤如、陳楚楠、張永福、林義順等<br><br>【改寫自：莊淑紅，〈辛亥前南洋華僑與孫中山革命互動之探討〉，《空大人文學報》第18期（新北，2009），頁153 ~ 174。廖萌，〈淺析海外華僑對辛亥革命的經濟支持〉，《僑務工作研究》2011年第5期（北京，2011），http://qwgzyj.gqb.gov.cn/bqch/162/1874.shtml】,teachers_book,華人,政治,"[南洋華僑, 革命派, 維新, 募款, 同盟會]",V.2/Ch.4/近代以後的東亞人群移動及影響,清末南洋華僑與革命派的互動,,,
778,"民族主義是成立民族國家的思想基礎，其盛行於十九世紀的政治意識型態。二戰後，「遠東」（斯里蘭卡、馬來亞、中國等）各地民族建國，並進行國籍整理，此種以「民族」立場的政治措施，立即衝擊掌握經濟優勢的華僑，加上政治上對共產中國的排斥，導致東南亞國家的排華活動。<br><br>【改寫自：“Nationalism.” Britannica Academic, Encyclopædia Britannica, 15 Jul. 2017. academic.eb.com/levels/collegiate/article/nationalism/117287. Accessed 2 Sep. 2019。丘式如，《華僑國籍問題》（臺北：正中書局，1966），頁154。孔飛力（著），李明歡（譯），《他者中的華人：中國近現代移民史》（南京：江蘇人民出版社，2016），頁293～296】",teachers_book,華人,政治,"[民族主義, 民族國家, 國籍, 華僑, 排華]",V.2/Ch.4/近代以後的東亞人群移動及影響,民族主義所造成的排外運動,,,
779,時間: 1895 ~ 1911 (清政府)<br>投資原因: 甲午戰後的鉅額賠款，使中國必須借外債以支應，導致財政及經濟的惡化，面對當時需求的實業發展，乃積極招攬海外華人之投資，以補資金缺口<br>案例: 1. 1872／越南／廣東南海陳啟沅：繼昌隆繅絲廠<br>2. 1903／巴達維亞／廣東梅縣張煜南、張耀軒兄弟：潮汕鐵路<br>3. 1908／檳城／福建永定：胡國廉（子春）：僑興公司，開發海南島農牧礦業<br>其他: 為回報海外華僑的國內實業投資之發展，清政府農工商部根據投資金額、貢獻大小，依「華商辦理實業爵賞章程」授予爵位<br><br>時間: 1912 ~ 1949 (中華民國)<br>投資原因: 中國產業長期受控於外國以及國內戰爭頻仍使經濟條件惡化，以致產業發展遲滯，而華僑兼具「中國人」及「經營知識」之利，故中華民國政府致力招徠華僑投資<br>案例: 投資計畫之提出，因政府更迭頻繁及內亂頻仍（如二次革命）、官員貪汙舞弊等等，沒有具體成果<br>其他: 地方政府獎勵華僑投資比起中央政府更具成效，尤其是廣東及廈門市<br><br>【改寫自：李恩涵，《東南亞華人史》（臺北：五南，2003），頁164 ~ 170。李盈慧，《華僑政策與海外民族主義（1912 ~ 1949）》（臺北：國史館，1997），頁301 ~ 329】,teachers_book,華人,經濟,"[華僑投資, 甲午戰後, 實業發展, 繼昌隆繅絲廠, 潮汕鐵路]",V.2/Ch.4/近代以後的東亞人群移動及影響,清末至二十世紀中期以前的華僑投資,,,
780,漢人最早如何移入日本，目前尚未有可靠的解釋，但目前研究大致上如此解釋：<br>1. 日本史前時代（西元前1～2世紀）：日本文化本身異於其進程的變動，來推斷應為中原漢人移入日本，此時因中國正經歷戰國至秦之戰火，因此使大量人口至朝鮮半島移入日本三島。<br>2. 西元三世紀（應神天皇）：漢人兩次從朝鮮半島大量移入，日人稱其為秦人（首領自稱為秦始皇之13世孫）及漢人（首領自稱為後漢靈帝之3世孫）。<br>3. 大化革新前後：一類為由日本南方到建康（南京）的海路，自東南沿海東渡日本；另一為因宗教因素（如鑑真和尚）。<br>4. 隋唐以後：因海運發達，自宋至明赴日者絡繹不絕。<br>5. 南宋滅亡前後，大批遺民東渡。<br>6. 明末：漢人始在日本定居，因明末國內流寇問題加上滿人南侵，許多人乃流寓至長崎，並在此形成華僑社會；日本政府為便於管理，設置「唐通事」（由華僑領袖充任）負責治理工作。<br>7. 1871年《中日修好條約》：規定中日兩國人民有往來貿易權，循此前往日本的漢人在質量上均有顯著變化，加上日本在1858年實施安政開關，開放下田、函館、神奈川、長崎、新潟等地，華僑發展亦轉向橫濱。<br><br>【改寫自：華僑志編纂委員會編印，《日本華僑志》（臺北：華僑志編纂委員會，1965），頁94～110。宋越倫（編著），《日本華僑概況》（臺北：正中書局，1987），頁2～37】,teachers_book,移民,社會,"[漢人, 日本, 移入, 唐通事, 中日修好條約]",V.2/Ch.4/近代以後的東亞人群移動及影響,在日華人,,,
781,華人最早來到朝鮮半島可從箕子建國（約西元前1122年）算起，然有史可稽乃為漢武帝征服朝鮮北部設四郡管理（西元前108～107），而作為「韓國華僑」則是自朝鮮王朝1876開港，直到與清政府締結通商條約後，進入朝鮮半島貿易者數量大增；在韓華僑與移往他處華人差異之處，乃在農業人口數量龐大，次於商業而高於工業，其基礎在於韓國政府傳統上便允許漢人在鴨綠江口岸一里內從事農業活動，其對農園、菜圃之壟斷，以致在日治時期，幾乎城市的蔬菜供應都由華僑包辦。<br><br>【改寫自：盧冠群，《韓國華僑經濟》（臺北：海外出版社，1956），頁1～6、86】,teachers_book,移民,經濟,"[朝鮮半島, 華人, 韓國華僑, 通商條約, 農業人口]",V.2/Ch.4/近代以後的東亞人群移動及影響,朝鮮半島的華人,,,
782,基於經濟民族主義，為了扶植民族經濟，韓國政府對華僑的經濟行為採取各種限制政策，一方面限制華人商業行為的規模以及商業種類（不許經營金融業），另一方面要求華僑開設公司必須與韓國人共同合資經營，這當中產生許多財務和經營問題；此外，限制其公民待遇，使其在工作和社福方面與韓國人有所差距——在此情況下導致許多華僑寧願遷出。<br><br>【改寫自：廖小健，《戰後各國華僑華人政策》（廣州：暨南大學出版社，1996），頁192～193】,teachers_book,華人,經濟,"[經濟民族主義, 華僑, 限制政策, 韓國, 公民待遇]",V.2/Ch.4/近代以後的東亞人群移動及影響,不歡迎華僑政策,,,
783,1949年，中華民國政府來到臺灣，而中共建立中華人民共和國，兩岸分治使得外僑政治見解產生分裂，因僑民的原鄉認同與政治認同有了落差，然而中華民國政府因為處境不佳，故致力於爭取僑胞支持、拓展僑務，直到中華人民共和共和國（下稱中共）轉變其僑務經營前，較獲支持。中共為使東南亞各國不致對其建國有所疑慮，而對僑務並不熱心，並希望其直接融入當地，同時中共在國內的土改運動大大打擊了僑匯的運用；然而經濟利益的需求，使中共政府在1978年後轉變了對僑胞及僑眷之態度，開放國門、歡迎投資；其結果之一，即僑社的政治傾向分裂問題更加明顯。<br><br>【改寫自：陳烈甫，《華僑學與華人學總論》（臺北：臺灣商務，1987），頁417～418。孔飛力，《他者中的華人：中國近現代移民史》（南京：江蘇人民出版社，2016），頁334～338】,teachers_book,華人,政治,"[兩個中國, 華僑, 政治認同, 中華民國, 中華人民共和國]",V.2/Ch.4/近代以後的東亞人群移動及影響,東南亞華人對兩個中國的認同,,,
784,東南亞的經濟民族主義運動程度最高者，首推印尼，其排華最甚乃因華人是其境內第一大外族，且掌控經濟大權，主要措施如下：<br>1. 外僑登記制度：收取高額登記費用，使貧窮外僑難以支付費用。<br>2. 嚴格執行選擇性同意華僑入境，且收取高額外僑稅，一樣造成收入較低者無法負擔，以此作為排斥手段。<br>3. 根據經濟民族主義原則保護民族商人及實業家，已具印尼籍之華人被排斥在「民族」原則之外，使華人開設之實業必須退出市場。<br>4. 限制雇用外僑職員。<br>5. 強迫華僑經營之鄉鎮商店（亞弄店）限期停業，並強制接收其設備廉售，以使民族商人取代該項領域之業務，加上印尼政府又不許華人遷至市區，無政治關係者最後只能到中華人民共和國為其開設的「集體農場」。<br>6. 因國家貨幣貶值，政府乃宣布將面額五盾以上之票面價值減半以及凍結華人部分銀行存款，強迫購買國家長期公債，大大打擊主要持有鈔票通貨的華人（尤其是上述之商店經營者）。<br><br>【改寫自：陳烈甫，《東南亞洲的華僑華人與華裔》（臺北：正中書局，1979），頁369～371。沈己堯，《海外排華百年史》（臺北：海峽學術出版社，1993），頁160～161。黃福鑾，《華僑與中國革命》（香港：亞洲出版社，1954），頁14～15】,teachers_book,東南亞,經濟,"[印尼, 排華, 經濟民族主義, 華人, 外僑]",V.2/Ch.4/近代以後的東亞人群移動及影響,印尼的排華運動,,,
785,1966年新加坡內閣批准《新加坡誓詞》，要求今後在學校及國慶場合皆需宣讀：「我們，新加坡的公民們，宣誓我們將作為一個統一的民族，不分種族、語言或宗教，共同建設一個建立在正義和平等基礎上的民主社會，為我們的國家尋得幸福、繁榮和進步。」其前提正是新加坡為一個多種族、多語言及宗教的地區，其凝聚國家意識的方式唯有建立一個世俗化社會，同時政府亦致力於此，包括把各種差異正常化、主張多元文化之並存，豐富了新加坡文化，並以公營廣播系統支持「新加坡」國家意識之建構。<br><br>【改寫自：康斯坦絲·瑪麗·藤布爾（著），歐陽敏（譯），《新加坡史》（上海：東方出版，2013），頁410～411。陳鴻瑜，《新加坡史》（臺北：臺灣商務，2011），頁116～117】,teachers_book,東南亞,政治,"[新加坡誓詞, 國家意識, 多元文化, 世俗化社會, 統一的民族]",V.2/Ch.4/近代以後的東亞人群移動及影響,新加坡誓詞,,,
786,"19世紀以來，歐洲國家因科技發展及工業化，擁有征服歐洲以外地區的能力，殖民地（尤其非洲和印度）成為了歐洲及北美原料供應地及海外市場，而擁有殖民地則成為強權國家的要件。因19世紀下半的經濟蕭條強化帝國主義海外殖民的動機，由於這些工業化國家尚無對付生產過剩及生業問題的經驗，面對經濟危機造成的社會動蕩，政府開始積極介入經濟事務，並將海外殖民視作經濟問題的解方。至19世紀末，歐洲人在全球建立其殖民秩序：（一）熱帶附庸國，包括非洲、亞洲及南太平洋；（二）移民殖民地（Settlement colonies），即歐洲人的海外領地。型態包括由白人移民支配的澳洲及加拿大，或由半白半土所組成，如阿爾及利亞、肯亞及夏威夷等。<br><br>【改寫自：Britannica Academic, s.v. ""20th-century international relations,"" accessed August 1, 2021, https://academic-eb-com.autorpa.lib.nccu.edu.tw/levels/collegiate/article/20th-century-international-relations/105970#32806.toc. Britannica Academic, s.v. ""New Imperialism,"" accessed August 1, 2021; Peter N. Stearns, Michael Adas, Stuart B. Schwartz, World Civilizations: The Global Experience (Boston: Pearson, 2015), pp. 671, 675】",teachers_book,工業革命,經濟,"[帝國主義, 殖民地, 工業化, 海外市場, 生產過剩]",V.2/Ch.4/近代以後的東亞人群移動及影響,歐美帝國主義入侵東亞的背景,,,
787,13世紀: 已有本州人遷往北海道<br>16～17世紀: 幕府於北海道南端設立松前藩，由松前藩壟斷「蝦夷地」的貿易，阿伊努族與各區域的貿易全都需要經過松前藩。由於受到日人仲介的剝削，阿伊努族持續進行反抗<br>18世紀初期: 日本國內出現開發蝦夷地的主張<br>18世紀中葉: 俄國推動東進與南下政策。蝦夷地介於日俄之間，日本統治蝦夷地以建立國防的議論更為高漲<br>19世紀初期: 日俄在庫頁島與千島群島發生衝突，江戶幕府內遷松前藩，由幕府直轄蝦夷地<br><br>【改寫自：周啟乾，〈近代初期日本對北海道的殖民開發〉，《日本學刊》3（2002），頁134～147】,teachers_book,日本,政治,"[蝦夷地, 北海道, 松前藩, 阿伊努族, 江戶幕府]",V.2/Ch.4/近代以後的東亞人群移動及影響,日本對「蝦夷地」的擴張,,,
788,阿伊努人被認為是「原日本人」，在古代日本（約7世紀後半）被泛稱大和民族以外的族群為「蝦夷」，到14世紀改稱「阿伊努」後，使用至今。蝦夷帶貶義，意為毛人、囚俘或蕃人，大和政權為與之長期對抗，設立「征夷大將軍」一職。阿伊努族約在西元8世紀被驅逐到北海道，12世紀前後大約分布在北海道、庫頁島、千島列島一帶，以漁獵、採集營生。明治時代開始，日本政府制定《北海道舊土人保護法》將其強制同化；日本政府堅持阿伊努族只具有「土著性」，而非土著民族，以維護日本為單一民族構成的「神話」。直到1993年，聯合國頒布《土著人民權利宣言》後，日本國內對阿伊努族的認識提升，但其幾近滅絕的困境仍待改善。<br><br>【改寫自：張中華，〈差點消失的日本民族——阿伊努族〉，收入《時代文學（雙月上半月）》1（2010），頁196。村上秀信，〈阿伊努族的淵源——赫哲族〉，收入《日本研究》2（1989），頁40】,teachers_book,原住民,社會,"[阿伊努族, 蝦夷, 征夷大將軍, 北海道舊土人保護法, 同化]",V.2/Ch.4/近代以後的東亞人群移動及影響,阿伊努族,,,
789,19世紀前期，江戶幕府對蝦夷地的開發與同化，造成阿伊努族人口從2.6萬下降至1.8萬。明治政府於1869年將蝦夷地改稱北海道，並對阿伊努人強制推行同化政策：一方面，視阿伊努族的傳統生活習慣，如紋身、戴耳環等為應當禁止的「陋習」；另一方面，他們被迫使用日本語言及改用日本式姓名。此外，明治政府推行「勸農」政策。一面將原本從事狩獵與漁業的阿伊努人移居深山；另一方面，為了開發與本州貧農的謀生需求，從本州移入的獵人與漁民大幅增加，並因為在此大肆獵捕，導致蝦夷鹿與漁業資源枯竭。最終也導致北海道阿伊努人的比例，從19世紀50年代的15.4%，降至1898年的2.06%，可謂幾近滅絕。<br><br>【改寫自：周啟乾，〈近代初期日本對北海道的殖民開發〉，《日本學刊》3（2002），頁134～147】,teachers_book,日本,政治,"[北海道, 阿伊努人, 同化政策, 明治政府, 勸農]",V.2/Ch.4/近代以後的東亞人群移動及影響,北海道政策,,,
790,明治維新的土地改革為其社會問題的根源。日本封建制度結束，農民變為法律上的自由人，可自由買賣土地，但富人積聚土地亦不受限。政府接著制定基於土地私有制而生的稅制（地租改正），內容為：租稅按地價之3%徵收，不問年成的豐歉；由土地所有人納稅；將實物地租（米）改為貨幣。自由農民因擁有土地而生的納稅義務，反而惡化生存條件，其納稅能力亦隨米價高低而波動。在此情況下，農民或賣掉土地流向城市謀生，或者被逼著借貸，最終其抵押品（大部分是土地）落入放貸者之手。農民流入城市進入工業部門以及米的商品化，加速日本工業及資本主義發展，然因國外產品競爭及國內消費力薄弱，積極開發國外市場成為其產業出路。<br><br>【改寫自：諾曼·赫伯特，姚曾廙（譯），《日本維新史》（長春：吉林出版，2007），頁121～125、138～147】,teachers_book,日本,社會,"[明治維新, 土地改革, 地租改正, 農民, 資本主義]",V.2/Ch.4/近代以後的東亞人群移動及影響,明治維新後的社會問題,,,
791,明治維新在政治上富國強兵、在經濟上殖產興業，以及在社會上文明開化的主張，頗為成功，但也造成一些內部問題。富國強兵配合軍國主義及忠君愛國思想，使軍人的政治影響力增加，殖產興業在產業轉換中的過剩勞動力及原料、市場問題，使日本經濟必須對外開拓，在文明開化上「脫亞入歐」的主張愈占上風，三者結合成日本帝國主義對外擴張的基礎，而其首要目標即將日本「利益線」——朝鮮半島控於手中。在此情況下，日本與中國在朝鮮利益發生衝突，爆發甲午戰爭。甲午戰爭期間，福澤諭吉等知識分子以「文明之戰」（視中國、朝鮮為野蠻）的大纛鼓吹戰爭，進而在社會上引發參軍狂熱，而戰爭的勝利更加使民間出現一種「帝國意識」，成為日本邁向軍國主義的背景。<br><br>【改寫自：趙麗，《歷史教我們的事——日本的帝國大夢》（臺北：驛站文化，2011），頁82、85。由井正臣，初曉波（譯）《岩波日本·第八卷：帝國時期》（北京：新星，2020），12～15、20、32】,teachers_book,日本,政治,"[日本帝國主義, 明治維新, 富國強兵, 脫亞入歐, 甲午戰爭]",V.2/Ch.4/近代以後的東亞人群移動及影響,日本帝國主義發展背景,,,
792,"1882年《排華法案》通過後，大量增加的日本移民成為美國社會進一步排斥的對象。美國勞工抱怨日本人狡猾、貪婪、沒有信用，不如華人勤樸踏實。<br><br>時間: 1882年, 概況: 美國通過《排華法案》，規定10年內禁止華人勞工入境，且不允許華人成為美國公民<br>時間: 1892年, 概況: 延長《排華法案》10年<br>時間: 1902年, 概況: 再延長《排華法案》10年<br>時間: 1904年, 概況: 無限期延長《排華法案》<br>時間: 1907年, 概況: 美日簽訂《紳士協定》，限制日本勞力入境<br>時間: 1921年, 概況: 美國通過《1921年移民法案》，限制每年移民美國的人數上限，並對各移入國採取配額限制<br><br>【改寫自：王秀惠，〈二十世紀初葉日本人移民美國對華人之衝擊〉，《臺灣師大歷史學報》第29期（臺北：臺灣師範大學歷史學系，2001年6月），頁171～205。張曉濤，〈美國對華移民政策的演變及其影響〉，《世界民族》（北京：中國社會科學院民族學與人類學研究所，2007年第5期），頁48～56。吳劍雄，〈美國排華運動與排華法案之成立（1850～1882）〉，《食貨月刊》第14卷3&4期（臺北：食貨月刊社，1984年7月），頁190～206】",teachers_book,美國,政治,"[移民法案, 排華法案, 紳士協定, 日本移民, 配額限制]",V.2/Ch.4/近代以後的東亞人群移動及影響,美國的限制移民法案,,,
793,1907年，美、日簽訂《紳士協定》（the Gentlemen's Agreement），限制新的日本勞動力進入美國本土。《紳士協定》簽訂後，在日本政府的支持下，日本勞動移民的主要目的地從北美轉向拉美國家，秘魯與墨西哥是最早接受日本移民的拉美國家。<br><br>【改寫自：杜偉，〈日本明治時期的海外移民潮〉，《世界民族》第29期（中國社會科學院民族學與人類學研究所《世界民族》編輯部，2011年2月），頁70～74】,teachers_book,移民,政治,"[紳士協定, 日本移民, 美國, 拉美國家, 勞動力]",V.2/Ch.4/近代以後的東亞人群移動及影響,《紳士協定》,,,
794,日本人在明治維新以後產生極高的民族自尊，並接受脫亞入歐論的影響，鄙視華人。移民美國的日本人在美國排華運動過程中，極力和華人劃清界線，甚至支持美國的排華政策。在美國遭受白人的排擠和歧視的華人，特別關注中國的政經局勢，冀望中國國際地位的提升，可以改善海外華人在居留國的待遇和社會地位。20世紀前期中日對峙的情勢，使得在美華人於美國本土排日風潮日熾之際，將敵視日本的民族主義情感，轉為接受白人的種族偏見，而敵視同為少數民族的日本移民。<br><br>【改寫自：王秀惠，〈二十世紀初葉日本人移民美國對華人之衝擊〉，《臺灣師大歷史學報》第29期（臺北：臺灣師範大學歷史學系，2001年6月），頁171～205】,teachers_book,移民,社會,"[日華關係, 脫亞入歐論, 排華運動, 民族主義, 種族偏見]",V.2/Ch.4/近代以後的東亞人群移動及影響,在美的日華關係,,,
795,16世紀後期，豐臣秀吉即針對北進與南進分別提出侵略東亞的戰略：北進攻擊朝鮮，進取滿洲，再向長城以及西伯利亞擴張；南進則收服琉球，占領臺灣，再以此向福建、浙江擴展勢力。19世紀，北方俄國的南下與來自海上英、美的進犯，皆催化了日本的「北進」和「南進」政策。明治政府利用歐美列強之間的對立，接連發起牡丹社事件、江華島事件、甲午戰爭、日俄戰爭等一系列侵略戰爭。臺灣和朝鮮分別是日本「南進」和「北進」政策的首要擴張基地。由於英美的支持，「北進」過程中的獨吞朝鮮、瓜分滿洲均得以順利進行。然而，由於「南進」牽扯到英美自身的利益，所以日本占領廈門的計畫，以及反對美國合併夏威夷等行動都無功而返。<br><br>【改寫自：經典雜誌，《赤日炎炎：臺灣一八九五～一九四五》（臺北：經典雜誌，2005），頁54。董麗仙，〈從國際關係視角看日本政府的對外政策〉，《黑龍江史志》2015年第11期（哈爾濱：黑龍江省地方志辦公室，2015年8月），頁62～63】,teachers_book,日本,政治,"[北進政策, 南進政策, 豐臣秀吉, 明治政府, 擴張]",V.2/Ch.4/近代以後的東亞人群移動及影響,日本的北進與南進政策,,,
796,東洋拓殖株式會社（簡稱「東拓」）為「在韓國經營拓殖事業為目的」，於1908年成立（日俄戰爭媾和後，日本對韓鮮的獨占權獲承諾），本部設於京城（今首爾），工作重點為推動移民和土地收購。朝鮮總督府於1910～1918年推動土地和林野調查，將大部分土地收歸國有並售予東拓及南滿鐵路會社等組織，使東拓成為朝鮮最大地主，下有佃農15萬人（1945年達25萬）。1914年一戰爆發，日本據英日同盟對德宣戰，入侵德國殖民地及租借地，東拓工作亦隨日軍行動擴大其營業地區為「韓鮮及外國」，工作重點亦修改為「開拓資金的供給以及其他相關開拓事業的經營」。隨著日本軍事勝利，東拓在中國東北、中國內陸、西伯利亞東部地區及南洋群島開設支店，太平洋戰爭後亦於東南亞設立辦事處。<br><br>【改寫自：丁曉杰，〈日本東洋拓殖株式會社在偽蒙疆的經營計劃及活動述論〉，收入《抗日戰爭研究》1（2010），頁66～67。康順岐、強百發，〈韓國殖民時期日本對韓國農業發展的影響〉，收入《農業考古》4（2009），頁106】,teachers_book,日本,經濟,"[東洋拓殖株式會社, 拓殖, 土地收購, 朝鮮總督府, 南滿鐵路會社]",V.2/Ch.4/近代以後的東亞人群移動及影響,東洋拓殖株式會社,,,
797,"日本為保障在朝鮮及東北的利益，於1904年對俄宣戰。1905年雙方戰情膠著，遂請美國調停簽定《樸茨茅斯條約》，日本憑藉此約，使俄國承認日本在朝鮮的獨占利益；此外，還取得遼東半島（日改稱「關東州」）租借權及新領土庫頁島南部（日稱「樺太島」），以及俄國在南滿洲建造的旅順至長春段中東鐵路，（日稱「南滿鐵路」）及開礦權，並且在鐵路沿線地區得以行使司法及行政權。日本取代俄國得到的權利，在日中會談裡得到承認。日本設立執行軍事占領的關東總督府負責治安及民政事務，後代以普通行政機關的關東都督府，取消所有軍政機構，陸軍部則自都督府獨立，改為關東軍司令部，下轄即關東軍，數量不過數千人，職責為維護旅客安全及鐵路附屬地區之治安。<br><br>【改寫自：James L. McClain, Japan: A Modern History (New York, N.Y.: W.W. Norton & Co, c2002), pp. 332～334. Andrew Gordon, A Modern History of Japan: From Tokugawa Times to the Present (New York: Oxford University Press; [2003]), pp. 121～122. 安岡昭男，林和生、李心純（譯），《日本近代史》（北京：中國社會科學出版社，1996），頁378】",teachers_book,日本,政治,"[關東軍, 樸茨茅斯條約, 關東州, 南滿鐵路, 關東都督府]",V.2/Ch.4/近代以後的東亞人群移動及影響,關東軍的設立,,,
798,日本關東軍制定的政策，推動於20年內將東北地區擴大至5000萬人的發展規模，以鞏固滿洲國領導的「五族協和」計畫。故日本將在20年內遷移100萬戶日本人。<br><br>時間: 1936～1945年<br>目的: 1. 維持東北統治秩序<br>2. 減輕日本國內人口壓力<br>3. 對蘇作戰準備<br>政策: 1. 設立滿洲拓殖會社推動計畫<br>2. 實施「分村」移民：將日本鄉村村民遷移至中國東北，建立與日本同名的村<br>3. 收購當地農地，雇用中國人為佃農、苦力<br>4. 發展與俄國邊境國防<br>成果: 1. 受開戰影響人員短缺，無法照預定計畫執行，日本僅遷移27萬開拓團成員至東北<br>2. 直到日本戰敗，中國東北一共有150萬日本人居住，並不跟其他族群往來，可見「五族協和」僅是口號<br><br>【改寫自：中日韓三國共同歷史編纂委員會，《超越國境的東亞近現代史（下卷）》（香港：三聯，2013），頁132～133】,teachers_book,日本,政治,"[百萬戶移民計畫, 關東軍, 滿洲國, 五族協和, 滿洲拓殖會社]",V.2/Ch.4/近代以後的東亞人群移動及影響,百萬戶移民計畫,,,
799,因應日本的東北開拓計畫，1938年日本招募15歲左右的青年投入當地，作為開拓移民的補充勞力。然而，開拓團成員抵達滿洲當地後，由於惡劣的設備、對環境的不適應，加上殖民主義的影響，對當地中國居民常施加暴行以宣洩不滿情緒。隨著二戰後期戰情嚴峻，青少年義勇軍多直接支援關東軍，投入戰爭前線。<br><br>【改寫自：王友興，〈日本「滿蒙開拓青少年義勇軍」移民政策的確立和實施〉，《黑龍江教育學院學報》（哈爾濱：黑龍江省教育學院，2002年第2期），頁93～94。內木靖，〈満蒙開拓青少年義勇軍--その生活の実態〉，《愛知県立大学大学院国際文化研究科論集》（愛知：愛知県立大学大学院国際文化研究科，2010），頁79～108】,teachers_book,日本,社會,"[滿蒙開拓青少年義勇隊, 東北開拓計畫, 開拓移民, 殖民主義, 關東軍]",V.2/Ch.4/近代以後的東亞人群移動及影響,滿蒙開拓青少年義勇隊,,,
800,"明治時定移民為國策，日人四波入臺<br><br>時間: 1895～1908年, 型態: 放任期：無業者、資本家、公務員, 成效: 失敗：風土病、移民村規劃投資不足（水利、交通、居住）、自然災害（颱風、水災、野獸）、原民衝突<br>時間: 1909～1917年, 型態: 花蓮港廳官營移民, 移民村: 吉野村、豐田村、林田村<br>時間: 1909～1917年, 型態: 臺東廳私營移民村（臺東製糖株式會社）, 移民村: 鹿野村、旭村、鹿寮村、池上村<br>時間: 1917～1945年, 型態: 中部官營移民村, 移民村: 秋津村、豐里村、香取村、鹿島村、八洲村、利國村、榮村、春日村, 成效: 改善環境及移民素質，相對成功。日本因戰事召部分移民入伍，移民村沒落；日本戰敗後，移民分批遣返<br>時間: 1917～1945年, 型態: 南部官營移民村（菸草移民村）, 移民村: 日出村、常盤村、千歲村<br>時間: 1932～1945年, 型態: 後期官營, 移民村: 臺東廳：敷島村<br>時間: 1932～1945年, 型態: 臺灣拓殖株式會社經營移民（半官營）, 移民村: （南投）新高村、（大甲）昭和村<br><br>【改寫自：吳木榮，〈試析日本據臺時期對臺農移民及其危害〉，收入《中國社會經濟史研究》3（2005），頁73～75。林玉茹，〈軍需產業與邊區政策：臺拓在東臺灣移民事業的轉向〉，收入《臺灣史研究》15：1（2008.3），頁86～88。張素玢，〈國策會社與日本移民事業的開展：滿洲拓殖公社與臺灣拓殖株式會社〉，收入《師大臺灣史學報》2（2009.3），頁53～54。張素玢，《未竟的移民——日本在臺移民村》（新北市：衛城山版：遠足文化發行，2017），頁75～76、179、206、220、426～428】",teachers_book,日治臺灣,社會,"[移民村, 官營移民, 吉野村, 臺灣拓殖株式會社, 國策]",V.2/Ch.4/近代以後的東亞人群移動及影響,日本在臺移民村,,,
801,南洋廳是日本於1922年，在其委任統治的南太平洋諸島上設立的行政機關，位於帛琉群島的柯羅島，具體治理範圍包括今日的密克羅尼西亞聯邦、馬紹爾群島、帛琉和北馬里亞納群島等。日本與「南洋群島」（日本中心的地理觀念下，專指日本以南的太平洋地區）的接觸始於1880～1890年代開始的通商，日本海軍發展後納入「南進」之一環。19世紀末起德國插足太平洋地區，引起英、美關注，一戰爆發後，日本以英日同盟的參戰義務正式對德宣戰，並於1914年占領南洋群島，日本開始在本地實施軍政統治。一戰結束後的巴黎和會期間，日本得到協約國的同意及美國的默許，在1919年提出兼併南洋群島的要求，但因各國理念及領土主張的衝突，最終以「委任統治」開啟日本對本地的民政管理。<br><br>【改寫自：邢寧，《日本在密克羅尼西亞群島的委任統治研究》（聊城大學碩士學位論文，2015），頁1、19～29】,teachers_book,日本,政治,"[南洋廳, 委任統治, 南洋群島, 南進, 巴黎和會]",V.2/Ch.4/近代以後的東亞人群移動及影響,南洋廳,,,
802,天災: 1. 1860年朝鮮遭遇水災，破壞田房，財產盡失，造成數千人流離失所<br>2. 1869年朝鮮大旱，導致人民跨越鴨綠江<br>3. 1870年朝鮮出現大雨雹，致使朝鮮糧荒，人民冒險渡江，乞食求生<br><br>人禍: 朝鮮自詡為小中華，鄙視朝鮮北部邊境的女真人。在朝鮮北部區域的人民也是遭受歧視。朝鮮更規定禁止任何人收留此區人民，也禁止其越境至中國，限制其生存空間<br><br>【改寫自：張鐘月，〈清代以來鴨綠江流域移民研究（1644～1931）〉（吉林：東北師範大學，2015年12月）】,teachers_book,朝鮮,社會,"[天災, 人禍, 朝鮮, 鴨綠江, 小中華]",V.2/Ch.4/近代以後的東亞人群移動及影響,朝鮮天災人禍頻仍,,,
803,"朝鮮自1832年起受英國、美國及法國、俄國等歐洲國家要求，開放貿易；1866年後，朝鮮處在西方入侵的壓力下，在東方則面對強鄰日本。1876至1883年間，朝鮮與日、美、英簽定條約，開放市場；國內亦因應新局開始一系列改革，唯國政改革經常援引外來勢力，引發政局分裂（中日、日俄）。甲午戰後的《馬關條約》承認朝鮮獨立，日本取代中國在朝鮮的地位；1867年，俄國確定向亞洲地區擴張，逐漸開拓其遠東疆界。1890年代西伯利亞大鐵路建設完成，將俄國、中國與朝鮮連接在一起；三國干涉還遼後，俄國據《中俄密約》在北滿洲建立中東鐵路到達太平洋沿岸，其勢力沿著鐵路線伸展並向朝鮮滲透，與日本發生嚴重利益衝突，導致1904年的日俄戰爭，最後俄國承認日本對朝鮮的特殊利益。<br><br>【改寫自：Michael J. Seth, A Concise History of Korea: From Antiquity to the Present (Lanham: Rowman & Littlefield, [2020]), pp. 249～252. Nicholas V. Riasanovsky, Mark D. Steinberg, A History of Russia (New York: Oxford University Press; [2011]), p. 397. 高麗大學校韓國史研究室，孫科志（譯），《新編韓國史》（濟南：山東大學出版社，2010），頁190～192】",teachers_book,朝鮮,政治,"[朝鮮, 馬關條約, 西伯利亞大鐵路, 日俄戰爭, 三國干涉還遼]",V.2/Ch.4/近代以後的東亞人群移動及影響,19世紀後期朝鮮半島的國際角力,,,
804,"朝鮮在外力侵擾下開港，國內掀起強調精神啟蒙及國權恢復的民族復興運動，成為1910年日朝合併後，朝鮮獨立運動的前提。日治朝鮮初期施行「武斷統治」欲根絕朝鮮人之民族認同，但日本的文化排他性及在殖民地運作的歧視政策，反而強化朝鮮社會原有之文化認同，最後導致1919年三一反日運動。三一運動為全島性流血運動，日本鎮壓後也改採「文化政治」及稍後的同化政策（內鮮一體）收編朝鮮輿論領袖，進而消滅民族認同（此為獨立之基礎）。但此一策略反使流亡國外的朝鮮獨立運動分子更為活躍，其中最知名者包含流亡在美的李承晚及共產主義者金日成：前者在美積極影響美國外交政策，後者在滿洲便加入抗日游擊隊，爾後各自成為南、北韓的開國領袖。<br><br>【改寫自：Britannica Academic, s.v. ""Kim Il-Sung,"" accessed August 16, 2021, Kyung Moon Hwang, A History of Korea: An Episodic Narrative (London Palgrave, Macmillan Education, 2017), pp. 160, 184. Michael J. Seth, A Concise History of Korea: From Antiquity to the Present (Lanham: Rowman & Littlefield, [2020]), pp. 319～320. 高麗大學校韓國史研究室，孫科志（譯），《新編韓國史》（濟南：山東大學出版社，2010），頁231～238、256】",teachers_book,朝鮮,政治,"[朝鮮獨立運動, 武斷統治, 三一反日運動, 文化政治, 李承晚]",V.2/Ch.4/近代以後的東亞人群移動及影響,朝鮮獨立運動領導人,,,
805,時間: 1910～1918年<br>起因: 日本並不承認大韓帝國時期的土地制度改革<br>政策: 日本重新實施土地調查，編輯土地所有權賬簿<br>成果: 1. 地主土地受到保障<br>2. 日人非法購買土地合法化<br>3. 王室與官廳土地收歸國有<br>影響: 1. 十年間稅收增長52%，地稅收入則增長兩倍<br>2. 農民耕作權不被保障，向地主與總督府展開鬥爭<br><br>【改寫自：《東亞三國的近現代史》共同編寫委員會，《東亞三國的近現代史》（香港：三聯，2005），頁72】,teachers_book,朝鮮,經濟,"[土地調査事業, 大韓帝國, 土地制度, 總督府, 地稅]",V.2/Ch.4/近代以後的東亞人群移動及影響,朝鮮土地調査事業,,,
806,日本於一次大戰期間的高速工業化，使城市工人大大增加，物價上揚，米價也大幅上漲，並於1918年爆發了全國性的「米騷動」。於是，日本要求朝鮮總督府實施產米增值計劃（1920～1934）。朝鮮總督府為實施此計畫，增建了大型水庫和水渠等灌溉設施，大米產量雖然獲得提高，但是輸出的增加量更大。農民要將產量50%以上交納給地主，還要負擔水利費，使得農民的處境變得更加悲慘，擁有自己土地的農民愈來愈少。<br><br>【改寫自：《東亞三國的近現代史》共同編寫委員會，《東亞三國的近現代史》（香港：三聯，2005），頁72】,teachers_book,朝鮮,經濟,"[產米增值計畫, 米騷動, 朝鮮總督府, 灌溉設施, 農民]",V.2/Ch.4/近代以後的東亞人群移動及影響,產米增值計畫,,,
807,"朝鮮向中國東北邁進的大規模移民，可以分為三個階段：初始期（1896～1910）、難民期（1910～1931）、政策移民期（1931～1945）。<br><br>初始期 (1896-1910): 1. 清朝一改過去的封禁政策，主動接納朝鮮北邊生活困窘的人民移入，以此充實邊區<br>2. 1910年為止，從朝鮮移入將近11萬人<br><br>難民期 (1910-1931): 1. 日本在朝鮮設立總督府之後，一系列壓迫性殖民政策造成人民生活困苦，促使大量難民湧入東北。1910～1920年間湧入了近20萬人<br>2. 朝鮮移民總人數在1920年增至46萬人。直到九一八事變發生前，東北朝鮮移民總人數達到60萬人<br><br>政策移民期 (1931-1945): 1. 日本控制中國東北後，開始推動政策性移民，規劃20年每年移入5,000戶，總目標為在東北設立10萬戶朝鮮人。1935年東北朝鮮移民已超過80萬人<br>2. 到1945日本戰敗前，東北地區朝鮮人達到170萬人<br><br>【改寫自：姜磊、陳勇，〈朝鮮移民與韓國遷移者比較分析〉，《哈爾濱工業大學學報（社會科學版）》第1期（哈爾濱：哈爾濱工業大學，2010年1月），頁77～79】",teachers_book,移民,社會,"[朝鮮移民, 中國東北, 難民, 政策移民, 總督府]",V.2/Ch.4/近代以後的東亞人群移動及影響,在中國東北的朝鮮移民,,,
808,在日朝鮮人多指1910年日韓合併後，東渡日本並長期滯留或定居的朝鮮人。1910年日本殖民朝鮮後，因執行土地調查及產米增殖計畫等，將大量土地收歸國有，並造成農民破產；而此時日本國內工業發展亟需廉價勞動力，破產農民遂受招募至日本。此外，日本二戰期間損失大量青年勞動力，便又從朝鮮等地徵用人民至日本工作或從軍，至1945年前夕在日朝鮮人已近達200萬。這些人在日本備受歧視，在就業上極受限制，三分之二的人口處在失業、半失業狀態，亦受拒於大企業、公務員及媒體產業。其自我認同也十分模糊：在日本「單一民族」的主流歷史觀下，他們受到排斥；若作為外國人，在社福等權利保障上亦十分受限；即便成為歸化人，在日本仍不受待見，也不為其他朝鮮人理解。<br><br>【改寫自：鄭信哲，《在日朝鮮人歷史及其現狀研究》（延邊大學博士學位論文，2003），頁21～35。鄭信哲，〈「在日朝鮮人」問題研究〉，收入《世界民族》2（2003），頁27～30】,teachers_book,朝鮮,社會,"[在日朝鮮人, 廉價勞動力, 歧視, 自我認同, 單一民族]",V.2/Ch.4/近代以後的東亞人群移動及影響,在日朝鮮人的處境,,,
809,端島因其形狀又稱「軍艦島」，位於長崎外海，為日本工業革命的進步象徵。1810年，島上發現煤礦，但未受重視；至1890年三菱公司大力開發下，成為日本近代的工業基地。1960年代，日本國內能源改以石油為主及環境意識提升，導致端島重要性消失，1974年關閉後成為無人島。2013年，日本政府將之以「明治工業革命遺址」群之一，申請世界文化遺產（下稱「申遺」），並於2015年獲得通過；但過程中引發韓、中兩國的批評。端島作為日本近代化的黑暗面，是其非法勞動力來源及極度惡劣的勞動環境，日本申遺時承認其「違反本人意志，徵用朝鮮半島等地大量勞工在惡劣環境中勞作」，致許多人死於礦災、過勞及飢餓。故日本申遺時，承諾「做出能使外界理解日本的徵用政策的措施」，但執行結果仍有爭議。<br><br>【改寫自：黃金生，〈里程碑，還是歷史傷口——軍艦島：近代文化遺產背後的罪惡〉，收入《國家人文歷史》17（2017），頁30～35】,teachers_book,日本,社會,"[端島, 軍艦島, 世界文化遺產, 強制勞動, 徵用]",V.2/Ch.4/近代以後的東亞人群移動及影響,端島,,,
810,臺灣割讓日本後，臺灣人國籍改為日本。有群臺灣人與中國的聯絡仍十分頻繁，時常往來廈門、福州等地，他們在中國及國際社會便被稱為「臺灣籍民」。臺灣籍民因其日本人身分，一方面具有免除許多租稅及治外法權的優勢，又因語言、文化的類同性，而能進入非通商口岸之地進行商業經營；為了得到這種優勢，亦產生中國在地人「冒籍」的問題。<br><br>【改寫自：王泰升，〈日本統治下臺灣人關於國籍的法律經驗：以臺灣與之間跨界的人口流動為中心〉，收入《臺灣史研究》3：20（2013.9），頁64～66】,teachers_book,日治臺灣,社會,"[臺灣籍民, 國籍, 治外法權, 通商口岸, 冒籍]",V.2/Ch.4/近代以後的東亞人群移動及影響,臺灣籍民,,,
811,本名江文彬，1932年改名江文也，出生於臺北大稻埕，後遷至淡水鎮三芝鄉；6歲時舉家遷至廈門。1918年至日本留學，畢業後拜入山田耕作門下學習作曲，1932年後陸續參與各項音樂比賽，嶄露頭角。留日返鄉期間，江文也等人進行臺灣各地民歌資料的收集，並在1936年以《臺灣舞曲》獲柏林第11屆奧林匹克國際音樂比賽特別獎。後至中國任教，致力於以臺灣民間音樂素材創作大型作品；晚年著手整理過去收集之臺灣民歌，改編為管弦樂。<br><br>【改寫自：魏心怡，〈江文也〉，收入《線上臺灣歷史辭典》：http://loan.lib.nccu.edu.tw/Doth/Article.aspx?918^%a6%bf%a4%e5%a4%5d，日期：2019年11月25日。鄭錦揚，〈20世紀文化視野中的江文也〉，收入《音樂探索》1（2015），頁1、4、8】,teachers_book,日治臺灣,文化,"[江文也, 作曲, 臺灣舞曲, 奧林匹克, 臺灣民歌]",V.2/Ch.4/近代以後的東亞人群移動及影響,江文也,,,
812,所謂「黑幫籍民」，指在中國從事非法活動、有擾亂當地治安之虞、加入黑社會組織的臺灣籍民，主要從事煙館、賭場、妓院及犯罪等事業。依照總督府對岸政策之變化，可分為三階段<br><br>1895～1911 無旅券不逞籍民: 1. 日治初期，有鑑於中國內政腐敗，人民多希望接受外國人的統治，以至於1897年國籍選擇時限以後，廈門人入臺籍者增加<br>2. 此時臺灣籍民或藉著日商威勢謀取暴利，或透過領事權逃避金錢借貸、盜難訴訟等案件。但仍屬一般百姓而非黑幫分子<br>3. 在臺灣從事抗日及非法活動者亦逃往對岸，此即是當時總督府及領事所稱的「無旅券不逞籍民」，總督府僅採取逮捕及限制出境的策略<br><br>1911～1917 臺匪: 1. 無旅券不逞籍民聚集於對岸後，許多在「日商」之名義下，從事鴉片及賭博、妓院等事業。之後與當地不法分子或遭除籍者相結合，而逐漸在廈門黑社會內佔有一席地，而有了「臺匪」的稱號<br>2. 民國成立後，中國軍閥割據、秩序混亂；廈門臺灣黑幫仗恃日本籍不受管轄愈加跋扈，更吸引許多同黨聚集，出現「臺匪」獨霸之局面。日本更是趁中國軍閥分裂之際，透過扶植潛在勢力拓展在華之權益<br>3. 實際上「臺匪」僅有一半為籍民，許多中國人假冒或租賃籍民名義，以享受日本國權之保護。然而臺匪的非法行為，皆被誤解為臺灣籍民，使得中國人將排日之反感全部轉移到臺灣籍民身上<br>4. 「臺匪」日益增加的重要原因之一，在於日本的「完善保護」。總督府的對岸政策，主張「無賴亦是（日本）國民的一分子，使其橫行有助於國人南進」、「（若臺灣籍民犯罪任由中國官員處置）關係到擁有領事裁判權之帝國威信」<br><br>1917～1945 武力派: 1. 日本為了籌措戰爭經費而默許臺灣鴉片走私進入中國。日本或朝鮮的鴉片商、甚至日軍成為走私的大盤商，並依賴黑幫籍民作為中、下盤的走私銷售管道<br>2. 由於鴉片政策的成功，使得臺灣總督府受到日本中央的青睞，故原本受領事唾棄、厭惡的臺灣黑幫籍民反而成為帝國主義所極力拉攏的對象，因此將原本「臺匪」的稱謂中性化的稱呼，這表示領事對黑幫籍民觀感的變化<br><br>【改寫自：王學新，〈臺灣總督府的對岸政策與黑幫籍民之關係〉，《海峽兩岸臺灣史學術研討會論文》（廈門：廈門大學臺灣研究院，2004），頁283～292】,teachers_book,日治臺灣,社會,"[黑幫籍民, 臺灣籍民, 總督府, 臺匪, 領事裁判權]",V.2/Ch.4/近代以後的東亞人群移動及影響,「黑幫籍民」的形成與活動,,,
813,黃子正，臺北瑞芳人，畢業於臺北醫學專門學校（臺大醫院的前身），至上海開業時因上海事變逃難至租界。後經父輩友人謝介石（滿洲國第一任外交總長）之介紹，至新京（長春）開業，還擔任了外交部囑託醫及溥儀御醫。1945年俄國入侵滿洲國，隨溥儀逃亡時被捕，被拘禁12年；出獄後居於遼寧，在1959年過世。<br><br>【改寫自：許雪姬，〈黃子正〉，收入《臺灣百年時空歷史知識庫》】,teachers_book,日治臺灣,社會,"[黃子正, 臺北醫學專門學校, 滿洲國, 謝介石, 溥儀]",V.2/Ch.4/近代以後的東亞人群移動及影響,黃子正,,,
814,郭松根畢業於臺北醫學專門學校，後又深造，獲京都大學及巴黎大學理學博士學位。1940年，其赴滿洲國之新京醫科大學擔任教授。戰後，於長春組織臺灣同鄉會，協助與聯合國救濟總署之交涉；後回臺任臺大醫學院教授，主持公共衛生學院。<br><br>【改寫自：許雪姬，〈郭松根〉，收入《臺灣百年時空歷史知識庫》】,teachers_book,日治臺灣,社會,"[郭松根, 臺北醫學專門學校, 滿洲國, 臺灣同鄉會, 臺大醫學院]",V.2/Ch.4/近代以後的東亞人群移動及影響,郭松根,,,
815,臺灣新竹人謝介石是目前所知最早活躍於東北地區的臺灣人。由於他後來擔任滿洲國第一任外交總長，起了指標性的作用，吸引臺人前往滿洲，下表為其一生的簡易整理。<br><br>早年: 1879年出生於新竹。日本領臺後學習日語半年，1896年畢業後被任用為通譯<br>赴日: 1904年受推薦前往東京專門學校任教臺灣語，同時就讀明治法律學校（後來的明治大學）<br>政治生涯: 1. 從明治法律學校以成績優異畢業，被張勳延攬為法律顧問<br>2. 民初，任吉林都督府政治顧問<br>3. 1927年與溥儀第一次會面。1929年到1932年與溥儀有較深的往來<br>4. 1928年任外務部右丞天津行在御前顧問，籌辦東三省軍務<br>5. 1932年任滿洲國外交部總長<br>失勢: 1945年終戰，滿洲國瓦解，謝介石被捕<br>逝世: 1954年病逝於北京<br><br>【改寫自：許雪姬，〈是勤王還是叛國—「滿洲國」外交部總長謝介石的一生及其認同〉，《近代史研究所集刊》第57期（臺北：中研院近史所，2007年9月），頁77～117】,teachers_book,日治臺灣,政治,"[謝介石, 滿洲國, 外交總長, 溥儀, 張勳]",V.2/Ch.4/近代以後的東亞人群移動及影響,謝介石的一生,,,
816,早年: 1. 1906年生於臺中<br>2. 1916年父母雙亡，成為商人洪喜兒子之妻妾，後逃出洪家在糖廠擔任女工<br>3. 1917年前往神戶，期間學習日語、中文，接觸共產思想<br>4. 1920年返臺，1921年加入臺灣文化協會<br><br>投入共產活動: 1. 1924年經商失敗前往上海。期間參加中國共產黨活動與反日遊行<br>2. 1925年受中共推薦，至莫斯科留學<br>3. 1928年在上海創立臺灣共產黨<br><br>失勢: 1930年陷入黨內政治對立，1931年被鬥爭而開除黨籍<br><br>逝世: 1970年11月，病逝北京<br><br>【改寫自：伊藤幹彥，〈臺灣社會主義思想之研究——連溫卿與謝雪紅〉，《思與言》第42卷第2期（臺北：國立臺灣師範大學歷史學系，2004年6月），頁43～74】,teachers_book,日治臺灣,政治,"[謝雪紅, 共產思想, 臺灣文化協會, 中國共產黨, 臺灣共產黨]",V.2/Ch.4/近代以後的東亞人群移動及影響,謝雪紅,,,
817,由於南洋華商屬於福佬文化圈，臺灣人善於閩南語、日語、漢字書寫，故在當地貿易中具有文化優勢。臺灣人早在日本推行南洋政策前，就已前往南洋經商，甚至在當地定居、成家。根據1916年日本統計數據，在南洋定居的臺灣人有160位，以荷屬東印度的人數最多。<br>1917年，日本企業配合南進論前往南洋進行投資移民，因需要大量開墾勞動力，故積極招募臺灣人，稱為「苦力輸出」。<br>1938年，再度配合南洋政策，臺灣拓殖株式會社檢討海外移民計畫，針對臺灣人移民南洋提出如下意見：<br>1. 本島人與在南洋活躍的華僑祖先相同，應使其在大東亞建設中起引導作用。<br>2. 本島人既處特殊地位，且先天具有移民南洋的民族特性，故移動臺灣人至南洋比移民日本內地人更為適合；但實際移居南洋的臺灣人僅962位。<br>3. 面對臺灣人口急速增加，必須研擬「過剩人口」對策，而最好的移民地點莫過於南洋。<br>4. 臺灣位於本國與南洋聯絡之中心，得以成為進出南洋之根據地。<br>5. 過去移民政策的失敗是為移民人數太少。因之，每年至少送出10至20萬人到婆羅洲或新幾內亞等廣大土地（使之進行熱帶栽培業工作），對解決人口問題才有幫助。<br><br>結論指出，考量臺灣人口增加快速、臺灣的特殊立場與南洋現狀，臺人移民南洋有助於推動國家型大事業。而移民應以國人既有的移住地為主，故以納卯（即菲律賓達沃市）為據點向各地進出。因此，以臺灣、納卯為據點，執行向南洋各地開拓的政策，將使投入之經費低於移民南美的一半，便能確立日本產業立國之基礎。<br><br>【改寫自：鍾淑敏，〈臺灣總督府的「南支南洋」政策—以事業補助為中心〉，《臺大歷史學報》34（2004.12），頁149～194。鍾淑敏，〈戰前臺灣人英屬北婆羅洲移民史〉，《臺灣史研究》22:1（2015.3），頁25～80】,teachers_book,日治臺灣,社會,"[南洋, 臺灣人, 移民, 南進論, 臺灣拓殖株式會社]",V.2/Ch.4/近代以後的東亞人群移動及影響,臺灣人在南洋,,,
818,林熊徵，臺北板橋人，1895年時家族避至中國，並成立許多產業，日治時期出任多項公職。1919年，以中、日親善為名，推動設立「株式會社華南銀行」，其資本額為1千萬日圓，中、日各半，林熊徵及郭春秧亦有出資。其主要業務為一般銀行業務及為華南、南洋地區企業提供融資（故在南洋地區設有分行）；但其業務隨世界景氣及日本統治時間進入尾聲，資本額不斷縮減，且隨日軍之敗退使海外業務急遽萎縮。<br><br>【改寫自：許雪姬，〈林熊徵〉，收入《線上臺灣歷史辭典》。陳鴻圖，〈華南銀行〉，收入《線上臺灣歷史辭典》】,teachers_book,日治臺灣,經濟,"[林熊徵, 華南銀行, 郭春秧, 融資, 南洋]",V.2/Ch.4/近代以後的東亞人群移動及影響,林熊徵與華南銀行,,,
819,| | |<br>| :--- | :--- |<br>| **繪製時間** | 1602年 |<br>| **地圖內容** | 1. 主圖為橢圓形的世界地圖，並有一些小幅的天文圖和地理圖<br>2. 主圖將世界分為五大洲，分別是亞洲，歐洲，非洲及南北美洲，為便於傳教，將中國位於中央位置<br>3. 另以文字介紹赤道、經緯度等地理學知識，以及地圓說等天文學知識 |<br>| **明朝協助** | 1. 利瑪竇在繪製此圖的過程中，獲明朝官員協助，許多地名由官員們命名<br>2. 地名皆以中國為本位而命名，如東洋、西洋 |<br>| **意義與影響** | 1. 為西方世界地圖初步在地化的結果<br>2. 影響往後中國地圖製作的形式 |<br><br>【改寫自：史庫（香港浸會大學圖書館），https://digital.lib.hkbu.edu.hk/history/relic_view.php?id=39。李兆良，《坤輿萬國全圖解密：明代測繪世界》（臺北：聯經，2012），頁15、17。徐光台，〈明末清初西方世界地圖的在地化：熊明遇「坤輿萬國全圖」與熊人霖「輿地全圖」考析〉，《清華學報》新46卷第2期（新竹：國立清華大學，2016），頁322】,teachers_book,明清,文化,"[利瑪竇, 世界地圖, 五大洲, 地圓說, 經緯度]",V.2/Ch.5/邁向現代化的東亞,利瑪竇引進世界地圖,,,
820,| | |<br>| :--- | :--- |<br>| **背景** | 1. 發現佛教在當時並不受中國士人尊崇<br>2. 認為佛教崇拜偶像，違反基督宗教教義 |<br>| **批判** | 1. 認為聖、佛等都是受造者，地位不可能和天主相同<br>2. 反對祭祀佛像 |<br>| **影響** | 其批判中國佛教的作法，影響往後來華耶穌會教士，包含艾儒略、李明、南懷仁、郭納爵、劉應、利國安等人 |<br><br>【改寫自：李新德，〈明末清初來華耶穌會士之中國佛教觀〉，《漢學研究》29:1（臺北：漢學研究中心，2010），頁1～5】,teachers_book,明清,文化,"[利瑪竇, 佛教, 基督宗教, 偶像崇拜, 耶穌會]",V.2/Ch.5/邁向現代化的東亞,利瑪竇的中國佛教觀,,,
821,利瑪竇到中國傳教後，致力於將中國古籍中的理念與天主教進行結合，他透過閱讀大量中國古籍，並從中找出能與天主教義相呼應的內容，編撰成《天主實義》一書。<br>他引用《四書》、《詩經》、《禮記》、《中庸》、《論語》、《孟子》、《老子》等書，一方面從中找尋對其傳教有利之證據，如從《中庸》等書中證明中國古代尊崇唯一真神的觀念，並將典籍中「上帝」一詞與「天主」做連結，藉此反映天主教中「天主存在」的教義，能與中國古代先賢的觀念互通。另外，他也從許多經典中，找到有關靈魂不滅的信仰內容、以及賞善罰惡的教義，而這些內容，大多見於漢代以前的儒家經典之中，也因此形成他尊重古代儒學的態度。<br>利瑪竇透過引用大量中國古籍的方式，將天主教教義包裝成較為中國士大夫所能接受的樣貌，並從中獲得以下結論：一、上帝非太極；二、靈魂不滅；三、後儒非先儒；四、儒學仍需天主教補充。但因其採取低姿態，並肯定古代儒學傳統，故能為許多士大夫所接受。<br><br>【改寫自：古偉瀛，〈明末清初耶穌會士對中國經典的詮釋及其演變〉，《臺大歷史學報》第 25 期（臺北：國立臺灣大學出版委員會，2000），頁 91 ~ 97】,teachers_book,明清,文化,"[利瑪竇, 天主實義, 中國古籍, 天主教, 儒學]",V.2/Ch.5/邁向現代化的東亞,《天主實義》中利瑪竇對中國古典的詮釋,,,
822,利瑪竇除引用中國古籍內容吸引中國士大夫外，也透過傳播西方科技的方式來傳教。包括數學、天文學、地理學等。<br><br>| | |<br>| :--- | :--- |<br>| **數學** | 1. 認為中國缺乏邏輯論證，故不易理解上帝救贖等教義<br>2. 翻譯《幾何原本》，希望能藉此強化中國士人對於邏輯學的認識 |<br>| **天文** | 1. 與李之藻合譯《渾蓋通憲圖說》，為中國首本西洋天文學著作<br>2. 上奏明神宗，要求改革曆法，但未能成功；後由徐光啟等人於明思宗時再度上奏，始成 |<br>| **地理** | 1. 將西方地理概念傳入中國的第一人<br>2. 在專有名詞認定上有所貢獻，如考證《馬可．波羅遊記》中的「契丹」為中國、「汗八里」為北京 |<br><br>【改寫自：董焱，〈利瑪竇在北京的傳教活動及意義〉，《北京史學論叢》（2014），頁 147 ~ 148】,teachers_book,明清,文化,"[利瑪竇, 西學, 幾何原本, 天文學, 地理學]",V.2/Ch.5/邁向現代化的東亞,利瑪竇與西學的傳播,,,
823,清世宗雍正元年（1723年）嚴厲禁止天主教，歸納其原因有三：一、傳教士曾介入雍正與其兄弟的帝位繼承之爭；二、擔心民眾信奉天主教，國家命令無法貫徹；三、擔心中國人被歐洲天主教國家控制。<br>天主教國家不斷向東方侵略，占據中國鄰近土地為殖民地，北方俄國又虎視眈眈，若讓傳教士進入中國，屆時國內騷動將無寧日，因此下令「西洋之教不必行於中國」。雍正下令除留京任職的傳教士外*，其餘一律送往澳門；各地天主堂或被拆毀，或改為公廨。屢下禁令，不准民間信仰，乾隆時代取締尤烈，直至道光皇帝才解除禁令。<br>* 雍正雖然實施禁教，但在外國使節來訪時，仍會與他們交換意見。<br><br>【引用自：教育雲，https://market.cloud.edu.tw/resources/web/1660761】,teachers_book,明清,政治,"[雍正, 禁教, 天主教, 傳教士, 澳門]",V.2/Ch.5/邁向現代化的東亞,雍正禁教,,,
824,根據學者李建民的研究，其認為川楚白蓮教亂起事的原因，並非一般所認為之「官逼民反」，而是與以下原因有關：<br><br>| | |<br>| :--- | :--- |<br>| **人口結構** | 1. 該地長期受戰亂影響，原籍人口甚少<br>2. 清代後，許多他地客民遷入，增加社會不穩定性 |<br>| **社會風氣** | 1. 因屢遭戰亂，故文教不盛、重武輕文<br>2. 居民多自他地來，心靈上需要宗教寄託 |<br>| **宗教因素** | 1. 白蓮教強調強健體魄、以符咒替人治病，對於當地浮動之民心頗具吸引力<br>2. 以許多鬼神之言迷惑信眾，加強團體的向心力<br>3. 教首多以威脅方式，強迫信眾共同起事 |<br><br>【改寫自：李健民，〈清嘉慶元年川楚白蓮教起事原因的探討〉，《中央研究院近代史研究所集刊》第 22 期上冊（臺北：中央研究院近代史研究所，1993），頁 360 ~ 372】,teachers_book,明清,社會,"[川楚白蓮教, 官逼民反, 人口結構, 社會風氣, 宗教因素]",V.2/Ch.5/邁向現代化的東亞,川楚白蓮教亂發生的原因,,,
825,有關太平天國之亂的本質，一直是學界相當重視的議題。如從當時的趨勢來看，因太平天國的教義源自西方基督教，故被反對者貼上顛覆政權的標籤。最著名者，便是曾國藩在〈討粵匪檄〉中，將動亂視為「文明衝突」；而美國漢學家裴士鋒則從當時中、西方文獻的內容中，分析太平天國的基督教因素薄弱，從而認為這場動亂應較偏向為「種族革命」。<br>然而，其論點也受部分中國學者質疑，論者認為太平天國的軍事組織、當時下層人民的特性等，皆有利於其擴大勢力，故不能以單一特質來進行定義。<br><br>【改寫自：吳盛杰，〈國際化視野下的太平天國史—評裴士鋒《天國之秋》〉，《二十一世紀雙月刊》第 155 期（香港：香港中文大學，2016），頁 136 ~ 137】,teachers_book,明清,政治,"[太平天國, 曾國藩, 文明衝突, 種族革命, 基督教]",V.2/Ch.5/邁向現代化的東亞,學者對於太平天國之亂本質的討論,,,
826,林則徐為晚清主動了解外國情勢的先行者，他通過各種途徑理解、學習西方世界：<br><br>| | |<br>| :--- | :--- |<br>| **地理** | 1840 年，翻譯英國出版的《世界地理大全》，並定名為《四洲志》 |<br>| **法律** | 翻譯瑞士人瓦特爾的《國際法》，並運用在 1839 年英商船水手與中國村民衝突的「林維喜案」 |<br>| **船艦** | 1. 認為中國船艦不如西方，主張購買英國製造的炮艦「甘米立治號」<br>2. 翻譯《華事夷言》，並於其中介紹外國船隻 |<br><br>【改寫自：馬寶珠，《中國新文化運動史》（臺北：文津，1996），頁 11 ~ 13】,teachers_book,明清,文化,"[林則徐, 四洲志, 國際法, 林維喜案, 船艦]",V.2/Ch.5/邁向現代化的東亞,學習西方知識的林則徐,,,
827,鴉片戰爭之後，朝野陷於慌亂，知識分子既不敢再談鴉片問題，而內有太平天國、外有英、法等國的不斷侵逼，使得朝野知識分子的心力，都耗在應付內亂與外患上頭。而無論是對內或對外，這個時期知識分子所抱持的政治觀念，以及清政府所採取的政治措施，都是以「兵戰」為中心。<br>在鴉片戰爭剛結束的時候，知識分子一致認為戰敗的屈辱和不平等條約的束縛，可以靠「兵戰」來解決。即使到了 1860 年代洋務運動開始展開的時候，雖是以「師夷之長技以制夷」為核心，但其終極目標，也還是希望在學得西方的堅船砲利之後，可以和西方各國進行「兵戰」。這是因為當時的知識分子在心理上還沒有辦法完全接受軍事失敗的事實，想要儘快地在武力上討回公道。同時洋務運動的領袖們，對西方的了解也極為有限，總以為西方的強大不過是在砲艦上面，西方之優勝於中國者，也只在「器」、「用」方面，而在「道」、「體」上，中國則遠勝於西方。<br><br>【引用自：李達嘉，〈從抑商到重商：思想與政策的考察〉，《中央研究院近代史研究所集刊》第 82 期（臺北：中央研究院近代史研究所，2013），頁 19】,teachers_book,明清,政治,"[鴉片戰爭, 洋務運動, 師夷之長技以制夷, 堅船砲利, 兵戰]",V.2/Ch.5/邁向現代化的東亞,清朝學習船堅砲利的目的與想像,,,
828,魏源的「師夷之長技以制夷」，對 19 世紀末中國以及其他的東方國家如日本、朝鮮均產生影響。英法聯軍之役以後至甲午戰爭以前的清季自強運動，即是以此為主要目標。<br>唯值得注意的，為了自強而師夷之長技，這是應該的，但為何要制夷才去師夷之長技，這是要予以討論的。此時中國雖然敗於英國，但國人在觀念上仍然自視甚高，對於西方的文化，甚至包括科技知識，仍予蔑視。魏源以師夷之長技作為制夷的手段，顯然含有兩種心態：<br>一、相信並不會損害中華文化的偉大，僅是因要制夷，而臨時採用的一種手段而已。<br>二、承認西洋文化值得學習，為了減低阻力，故冠以制夷之名。這兩種心態看似互相矛盾，實則應是可以同時存在於一個人心中的。只是對魏源而言，也許第二種比較強烈一些。<br><br>【引用自：李國祁，〈包世臣與魏源經世思想比較分析〉，《臺灣師大歷史學報》第 33 期（臺北：臺灣師範大學歷史系，2005），頁 157】,teachers_book,明清,文化,"[魏源, 師夷之長技以制夷, 自強運動, 中華文化, 西洋文化]",V.2/Ch.5/邁向現代化的東亞,學者對於魏源「師夷之長技以制夷」態度之分析,,,
829,1861 年，咸豐皇帝病逝，主張改革圖強的恭親王奕訢擔任議政王大臣，掌握中央權力；而在地方，經歷太平天國並與外國人打過交道的曾國藩、李鴻章、左宗棠等人，親身體驗過西方軍事力量的強大，並多擔任地方督撫等重要官職，掌握政治權力。在奕訢的支持下，洋務運動得以在中央、地方串連的情形下順利推展。<br><br>【改寫自：潘云成，〈奕訢上臺與晚清政府內政和外交的變化〉，《西南石油大學學報（社會科學版）》17（1）（四川：西南石油大學，2015），頁 93 ~ 94】,teachers_book,明清,政治,"[恭親王奕訢, 曾國藩, 李鴻章, 左宗棠, 洋務運動]",V.2/Ch.5/邁向現代化的東亞,洋務派勢力的崛起,,,
830,奕訢認為，中國的政治典章制度優於西方，唯軍事技術和武器裝備較差。亦即中國「有制勝之兵，而無制勝之器」，故「治國之道，在乎自強，而審時度勢，則自強以練兵為要，練兵又以制器為先」。在奕訢的宣導下，清朝於 1860 年代起開展了以學習西方軍事、科學技術，與引進機器生產為主旨的洋務運動。<br><br>【改寫自：潘云成，〈奕訢上臺與晚清政府內政和外交的變化〉，《西南石油大學學報（社會科學版）》17（1）（四川：西南石油大學，2015），頁 94】,teachers_book,明清,政治,"[奕訢, 洋務運動, 自強, 練兵, 制器]",V.2/Ch.5/邁向現代化的東亞,奕訢與洋務運動發展的要點,,,
831,戊戌變法的推動，英、美、日等國雖支持，但並未積極參與推動。因其目的，多與其在商業、傳教等權利有關，希望藉由中國推動政治改革，能夠維持或增加自身在華利益。如當時維新派的康有為、梁啟超希望聯合英、日等勢力，但英國政府卻擔心干預中國內政可能會迫使慈禧太后投向俄國，因此毫無興趣。有趣的是，慈禧太后發動政變後，日方原先有意營救康、梁等維新派人士，但在觀望英國態度以及保守派大臣張之洞親日政策後，遂趨向當權派，禁止康、梁赴日。可以說，列強對於戊戌變法的態度，與其自身的現實利益有關，並未一面倒的支持，而是隨著中國政局而轉變。<br><br>【改寫自：王樹槐，《外人與戊戌變法》（臺北：中央研究院近代史研究所，1980），頁 244 ~ 247】,teachers_book,明清,政治,"[戊戌變法, 列強, 康有為, 梁啟超, 慈禧太后]",V.2/Ch.5/邁向現代化的東亞,列強勢力對於戊戌變法的態度,,,
832,清朝為維繫政權，決定開始推展新政。由於中國與日本兩國地理位置甚近，加上長時期的文化交流，隔閡甚微；日本明治維新後迅速崛起，工商實業發展蓬勃，便成為清朝觀察的首要對象。<br>光緒二十九年（1903年），日本在大阪舉辦第五回「內國勸業博覽會」，提供中國考察的大好機會。清朝派外務部尚書兼總理衙門大臣的那桐前往日本觀察，在兩次出使日本的經驗上，那桐觀察日本政治與經濟的發展，有助於其推展新政事務。如經濟方面，設置天津造幣局、購置新式製幣器械、戶部銀行的設立、引領中國幣制的改革等。在社會層面，那桐在日本警察監獄學校基礎上，成立了京師習藝所，收納罪犯與遊民，減輕犯罪率，有助於京師治安的穩定。<br><br>【引用自：許峰源，〈清季那桐赴日考察與新政的開展〉，《成大歷史學報》第 32 號（臺南：國立成功大學歷史學系，2007），頁 153 ~ 154】,teachers_book,明清,政治,"[新政, 日本, 明治維新, 那桐, 內國勸業博覽會]",V.2/Ch.5/邁向現代化的東亞,借鏡日本經驗的新政,,,
833,嚴復的《天演論》在近代中國思想史上有著非常重要的影響，但其之所以能夠將西方的天演論引入中國，重點在於嚴復將《易經》、《荀子》等中學概念，導入達爾文等人的生物進化論中，這顯示出西方科學知識與儒家核心價值間，有著相互呼應之處。嚴復所引介的宇宙觀沒有造成科學、神聖之間的衝突，反而能將實證主義哲學系統與形上學結合，因此，《天演論》受到當時許多學者的接受。<br>而《天演論》在中國的傳播，也說明近代中國的宇宙觀，已從傳統「陰陽五行」、「天地人」的觀念，轉變為以科學基礎。故孫中山、蔣中正等對於嚴復的肯定，其背後應具有共同的中國傳統思維。<br><br>【改寫自：黃克武，〈何謂天演？嚴復「天演之學」的內涵與意義〉，《中央研究院近代史研究所集刊》第 85 期（臺北：中央研究院近代史研究所，2014），頁 179 ~ 180】,teachers_book,明清,文化,"[嚴復, 天演論, 宇宙觀, 達爾文, 實證主義]",V.2/Ch.5/邁向現代化的東亞,嚴復「天演論」的傳播與中國近代宇宙觀,,,
834,梁啟超為清末立憲運動的主導者之一，其政治理論的形成，受其師康有為的影響甚鉅——康有為把儒家的「三世說」系統化，將政治體制的發展分為君主、君憲、民主三個進程。<br>戊戌變法失敗後，梁啟超流亡日本期間，吸收「國體」、「政體」二元論的分類法，將世界各國分為「君主之國」與「民主之國」（國體）；又根據有無憲法，區分出「立憲政治」與「專制政治」（政體）。此外，他認為當時的中國，在人民素質、政治機關等方面，並未具備施行共和立憲的條件，因此，他認為應先實行君主立憲制度。<br><br>【改寫自：高力克，〈憲政與民主：梁啟超的政體與國體理論〉，《二十一世紀》第 142 期（香港：香港中文大學中國文化研究所，2014），頁 45 ~ 47】,teachers_book,明清,政治,"[梁啟超, 立憲, 康有為, 國體, 政體]",V.2/Ch.5/邁向現代化的東亞,清末梁啟超的立憲思想,,,
835,孫中山的民族主義思想，主要受到進化論的影響，而其基本原則，分為對內、對外兩個部分：對內訴求各民族一律平等；對外則希望中國民族之獨立。但在這之前，必須脫離滿族的宰制、以及列強的瓜分，這也是孫中山推動民族主義運動的目標。1894 年興中會在檀香山成立，大會的會員誓詞中，他提出民族主義運動為「驅除韃虜、恢復中華」的目標。<br>而對於滿族，他在一次同盟會的公開會議中表示：民族革命並非是要消滅滿人，民族主義，即世界人類各族平等，一個種族不能被另一種族所壓制，故要消滅的是滿人政府、而非滿人民族。<br><br>【改寫自：蔣永敬，《孫中山與辛亥革命》（臺北：臺灣商務，2011），頁 79 ~ 82】,teachers_book,中華民國,政治,"[孫中山, 民族主義, 興中會, 驅除韃虜, 同盟會]",V.2/Ch.5/邁向現代化的東亞,孫中山的民族主義思想,,,
836,| | |<br>| :--- | :--- |<br>| **成立** | 1905年日本 |<br>| **組成** | 由華興會（宋教仁、黃興等人）、興中會（孫中山、胡漢民、汪精衛等人）、光復會（蔡元培、章太炎、秋瑾等人）等多個組織共同組成 |<br>| **目標** | 驅除韃虜，恢復中華，創立民國，平均地權 |<br>| **刊物** | 《民報》 |<br>| **重要發展** | 1. 策動起義：清末各地起義的重要發動者，1911年發動武昌起義，推翻滿清<br>2. 組織變動：1912年，與其他政黨聯合組成國民黨，孫中山為理事長、宋教仁為代理事長；1914年，又因反袁世凱施行帝制的「二次革命」失敗，改組為中華革命黨；1919年再改組為中國國民黨 |<br><br>【改寫自：中華百科全書／中國同盟會，http://ap6.pccu.edu.tw/encyclopedia/data.asp?id=342&htm=02-058-0678%E4%B8%AD%E5%9C%8B%E5%90%8C%E7%9B%9F%E6%9C%83.htm】,teachers_book,中華民國,政治,"[同盟會, 孫中山, 驅除韃虜, 武昌起義, 國民黨]",V.2/Ch.5/邁向現代化的東亞,同盟會的成立與發展,,,
837,宋教仁在進入日本法政大學後，學習政黨政治之觀念，並對英國議會政治產生興趣，形成往後其內閣制理念的背景。辛亥革命後，孫中山主張總統制，宋教仁認為：總統不應成為政治之衝，應設立總理，並由總理對國會負責，形成權衡之勢力。但因多數黨人支持總統制，故在組織南京臨時政府時，實行總統制，但宋教仁仍希望藉修改《臨時政府組織大綱》，調整為較偏向內閣制的體制，但未被採用。<br><br>【改寫自：董家安，〈宋教仁的政治理想與民初民主政治的條件〉，《三民主義學報》第13期，（臺北市：國立臺灣師範大學三民主義研究所，1989）頁239～241】,teachers_book,中華民國,政治,"[宋教仁, 內閣制, 總統制, 孫中山, 臨時政府組織大綱]",V.2/Ch.5/邁向現代化的東亞,致力推動內閣制的宋教仁,,,
838,| | |<br>| :--- | :--- |<br>| **目的** | 做為憲法頒布前國家之根本法 |<br>| **體制** | 內閣制 |<br>| **重要條文** | 1. 中華民國以參議院、臨時大總統、國務員、法院，行使其統治權<br>2. 規定以參議院行使中華民國的立法權，臨時大總統有謀叛行為時，得彈劾之<br>3. 規定國務總理及各部總長，均稱為國務員。國務員輔佐臨時大總統，負其責任<br>4. 法官獨立審判不受上級官廳的干涉 |<br><br>【改寫自：中華百科全書，http://ap6.pccu.edu.tw/Encyclopedia_media/main～soc.asp?id=5895】,teachers_book,中華民國,政治,"[中華民國臨時約法, 內閣制, 參議院, 臨時大總統, 國務員]",V.2/Ch.5/邁向現代化的東亞,《中華民國臨時約法》,,,
839,**中英天津條約**<br>1. 互派使節駐京<br>2. 規定使節及領事之地位<br>3. 保護傳教事業<br>4. 英人得在內地遊歷與傳教<br>5. 加開牛莊、登州、臺灣、潮州、瓊州、漢口、九江、鎮江為通商口岸<br>6. 確定領事裁判權<br>7. 修改稅則<br>8. 每十年修約一次<br>9. 一年為期，在京換約<br>10. 賠款四百萬兩<br><br>**中法天津條約**<br>大致與中英天津條約相同，其不同點為：<br>1. 加開瓊州（淡水）、江寧（南京）通商口岸<br>2. 賠款二百萬兩<br>3. 廣西西林縣長革職，永不錄用<br><br>【引用自：中華百科全書，http://ap6.pccu.edu.tw/Encyclopedia/data.asp?id=2840&forepage=1】,teachers_book,明清,政治,"[天津條約, 使節駐京, 通商口岸, 領事裁判權, 賠款]",V.2/Ch.5/邁向現代化的東亞,中英、中法天津條約,,,
840,北京陷落後，中國被迫與英、法簽訂城下之盟。1860年10月24日、25日，清恭親王奕訢與英、法兩國分別交換了《天津條約》的文本，並訂立中英、中法「續增條約」，亦即《北京條約》。隨後英法聯軍退出北京，是役遂告終結。中英、中法《北京條約》之內容大致如下：<br>一、前約有效：除本約有所更改外，原《天津條約》所訂各款均有效；二、增加賠款：原賠償英、法之款各增至八百萬兩；三、增開天津：增設天津為通商之埠；四、華工出國：准許華人與外國人立約為憑而至外洋做工；五、教士置業：任法國等傳教士在各省租買田地，建造自便；六、割讓九龍：將九龍半島南部割予英國。<br><br>【改寫自：中國文化研究院，https://chiculture.org.hk/tc/photo～story/1215】,teachers_book,明清,政治,"[北京條約, 恭親王奕訢, 增加賠款, 增開天津, 割讓九龍]",V.2/Ch.5/邁向現代化的東亞,中英、中法北京條約,,,
841,| | |<br>| :--- | :--- |<br>| **第一階段** | 強調青年文化，並介紹各國青年文化 |<br>| **第二階段** | 批評孔教、軍閥，並抨擊孔子學說與現代生活不合 |<br>| **第三階段** | 提出倫理革命、文學革命 |<br>| **第四階段** | 1. 提出思想革命，並改變文學的書寫方式<br>2. 1919年5月，發行「馬克思主義專號」；1921年後逐漸成為中國共產黨的機關報 |<br><br>【改寫自：王汎森，〈思潮與社會條件—新文化運動中的兩個例子〉，收於余英時等著《五四新論：既非文藝復興，亦非啟蒙運動》（臺北：聯經，1999），頁106】,teachers_book,中華民國,文化,"[新青年, 孔教, 倫理革命, 文學革命, 馬克思主義]",V.2/Ch.5/邁向現代化的東亞,《新青年》論述重心的發展,,,
842,五四運動後，學生成為新的政治力量，國民黨及後進的共產黨皆開始吸收年輕學子；學生的武器是思想、文化，在本質上與政黨、軍隊這類舊的政治力量有所不同。<br>另外，五四運動後，思想界也產生了分裂。五四運動時，適逢俄國大革命與第一次世界大戰結束，知識分子開始懷疑1840年代以來所追求的西方文明；受梁啟超《歐遊心影錄》影響，思想界出現了「東洋文化派」的詞彙，支持者希望能以東方思想來彌補西方文化之不足。<br>同時，俄國大革命的成功，使部分人士在英美法為代表的「西方」外，發現了另一種「西方」，並產生對於「民主」與「科學」內容的懷疑。民主是西方議會式的民主、還是各階級直接的民主？科學是西方資產階級的科學、還是馬克思主義的社會科學？可以说，五四運動後，中國在政治力量、思潮發展上，都產生了本質上的變化，不僅更為多元，對以往的西方思潮，也出現反思。<br><br>【改寫自：王汎森，〈思潮與社會條件—新文化運動中的兩個例子〉，收於余英時等著《五四新論：既非文藝復興，亦非啟蒙運動》（臺北：聯經，1999），頁140～142】,teachers_book,中華民國,文化,"[五四運動, 學生, 思想界, 俄國大革命, 西方文明]",V.2/Ch.5/邁向現代化的東亞,五四運動後學生勢力的崛起與思潮變化,,,
843,五四運動直接的導火線，與1919年巴黎和會中，列強在山東的權利有關，也是這一不平等的協議，讓中國知識分子認為，必須從文化上，重新創造新的中國文化。但所謂創造新的中國文化所指為何？是必須理解的問題。<br>如從當時知識分子的觀點來看，該如何從文化上發展所謂「新的中國」？這或可從幾位指標性人物的言論來看。如魯迅認為，真正的革命是文化的革命，要拋棄無用的知識、空洞的格式與詞語，若一昧順從傳統，無法成為現代中國。陳獨秀則倡議以白話文寫作，為外來的新生事物創造中文新字詞。另如梁啟超所言：「以西方文明開發我們的文明，以我們的文明補充西方的文明，進而把他們綜合，改造為新文明」。由此可知，所謂從文化上發展新的中國的定義，在於以西方文化作為發展新中國文化的要素，以反對傳統為本，透過篩選過的西方文化，來建立一個嶄新的中國文化。<br><br>【改寫自：文安立，《躁動的帝國——從乾隆到鄧小平的中國與世界》（臺北：八旗文化，2013），頁142～144】,teachers_book,中華民國,文化,"[五四運動, 新文化, 魯迅, 陳獨秀, 梁啟超]",V.2/Ch.5/邁向現代化的東亞,五四運動與中國新文化的定義,,,
844,天津條約簽訂後，傳教士獲得到中國內陸傳教的機會，慈善工作是他們採用的主要傳教策略之一，如法國傳教士以開設孤兒院與學校為主，英美傳教士為主的新教偏好以醫療傳教來吸引信徒。英美傳教士很快就了解到，慈善醫療服務是少數能有效吸引中國人的辦法，因此來華的醫療傳教士人數也隨之大增。<br><br>【改寫自：李尚仁，〈十九世紀西方傳教醫學在中國〉，http://www.ihp.sinica.edu.tw/~linfs/rh/name/name8.htm】,teachers_book,明清,社會,"[傳教士, 醫療傳教, 天津條約, 慈善工作, 新教]",V.2/Ch.5/邁向現代化的東亞,以醫療為主的傳教,,,
845,19世紀傳教士至中國行醫時，時常遇到許多不實的謠言攻擊，教堂、診所因此受到破壞，信徒亦遭殺害。<br>至於誰在散播這些謠言，柯文（Paul Cohen）以及呂實強等學者的研究指出，主要為對基督教反感疑懼的士紳階級。原因有三：一、士大夫自視為道統的捍衛者，傳教士對於祭祖以及其他中國傳統習俗的攻擊，使得許多士大夫視基督教為對中國道統的一大威脅；二、傳教士時常介入地方事務，使得以往擔任官府、人民中介者的地方仕紳不滿；三、傳教士介入地方教育，使得以往作為地方教育事業推手的士大夫不滿。<br>另外，西方醫學的方法、行為，與傳統中國對於醫療的認知衝突，亦為原因之一。如傳統中國認為屍首應該保全，故對於西方的解剖學非常反感。因此，許多反對的士大夫，便運用傳說、文學等方式，將西方傳教士的醫療行為，塑造成負面、邪惡的妖術，造成晚清中國社會對於傳教士普遍的反感與不解。<br><br>【改寫自：李尚仁，〈晚清的醫療傳教與邪術謠言〉，《科學發展》553期（臺北：行政院國家科學委員會，2019），頁79～81】,teachers_book,明清,社會,"[傳教士, 謠言, 士紳, 基督教, 西方醫學]",V.2/Ch.5/邁向現代化的東亞,傳教過程中的謠言,,,
846,有關晚清中國各省移民至上海後的生活景況，我們可以透過創刊於1848年的《文匯報》略知一二，以下為當時外國人對於1880年代上海移民的描述：<br>在這裡，我們會遇到多面狡詐的廣東人，他們有著典型的令人討厭的中國人的品格，極端地自私和忘恩負義，洋人對他們而言意味著一切，他們會一直唆使前者去做一些無聊的事情；而更為堅毅的福建人作為海峽中的殖民者，看上去更值得令人尊敬。<br>還有很多更圓滑的浙江人，他們中的絕大多數出生於寧波和舟山，經常成群結幫，盡力擴大影響，但在生意上十分謹小慎微，或許可以被看作是中國的蘇格蘭人；此外，在這裡我們還能碰到山西人，這是一個很大的群體，他們對於金錢非常感興趣，是天生的金融貿易家，常被冠以「中國猶太人」的稱謂。<br>有些急躁的湖南人來自長江流域，他們認為湖南人代表了中國人的精神，他們的英勇把帝國從太平天國的動盪中拯救出來，而現在，在愛國主義的名義下，正在排擠可惡的洋人，他們殺戮傳教士，切斷電報線路；最後還有來自天津和北方的商人—他們看上去更加壯實，在生活方式上也更為隨意。<br><br>【引用自：王健，〈19世紀80年代前後西方人眼中的上海城市社會——以英文《文匯報》相關文章為例〉，《江南大學學報（人文社會科學版）》2015年第1期（無錫：江南大學，2015）】,teachers_book,明清,社會,"[上海, 移民, 廣東人, 浙江人, 湖南人]",V.2/Ch.5/邁向現代化的東亞,晚清外國人對於上海各省移民的描述,,,
847,清末民初，不少政府官員和文人志士，都將譯書列為國家要務，促使翻譯事業蓬勃發展大興，此時亦逢報業、雜誌產業蓬勃。兩大潮流之下，報章雜誌界出現一種新穎的翻譯形式：「譯報」。「譯報」的意思，即是從外國報刊取材，再進行編譯。<br>譯報事業的發展，其實可以上溯到鴉片戰爭後，魏源的《海國圖志》便是編譯外國書籍和新聞所成。清末，各地有志之士紛紛成立相關的報章刊物，如梁啟超所辦的《時務報》（1895）和《清議報》（1898～1901），即注重編譯外國報刊的新聞和社論。實際上，譯報事業的發展，與知識分子追求實用的具體表現有關。<br>民初，譯報事業仍然興盛，此時的發展，仍然與實用有關。如中華書局旗下的雜誌社，均以「注重經驗，主張實用」為徵稿要求；商務印書館的大型綜合月刊《東方雜誌》（1904～1948）也規定不論原創或翻譯，都以「規畫大局，陳善納誨」為錄用的首要條件。由此可見，中華書局、商務印書館等大型書局，正從翻譯事業中，找尋「實用」的文本。許多規模較小的書局，也利用自身的專長和資源，推出迎合社會各種需求的譯本。如上海伊文思圖書公司在廣告〈新書來華預告〉中寫道，中國實業無法發展的原因，為「缺乏專書」，因此從歐、美蒐集的新書中，就有上千種有關實業、工業的專門書籍。<br>綜上所述，清末民初的譯報事業的勃興，反映出中國在歷經政治變革的過程中，亟欲補足西方知識的迫切心態。<br><br>【改寫自：葉嘉，〈「實用」的演變：民初上海雜誌譯報實踐初探〉，《編譯論叢》第8卷（臺北：國家教育研究院，2015），頁3～11】,teachers_book,中華民國,文化,"[譯報, 翻譯, 報業, 梁啟超, 西方知識]",V.2/Ch.5/邁向現代化的東亞,清末民初譯報事業的發展,,,
848,| | |<br>| :--- | :--- |<br>| **電影時代來臨** | 1. 初引入時，多在戲園、茶樓放映<br>2. 《申報》等報刊開始刊登大量電影廣告 |<br>| **電影院大量出現** | 隨著商業利潤的增加，外國商人紛紛在中國建立電影院，並以上海為主 |<br>| **電影公司相繼成立** | 1925年時，中國已有175間電影公司，其中上海便有141間 |<br>| **看電影是生活之一** | 1. 對中國觀眾而言，電影為戲曲的延伸，故接受度較高<br>2. 許多知識分子將看電影當作一種生活習慣，並運用在文學等創作中。如小說家穆時英不只愛看電影，許多小說更是取材自電影 |<br><br>【改寫自：韓雪松、張繁文，《中國時尚—清初以來的流行文化史》（香港：中華書局，2013），頁200～205。唐建光主編，《中國風尚百年》（臺北：龍圖騰文化，2012），頁104～105】,teachers_book,中華民國,文化,"[電影, 上海, 電影院, 電影公司, 穆時英]",V.2/Ch.5/邁向現代化的東亞,電影與民初中國,,,
849,《玲瓏》是一份中國的女性雜誌，1931年於上海發行，1937年停刊。該雜誌主要刊登時裝、室內裝潢、大眾心理學、愛情、婚姻等內容，該雜誌主旨為鼓勵女性追求美好生活。《玲瓏》的讀者多為中產階級的女性，因此，他們期望形塑出形象亮麗、時尚卻又不媚俗的女子形象。<br>《玲瓏》透過大量的文章、圖片，去打造出一種屬於上海中產階級女子的「公共空間」，也就是摩登女子的形象。理想中的摩登女子，要擁有健康的身體、豐滿的肌肉、懂得適當的打扮、具備相當的學問、態度大方、稍懂一點舞蹈、能管理家政、要擁有對付男性的手段等。<br><br>【改寫自：李克強，〈《玲瓏》雜誌建構的摩登女性形象〉，《二十一世紀》第60期（香港：香港中文大學中國文化研究所，2000），頁92～98】,teachers_book,中華民國,社會,"[玲瓏, 女性雜誌, 摩登女子, 上海, 中產階級]",V.2/Ch.5/邁向現代化的東亞,《玲瓏》雜誌塑造出的摩登女子形象,,,
850,| | |<br>| :--- | :--- |<br>| **傳統** | 1. 注重細節，透過繁複的花紋、圖案，顯示地位與身分<br>2. 懸垂、寬大，無法呈現人體本身曲線的特點 |<br>| **民國** | 1. 1920年代起，各類新式旗袍相繼出現<br>2. 主要呈現注重曲線、不要太寬大等特點 |<br>| **意義** | 1. 代表女性在思想、身體上已從傳統觀念中獲得解放<br>2. 受西方女性服飾強調身體曲線的觀念影響 |<br><br>【改寫自：韓雪松、張繁文，《中國時尚—清初以來的流行文化史》（香港：中華書局，2013），頁46～56】,teachers_book,中華民國,社會,"[旗袍, 女性, 解放, 身體曲線, 西方服飾]",V.2/Ch.5/邁向現代化的東亞,旗袍的演變與中國女性思想的解放,,,
851,陳衡哲，筆名莎菲（Sophia H. Z. Chen），湖南衡山人。1914年，考取清華大學公費留學班後赴美留學，先後在美國沙瓦女子大學、芝加哥大學學習西洋史、西洋文學，分獲學士、碩士學位。<br><br>#### 一、第一位女教授<br>1920年，應北京大學校長蔡元培之邀，擔任教授講授西洋史，成為中國第一位女教授，之後陸續在東南大學、四川大學等校任教。在大多數女性均被男性知識分子視為解放對象的年代，陳衡哲是少數可以以女性身分來談論女性問題的知識分子，在知識上得到了與男子平起平坐的地位。<br>陳衡哲第一位女教授的身分，象徵了五四運動對女性的關注與救國和改造社會結合，力求培養婦女的獨立人格，於是接受過新式教育的女學生們成為「新女性」，留學歸國的女子們更被認為是肩負領導女界重任的新女性代表，具有時代意義。<br><br>#### 二、女性視角西洋史<br>陳衡哲的史學著作不多，真正與歷史相關的僅《西洋史》、《文藝復興小史》、《歐洲文藝復興小史》三本，但卻極具有特色與意義，包括：<br>1. 將女性身影帶進向來只有男性的歷史舞臺之中，在文化的範疇為女性添上一筆，而不只是亡國亂政的角色<br>2. 強調歷史的因果，僅抓出歷史的大方向說明歷史與各事件互相影響的原因結果，企圖藉此培養讀者「分析現代社會上各種現象的能力」，而非強迫學生去背誦政治、經濟等瑣碎制度<br>3. 厭棄戰爭以及呼應著五四時代潮流的思考，各篇章之間可散見五四重視科學、反對宗教迷信的時代思想，大有以古諷今，以西鑑東的味道<br><br>#### 三、白話詩文創作<br>陳衡哲是最早嘗試使用白話文進行創作的知識分子之一，其1917年的作品〈一日〉被譽為中國第一篇白話文散文創作。其作品為女性的自體發聲，改變女性長久以來的「被書寫」地位，她的詩文創作傳達了那一代人—無論是知識分子或女性身分—所受到的時代衝擊。<br>另一個特色則是作品的「非女性化」。不同於當時女性作家強烈主觀情感的大幅波動與抒發熾烈情感的淋漓痛快，陳衡哲以雄健廣博的風格敘寫，給予讀者思考的空間，文章裡並充滿生命的活力與積極為自由奮鬥的力量。<br><br>#### 四、家庭生活<br>1920年與任鴻雋（1886～1961）結婚。任鴻雋做為新式知識分子，以實際行動反抗傳統大家庭制度，致力於新式的小家庭，在家庭職務的分配上努力做到最基本的兩性平等，使得陳衡哲可兼顧婚姻與職業，繼續發展寫作，在社會上持續活躍。<br>但家庭生活仍在一定程度令陳衡哲分身乏術。除了因懷孕離開職場、令其感受到「女性生理缺陷」而羞愧，還須隨丈夫的工作轉調而四處輾轉各地，職場生涯並不固定；婚後更以子女的教養問題擺在其須負責任的首位，取新式的教育方法，管教嚴厲，致力培養子女的人格。<br>如此也凸顯五四運動對女性期許的矛盾：提倡女子必須培養獨立人格，要求其放足、進新式學校；卻又以為家事育兒是女性天職、是一種神聖的職業，要求女子自立、要求已婚的婦女做好家事及育兒的工作的同時能夠兼顧好職業。<br><br>【改寫自：陳怡伶，〈新知識女性的生命抉擇：陳衡哲的前半生（1890～1936）〉，東海大學歷史學系碩士學位論文，2010】,teachers_book,中華民國,社會,"[陳衡哲, 女教授, 新女性, 五四運動, 白話文]",V.2/Ch.5/邁向現代化的東亞,陳衡哲,,,
852,| | |<br>| :--- | :--- |<br>| **背景** | 1. 社會因素：日本國內基督教徒大量增加，文化信仰不同衝擊本土佛教、神道教信仰，亦不利於江戶幕府統治。幕府遂於1612年發布禁教令，強制信徒改信仰，並迫害傳教士、基督教徒<br>2. 經濟因素：幕府為控制各藩收入，1616年至1639年間推動一系列鎖國政策，將外國貿易限縮於長崎，由幕府控管，禁止各藩與外國貿易，各藩遂向當地農民增稅以補償貿易損失 |<br>| **爆發** | 1637年島原藩農民不滿高額稅賦，推舉天主教徒天草四郎為領袖，反抗並殺害據報搜查天主像的藩吏，最終集結成三萬多人的組織 |<br>| **幕府立場** | 根據《武家諸法度》禁止他藩出兵，由幕府組織軍隊鎮壓 |<br>| **事件影響** | 1. 驅逐葡萄牙商人，嚴格禁止天主教與其他基督教派<br>2. 重新檢視土地收成，降低農民稅賦負擔 |<br>| **意義** | 江戶幕府初期最後一場重大民亂，反映幕藩體制的完備，以及幕府統治權力的集中 |<br><br>【改寫自：林明德，《日本史》（臺北：三民書局，2010），頁130～131。李宥霆，〈歴史叙述における島原の乱〉，《周縁の文化交渉学シリーズ2『天草諸島の文化交渉研究』》（大阪府：関西大学文化交渉学教育研究拠点，2011），頁163～169】,teachers_book,日本,政治,"[島原之亂, 基督教, 禁教令, 鎖國政策, 江戶幕府]",V.2/Ch.5/邁向現代化的東亞,島原之亂,,,
853,隱藏的基督教徒以傳教士最早進入的九州一帶最多。禁教令下導致出現許多混藏在佛像、日用品中的基督聖像作品。除了在佛像後刻上十字架之外，另有將聖母瑪利亞融入觀音塑像，被稱為「瑪利亞觀音」，為日本特有的塑像。<br><br>【改寫自：沈薇薇，〈マリア観音と天草の隠れキリシタン信仰―サンタ・マリア館所蔵資料を中心に―〉，《周縁の文化交渉学シリーズ2『天草諸島の文化交渉研究』》（大阪府：関西大学文化交渉学教育研究拠点，2011），頁39～47】,teachers_book,日本,文化,"[基督徒, 禁教令, 瑪利亞觀音, 聖像, 九州]",V.2/Ch.5/邁向現代化的東亞,隱藏的基督徒,,,
854,| 年份 | 內容 |<br>| :--- | :--- |<br>| 1633 | 禁止朱印船（官方朝貢船隻）以外的日本船隻出海 |<br>| 1635 | 禁止日人出海，同時禁止海外日人歸國 |<br>| 1639 | 禁止葡萄牙船隻來航 |<br>1639年為江戶幕府最後一次頒布鎖國令，日本鎖國體制確立。<br><br>【改寫自：林明德，《日本史》（臺北：三民書局，2010），頁131】,teachers_book,日本,政治,"[鎖國令, 江戶幕府, 朱印船, 葡萄牙, 出海]",V.2/Ch.5/邁向現代化的東亞,鎖國令,,,
855,出島於1634年興建，因為是在長崎外海填海造陸的扇形島嶼，又稱為「築島」、「扇島」。出島原先興建的目的在於集中管理葡萄牙人，島原之亂後，葡萄牙人被幕府驅逐出境，並禁止再來日本。出島在1641年被作為荷蘭人前往日本貿易時的短期居留地。<br>出島為狹長的扇形島嶼，外弧230公尺，內弧190公尺，兩側寬各70公尺。島內以中央走道橫向貫穿，建有兩排日式長形建築群，一側則建有數棟西式洋樓。荷蘭商船抵達長崎後，除了船長和特定外國人特許登陸前往交代報告書之外，外國人禁止離開出島。日本人除了官員、守衛、商人、妓女外，亦禁止進入出島。出島的人員進出被嚴格限制，違者死罪。在日本、荷蘭雙方的文書記載中，皆提及在出島的生活與監獄沒有不同。<br><br>【改寫自：趙曼婷，〈日本鎖國體制的透氣窗—出島〉（長春：東北師範大學碩士論文，2007）。呂品晶，〈從“唐人屋敷”到“中華街”—十七到十九世紀在日中國人聚居區沿革〉（長春：東北師範大學博士論文，2019）。馮一下，〈出島：日本鎖國時代的“特區”〉，《中學歷史教學》（廣州：華南師範大學歷史文華學院，2008年第3期），頁51～52】,teachers_book,日本,經濟,"[出島, 長崎, 荷蘭人, 鎖國, 貿易]",V.2/Ch.5/邁向現代化的東亞,出島,,,
856,江戶幕府鎖國前，西方傳教士透過傳入西方學術、科技，作為向日本人傳教的誘因，此時期的西方學術被稱為「南蠻學」，內容主要分為幾個層面：<br><br>| | |<br>| :--- | :--- |<br>| **教育** | 1559年，天主教耶穌會在日本豐後地區（今九州大分縣）創立教育機構，教授西方語言、科學技術等，鎖國前已有兩百多間學校 |<br>| **醫學** | 1557年，天主教傳教士在豐後開設診所，隔年開始教授臨床外科，為日本人首度接觸西方外科醫學技術。此外，藥草學、生理學也在此時傳入日本，影響日本醫學發展 |<br>| **天文曆法** | 天主教耶穌會傳教士引入西方天文學觀念，批判日本承繼自中國的天文體系，否定自然現象與道德規範的連結，建立近代科學思維的天文學觀念 |<br>| **科學技術** | 航海學、測量學、數學、軍事技術等，刺激日本在器物製造技術的發展，有利於日本向北方開拓 |<br>| **語言、文學** | 傳教士傳播知識的同時，將西方語言傳入日本社會。今日日本語詞彙中仍留有大量的葡萄牙語 |<br>| **藝術** | 1549年，天主教傳教士帶來聖母瑪麗亞的油畫像，首度將西方油畫藝術傳入日本，此後大量西方藝術技巧傳入，尤其在長崎地區帶來深刻影響，形成新興藝術風格，如狩野派、土佐派的南蠻屏風（本書封面圖）等 |<br><br>隨著江戶幕府在1630年代頒布一連串鎖國政策，荷蘭成為西方知識傳入的主要來源。「蘭學」遂取代「南蠻學」，用來稱呼傳入的西方學術、技術。<br><br>【改寫自：馮瑋，〈日本“西學”的初創時代：“南蠻學時代”〉《復旦學報（社會科學版）》（上海：復旦大學，1994年第2期），頁70～74。王秋菊，〈日本德川時代西方科技傳播研究〉（瀋陽：東北大學博士論文，2011）】,teachers_book,日本,文化,"[南蠻學, 傳教士, 西方學術, 耶穌會, 蘭學]",V.2/Ch.5/邁向現代化的東亞,南蠻學,,,
857,《解體新書》的翻譯出版，使日本醫學開始跳脫傳統漢醫，接觸西方醫學思想。本書全用漢文書寫，部分的醫學用語也影響到漢字文化圈，如「神經」、「動脈」等，詞語來源皆源自杉田玄白翻譯的《解體新書》。<br><br>【改寫自：張哲嘉，〈《重訂解體新書》譯詞的改定與方法〉，《東アジアにおける知的交流——キイ・コンセプトの再検討―——》（京都府：国際日本文化研究センター，2013），頁225～235】,teachers_book,日本,文化,"[解體新書, 杉田玄白, 西方醫學, 漢醫, 神經]",V.2/Ch.5/邁向現代化的東亞,解體新書,,,
858,| | |<br>| :--- | :--- |<br>| **背景** | 1641年以後，日本僅限荷蘭人與中國人前往貿易。西方知識與西方社會發展的狀況，大多依靠荷蘭人帶入一手資訊 |<br>| **蘭學肇始** | 雖然日方嚴格限制日本人與荷蘭人的交流，但在一些特許情況下，學者、醫生可以前往出島向西方人學習西洋知識。1673年長崎行政長官開始派遣挑選過的年輕學生，特准前往出島向西方人學習。蘭學的學習風潮開始在長崎蔓延 |<br>| **蘭學興盛** | 1720年後幕府開始提倡實學，遂解除洋書禁令，開放與基督教無關的西方書籍。日本開始大量翻譯西方著作，蘭學興起 |<br><br>【改寫自：趙曼婷，〈日本鎖國體制的透氣窗—出島〉（長春：東北師範大學碩士論文，2007）。呂品晶，〈從“唐人屋敷”到“中華街”一十七到十九世紀在日中國人聚居區沿革〉（長春：東北師範大學博士論文，2019）。馮一下，〈出島：日本鎖國時代的“特區”〉，《中學歷史教學》（廣州：華南師範大學歷史文華學院，2008年第3期），頁51～52】,teachers_book,日本,文化,"[蘭學, 荷蘭人, 出島, 西洋知識, 洋書禁令]",V.2/Ch.5/邁向現代化的東亞,蘭學,,,
859,魏源的《海國圖志》，初版於1843年刻印，在鴉片戰爭之後出版，並經多次增補及擴充。書中介紹西方各國情況，並提出「師夷長技以制夷」。日本亦受到鴉片戰爭的刺激，許多有志之士開始關注外國著述；故此書在中國影響不大，但在日本產生廣大迴響。<br>1862年，日本幕府派遣考察團到中國，成員之一的高杉晉作至書局發現沒有販賣《海國圖志》，便在日記寫下：「清人的思想和中華的正道相差太遠，清朝知識分子陶醉空言，不尚實學。」可見日本對《海國圖志》的重視；之後佐久間象山、吉田松陰、西鄉隆盛等人，更以此書為基礎，推行明治維新。<br><br>【改寫自：李漢武，〈論魏源思想對日本明治維新運動的影響〉，《求索》（長沙：湖南省社會科學院，1987年，第6期），頁64～72。橫山宏章，〈文久二年幕府派遣「千歳丸」随員の中国観―長崎発中国行の第1号は上海で何をみたか ―〉，《県立長崎シーボルト大学国際情報学部紀要》（長崎県：県立長崎シーボルト大学，2002），頁197～206】,teachers_book,日本,文化,"[海國圖志, 魏源, 師夷長技以制夷, 高杉晉作, 明治維新]",V.2/Ch.5/邁向現代化的東亞,《海國圖志》,,,
860,吉田松陰早期受其導師山鹿素行影響，主張以強大的海防軍備抵禦西洋勢力進犯。21歲見到荷蘭船之後，深知日本傳統戰法的重甲騎兵無力與外國火槍抗衡，故開始學習西洋知識；並受佐久間象山開國論的影響，從原先排拒西方到轉為積極接觸西方知識。<br>除了在軍備上提出想法，吉田松陰也開始關注日本各地的民生、經濟，深知日本的弊病，無力與西方抗衡，必須改變現行日本的政治體制，才能在穩定的經濟、社會基礎上推動日本富強，此後吉田松陰的思想愈來愈趨向倒幕。黑船事件後，吉田松陰於家中開辦私塾（即「松下村塾」）講學，主張「尊王論」，幕末維新人士多出其門下（如木戶孝允、高杉晉作、伊藤博文、山縣有朋等*）。<br>吉田松陰的尊王主張，致使他被江戶幕府逮捕下獄處決，但他在松下村塾講學期間培育的學子推動了倒幕行動，並有近半數的學子在明治政府成立後擔任官職，將其政治思想發揚光大。<br>* 木戶孝允與高杉晉作、伊藤博文、山縣有朋皆為長州藩出生，1860年代早期參與倒幕行動。與幕府軍事對抗期間，高杉晉作不依身分階級混編軍隊，稱為「奇兵隊」，在倒幕的戰事中屢創戰功。木戶孝允則在明治新政府內擔任顧問，多次提出改革建議，推行版籍奉還、四民平等、廢藩置縣等，將日本政治機構推向近代化國家體系。伊藤博文提議廢除日本傳統的官制，實施內閣制並起草憲法，在明治政府中同時主掌外交事務，策劃對朝鮮的擴張行動與甲午戰爭。山縣有朋在倒幕行動後期的戊辰戰爭中，領導新政府軍打倒幕府殘存勢力，並建立新式陸軍。<br><br>【改寫自：半藤一利著，黃琳雅譯，《幕末史》（臺北：遠足文化，2017），頁26。魏常海，〈吉田松陰的王學思想〉，《延邊大學學報（社會科學版）》（延吉：延邊大學，1987），頁97～104。李莉，〈關于吉田松陰尊王攘夷思想的研究〉（天津：天津理工大學，2011）。吳笛，〈吉田松陰對外思想前後期的轉變及其原因述析〉（上海：復旦大學碩士論文，2011）。遲雲飛、袁方蓮，〈學習西方：魏源與吉田松陰的比較〉，《歷史月刊》，第217期（臺北：歷史智庫出版股份有限公司，2006），頁64～68】,teachers_book,日本,政治,"[吉田松陰, 倒幕, 松下村塾, 尊王論, 伊藤博文]",V.2/Ch.5/邁向現代化的東亞,吉田松陰,,,
861,| | |<br>| :--- | :--- |<br>| **背景** | 1. 美國想要有一個太平洋航運的中途港，作為捕鯨船等船隻的補給（水、糧食、煤炭）、醫療、避難場所<br>2. 日本位於美國通往東方的航線上，地位重要 |<br>| **經過** | 1. 1853年培里率四艘船艦進東京灣，要求日本收下美國國書，脅迫日本開港<br>2. 1854年培里再次率艦前來，簽訂《日美親善條約》（又稱《神奈川條約》） |<br>| **幕府反應** | 鑑於鴉片戰爭，不願與外國爆發戰爭，向朝廷徵詢過意見後決定簽訂建交協約（即1854年的《日美親善條約》） |<br>| **後續條約** | 1858年在美國強硬要求下簽訂《日美友好通商條約》。英、俄、荷、法等國相繼與日本簽訂通商條約，日本被迫承認領事裁判權、協定關稅。此外，增開神奈川、長崎、新潟、兵庫等港；江戶、大阪開市 |<br>| **影響** | - **政治**：<br>  1. 幕府向朝廷請益，朝廷勢力興起<br>  2. 形成支持幕府的開國派與支持朝廷的尊王攘夷派，相互對立<br>  3. 幕府未經過朝廷允許擅自簽訂通商條約，引發倒幕派勢力擴張<br>- **社會**：<br>  1. 幕府召集全國人民投寫意見書，集思廣益，拔擢人才，鬆動社會階級關係<br>  2. 西洋知識、技術為部分士人重視，習洋風氣逐漸興起<br>  3. 外商的惡質商業行為，刺激國內攘夷情緒高漲<br>- **經濟**：<br>  1. 開國的不平等條約使外國商人可剝削日本，大量收購原物料導致國內物價暴漲、國內貨物不敵國外廉價商品傾售，使產業受到重挫<br>  2. 外商不對等的貿易剝削，導致日本國內金銀貨幣短缺，嚴重影響日本財政 |<br><br>【改寫自：林明德，《日本史》（臺北：三民書局，2010），頁158～161。林明德，《日本近代史》（臺北：三民書局，2011），頁26～31。半藤一利著，黃琳雅譯，《幕末史》（臺北：遠足文化，2017），頁37～53】,teachers_book,日本,政治,"[黑船事件, 培里, 日美親善條約, 尊王攘夷, 倒幕]",V.2/Ch.5/邁向現代化的東亞,黑船事件,,,
862,| | |<br>| :--- | :--- |<br>| **起源** | 尊王攘夷論起於中國春秋時期。宋代時因面臨外族威脅，使尊王攘夷論被朱子學者重視，形成春秋學。明末清初思想家朱舜水東渡日本後，接觸水戶藩藩主，將尊王攘夷論傳入日本 |<br>| **敬幕尊王論** | 17世紀尊王攘夷論在水戶藩發展，進而形成水戶學派。19世紀隨著西方勢力的入侵，水戶學派與尊王攘夷論逐漸被重視。水戶學派特別重視對幕府的支持，號召舉國一致抵禦外敵；直到1850年代，幕府不敵外國勢力，簽下《安政條約》而聲望低落，水戶學派「敬幕」的尊王攘夷論也隨之消退 |<br>| **倒幕尊王論** | 吉田松陰在年輕時見到荷蘭船艦，目睹到西方勢力的強大，開始積極接觸西方學術思想。在幕府簽下《安政條約》後，吉田松陰大力抨擊幕府的無能，主張「一君萬民」的天皇統治。此後在吉田松陰及其學徒的宣揚下，「倒幕」的尊王攘夷論逐漸為社會接受，形成強勁的討幕勢力 |<br><br>【改寫自：馮瑋，〈從“尊王攘夷”到“尊王擴張”——對日本近代國家戰略思想演變軌跡的探析〉，《日本學刊》（北京：中國社會科學院日本研究所、中華日本學會，2002年第2期），頁129～141。李少鵬，〈儒家“尊王攘夷”思想在日本的傳播與發展——以后期水戶學派為中心〉，《船山學刊》（長沙：湖南省社會科學界聯合會，2019年第3期），頁80～86】,teachers_book,日本,文化,"[尊王攘夷, 朱舜水, 水戶學派, 吉田松陰, 倒幕]",V.2/Ch.5/邁向現代化的東亞,日本尊王攘夷論的發展,,,
863,| | | |<br>| :--- | :--- | :--- |<br>| **背景** | 由於黑船事件威脅日本國防安全，針對如何應對形成攘夷派、開國派兩種主張 |<br>| **主張** | **攘夷派** | **開國派** |<br>| | 反對幕府與外國簽訂通商條約，主張以武力驅逐外敵 | 支持幕府與外國簽訂通商條約，避免與西方發生戰爭，積極向西方學習 |<br>| **攘夷派的轉折** | 攘夷派發動排外戰爭，其中以長州藩的下關戰爭（1863年3月）與薩摩藩的薩英戰爭（1863年8月）最為著名。長州藩遭到美英法荷聯合艦隊砲擊，損失慘重；薩摩藩也在與英國海軍交手後，感受到西方軍事力量的強大 |<br>| **尊王倒幕 vs. 公武合體** | **尊王倒幕派** | **公武合體派** |<br>| | 攘夷派透過戰爭認知到西方武力的強大，瞭解攘夷非明智之舉；攘夷派認為日本國力的虛弱乃因幕府長期執政下的腐敗，欲推倒幕府，擁立天皇 | 幕府派一方面多次發動政變，掃蕩、殺害倒幕派，一方面向公家（即日本朝廷中天皇及其皇室成員的統稱）斡旋，提議公家與武家共同執政，以避免幕府倒臺 |<br>| **薩長同盟** | 原先因政治鬥爭而相互對立的薩摩藩、長州藩在阪本龍馬的斡旋協商下，結成同盟，共同起兵討伐幕府，要求幕府下台，將政權還給朝廷，回歸天皇直統 |<br>| **大政奉還** | 幕府搶先於薩長同盟起兵前於1867年向天皇奏請大政奉還，欲和天皇組成聯合政府，壓抑倒幕派的討伐戰爭 |<br>| **王政復古** | 倒幕派發出「王政復古」號令，樹立天皇為中心的新政府，強勢解散幕府勢力 |<br>| **結果** | 江戶幕府拒絕承認新政府，與新政府軍爆發戊辰戰爭，於1869年被新政府軍平定 |<br><br>【改寫自：林明德，《日本史》（臺北：三民，2010），頁162～164。林明德，《日本近代史》（臺北：三民，2011），頁31～39。半藤一利著，黃琳雅譯，《幕末史》（臺北：遠足文化，2017）】,teachers_book,日本,政治,"[攘夷派, 開國派, 尊王倒幕, 薩長同盟, 大政奉還]",V.2/Ch.5/邁向現代化的東亞,攘夷派與開國派的主張與倒幕運動發展,,,
864,出身薩摩藩，後入朝廷掌握薩摩藩兵權，在1863年時因神戶開港一事前往大阪，首次與勝海舟會面，雙方都給予對方極高的評價。西鄉隆盛在幕府討伐長州時保持中立態度，並與阪本龍馬密會討論下，於1866年締結薩長同盟，討伐幕府。而後戊辰戰爭中指導政府軍討伐幕府勢力，並與代表幕府軍駐守江戶城的勝海舟談判，最終達成無血開城的協議。<br>明治維新初期由高級官員組成的岩倉使節團出訪時，西鄉隆盛與大隈重信、板垣退助共同留守政府，推動改革。留守派在使節團出訪期間推動諸多改革，如推動學制改革、設立陸軍省與海軍省、徵兵制、採行太陽曆、推動政府組織架構改組等等。此外，為解決失業武士的問題，形成積極對外侵略的征韓論。西鄉隆盛身為舊武士階級，同樣支持征韓論，但此提案被歸國的岩倉使節團大臣否決，導致西鄉隆盛與明治政府的立場逐漸對立。<br>由於使節團回國後推動的諸多政策廢除大量武士的權力與利益，激進的改革使武士難以維持生計，引發武士階級的不滿。西鄉隆盛試圖調解不成，辭官回鄉。後受到武士階級的推崇，於1877年發起反明治政府的西南戰爭，戰敗自殺身亡。<br><br>【改寫自：詹姆士·麥克萊恩著，王翔譯，《日本史 1600～2000 從德川幕府到平成時代》（臺北：遠足文化，2017），頁227～257。田中彰著，何源湖譯，《明治維新》（臺北：玉山社，2012），頁236～242、278～291。半藤一利著，黃琳雅譯，《幕末史》（臺北：遠足文化，2017），頁300～482。洪維揚，《幕末：日本近代化的黎明前（第二部）》（新北：遠足文化，2018），頁413～454、565～570】,teachers_book,日本,政治,"[西鄉隆盛, 薩摩藩, 薩長同盟, 征韓論, 西南戰爭]",V.2/Ch.5/邁向現代化的東亞,西鄉隆盛,,,
865,出身為江戶幕府朝中重臣之子，早年即接觸西洋兵術、蘭學等西方新知，並於私塾教授蘭學。1853年培里艦隊來訪後，勝海舟於1854年即提出《海防意見書》，建議幕府應盡快開國改革，廣納賢才。勝海舟因此受到重用，受幕府任用學習新式海軍技術，並創辦軍艦操練所。1864年勝海舟被任命為「軍艦奉行」（即軍艦事務總長），持續推行日本海軍的建置，直到1868年討幕勢力進逼江戶城，在勝海舟的調解下達成無血開城協議。<br><br>【改寫自：劉岳兵，〈勝海舟的中國認識——兼與松浦玲先生商榷〉，《南開學報（哲學社會科學版）》（天津：南開大學，2012年第1期），頁11～19。陳秀武，〈論勝海舟的國家思想〉，《外國問題研究》（長春：東北師範大學，2008年第2期），頁49～54】,teachers_book,日本,政治,"[勝海舟, 江戶幕府, 蘭學, 海防意見書, 無血開城]",V.2/Ch.5/邁向現代化的東亞,勝海舟,,,
866,| | |<br>| :--- | :--- |<br>| **政治** | 1. 頒布〈五條誓文〉作為新政府方針。以其為基礎制定日本憲法<br>2. 行君主立憲制，設立國會<br>3. 版籍奉還：收回藩的版圖、戶籍資料，將土地、人民管理權收回中央<br>4. 廢藩置縣：廢除藩政體制，改由中央設置地方府縣<br>5. 派遣官方考察團（岩倉使節團） |<br>| **經濟** | 設立國家銀行，改革金融制度、發行新貨幣、改革土地稅、取消士族俸祿、推廣西式工業、扶植財閥（如三井、三菱） |<br>| **社會** | 推動義務教育、獎勵西學，派遣留學生、廢除階級制度，身分平等、設立戶籍制度、宣揚天皇神話，神道國教化、改採太陽曆、訂定一週七天、二十四小時制、設立警察制度、取消基督教禁令 |<br>| **交通** | 興建電燈、鐵路、架設電信局、設立郵政制度 |<br>| **軍事** | 改行徵兵制、聘德軍顧問建立新式陸軍、聘英軍顧問建立新式海軍 |<br><br>【改寫自：田中彰著，何源湖譯，《明治維新》（臺北：玉山社，2012）。林明德，《日本近代史》（臺北：三民書局，2011），頁52～75。詹姆士·麥克萊恩著，王翔譯，《日本史 1600～2000 從德川幕府到平成時代》（臺北：遠足文化，2017），頁224～371】,teachers_book,日本,政治,"[明治維新, 五條誓文, 版籍奉還, 廢藩置縣, 岩倉使節團]",V.2/Ch.5/邁向現代化的東亞,明治維新政策,,,
867,隨著歐美文化風俗的傳入，日本內部也產生對新舊習俗衝突的反思。如明治初期日本學者加藤祐一出版《文明開化》一書，內容提到：「吃豬肉才文明啦，那傢伙這時撐著蝙蝠傘走路呢，真是文明呢！穿著鞋子就進到屋子裡去，這樣真是麻煩的文明啊！再加上帶來的小狗也進了屋子，嗅嗅護身符，還把佛壇也搗毀了，還真是了不起的文明呢！」反映出和洋文化風俗的不同帶給日本社會的衝擊，引發維護日本傳統文化人士的不滿。<br><br>【改寫自：田中彰著，何源湖譯，《明治維新》（臺北：玉山社，2012），頁381】,teachers_book,日本,文化,"[文明開化, 歐美文化, 加藤祐一, 習俗衝突, 傳統文化]",V.2/Ch.5/邁向現代化的東亞,對西方文化思想的反彈,,,
868,明治政府為了推動西化改革，鼓勵興建工廠。初期由於缺乏重工業的技術，首先成立的是紡織工廠。建立初期，工廠提供伙食費、住宿費、醫療費，引入24小時制與一週七天的星期制，一日工作8小時與週日定休，加上另外配有的30天休假。優渥的待遇引發女性成為女工的時尚潮流。<br><br>然而隨著企業發展，工廠的待遇愈來愈差，工作時數拉長至一天12至14小時，宿舍有如監獄般監控女工行動，加上當時男性至上的思想助長，女性的工作待遇、職業地位被壓抑在社會底層。20世紀初期政府的調查結果，女工多為來自貧窮家庭、未受過義務教育的未成年女性。1915年日本政府才頒布《工廠法》，限制工廠對女工的剝削。<br><br>關於日本西化時期女工的著名文學，如細井和喜藏撰寫的《女工哀史》。<br><br>【改寫自：茂呂美耶，《明治日本—含苞初綻的新時代、新女性》（臺北：遠流，2014），頁46～57】,teachers_book,日本,社會,"[紡織工廠, 女工, 工廠法, 女工哀史, 明治政府]",V.2/Ch.5/邁向現代化的東亞,紡織廠女工問題,,,
869,### 背景<br>明治新政府改行徵兵制，取消武士階級的俸祿；加上明治維新的各項改革，衝擊日本傳統社會階級，許多幕府時期的舊臣感到與新政府理念不合，紛紛告官回鄉。中下層武士則面臨生活困境，常引發地方動亂<br><br>### 爆發<br>出身鹿兒島的大臣西鄉隆盛告官返鄉後，鹿兒島地區的軍人、文官也紛紛辭官回鄉。1877年1月，鹿兒島地區的學生、舊幕府士族等勢力偷襲軍方軍械庫，起兵反抗新政府，並且擁立西鄉隆盛為首領<br><br>### 經過<br>西鄉隆盛感於地方勢力的怒火已難以平息，遂接受擁戴，指揮軍隊朝東京邁進。西鄉軍與政府軍在2月交戰於熊本城；到3月底，由於政府軍增援，西鄉軍退守鹿兒島，至9月24日西鄉隆盛自殺，西南戰爭結束<br><br>### 影響<br>西南戰爭之後，各地沒落武士階級已無實力抵抗新政府的改革，遂不再進行武裝叛亂<br><br>【改寫自：岸祐二著，陳嫺若譯，《開始讀幕末・維新的第一本書》（臺北：如果，2010），頁216～223。井上勝生著，周保雄譯，《幕末與維新》（香港：香港中和，2015），頁271～275】,teachers_book,日本,政治,"[西南戰爭, 西鄉隆盛, 明治新政府, 武士, 徵兵制]",V.2/Ch.5/邁向現代化的東亞,西南戰爭,,,
870,板垣退助出身於上層武士家庭，參與討幕戰爭。明治維新初期，指揮政府軍討伐幕府殘存勢力的過程中，深感新舊社會的階級衝突與對立，認為唯有四民平等才能造就國家的繁盛與安樂。<br><br>明治新政府成立時任官，1873年因主張征韓論被反對而下野。1874年成立「立志社」，提倡天賦人權，並組黨呼籲設立民選議會，推動自由民權運動。由於板垣在巡迴演講過程中遭遇刺殺未遂，傳言與刺客扭打過程中喊出「即使板垣退助死了，日本的自由也不會滅」，在社會引發廣大迴響，民主憲政的呼聲促使日本政府推動憲政改革。<br><br>遇刺事件之後，政府資助板垣退助出國考察，學習西方立憲體制。板垣退助回國後在國會內組立憲自由黨，繼續推動憲法改革。1889年明治天皇頒布《明治憲法》，實施國會議員選舉，首次選舉民選議員組成國會，板垣退助與其政黨亦在國會內持續發揮影響力，監督政府預算，甚至迫使內閣讓步。<br><br>【改寫自：陳小沖，〈板垣退助、林獻堂與臺灣同化會〉《臺灣研究集刊》（廈門：廈門大學臺灣研究院，1996年第3期），頁69～74。王新生，〈國民國家與近代日本憲政之路——以自由民權運動為中心〉《中央社會主義學院學報》（北京：中央社會主義學院，2019年第4期），頁61～68。王新生，〈近代日本憲政之路〉《博覽群書》（北京：光明日報社，2010年第7期），頁20～24】,teachers_book,日本,政治,"[板垣退助, 自由民權運動, 立志社, 明治憲法, 民選議會]",V.2/Ch.5/邁向現代化的東亞,板垣退助,,,
871,| | |<br>|---|---|<br>| **出身** | 下級武士家庭 |<br>| **思想淵源** | 1. 家中大量儒家經典藏書<br>2. 其父著作《女大學評論》、《新女大學》<br>3. 法國史學家基佐、英國史學家巴克爾的文明史觀<br>4. 穆勒、斯賓塞、邊沁、盧梭等西方思想家<br>5. 三次留美經驗 |<br>| **著述** | 《西洋事情》、《文明論概略》、《勸學篇》、《脫亞論》等 |<br>| **主張** | 1. 文明開化論：積極學習西方先進思想，取代落後文明思想<br>2. 廢除封建制度、日本開國、重商富國論<br>3. 女性教育、婦女解放、人人平等、男女平等<br>4. 德智教育：透過教育培育獨立的自由人 |,teachers_book,日本,文化,"[福澤諭吉, 文明開化論, 西洋事情, 脫亞論, 勸學篇]",V.2/Ch.5/邁向現代化的東亞,福澤諭吉,,,
872,「我日本的國土雖然位於亞洲的東邊，可是國民的精神已經擺脫亞洲的固陋，移向西洋文明。然而，不幸的是，近鄰有兩個國家，一個是支那，一個是朝鮮。………據我觀察，在當今西風東漸之際，這兩國很難維持其獨立。如果很幸運地，這兩國出現開明志士，像我國的維新一樣大刀闊斧地從事改革，一新全國人心，那就另當別論。如果不是這樣的話，那麼毫無疑問地，從現在起不出數年，這兩國就會亡國，而且國土也會被世界各文明國家分割。………若如此，則我國就不應該猶豫不決地等待鄰國開明後一起攜手復興亞洲，而是應該脫離它們，與西洋文明國共進退。對待支那、朝鮮的方式，不可因鄰國之故而特別客氣。西洋人怎麼對待它們，我們就怎麼對待它們。與惡友親近者免不了會沾上惡名。我們應謝絕亞洲東方的惡友。」<br><br>【改寫自：福澤諭吉，《脫亞論》，《福澤諭吉全集》第10卷（東京：岩波書店，1960），頁239～240】,teachers_book,日本,政治,"[脫亞論, 福澤諭吉, 西洋文明, 支那, 朝鮮]",V.2/Ch.5/邁向現代化的東亞,脫亞入歐論原文,,,
873,| | |<br>|---|---|<br>| **遠因** | 中日因甲午戰爭簽訂《馬關條約》，日本原先欲取得中國遼東半島一帶，在俄、德、法三國干涉下，日本被迫放棄遼東半島。此一事情埋下日本與俄國在地緣政治角力上的衝突，日俄關係逐漸惡化，日本並將俄國視為假想敵 |<br>| **爆發** | 日俄針對朝鮮、中國東北利益談判破裂，1904年2月雙方開戰 |<br>| **重要戰役** | 1. 旅順「二零三高地」攻防戰<br>2. 對馬海峽海戰 |,teachers_book,日本,政治,"[日俄戰爭, 甲午戰爭, 遼東半島, 三國干涉, 對馬海峽海戰]",V.2/Ch.5/邁向現代化的東亞,日俄戰爭,,,
874,| | |<br>|---|---|<br>| **時間** | 1871年11月～1873年9月 |<br>| **目標** | 1. 訪問各條約締結國，遞交國書<br>2. 考察歐美先進文物、制度，作為推動日本近代化的參考<br>3. 協商換約，試圖收回領事裁判權、關稅自主權 |<br>| **成員** | 新政府核心重要官員49員與留學生58員。重要官員如岩倉具視、伊藤博文、大久保利通、木戶孝允、福澤諭吉等 |<br>| **經過** | 使節團從日本出發後，先經太平洋抵達美國西岸的舊金山，再橫跨美國到東岸華盛頓，而後到英國、法國等歐洲各地考察訪問，最後走地中海、紅海，經新加坡返回日本。使節團根據考察任務分為數個小組，個別研究、蒐集憲法、政治體制、貿易、工業、金融業、貨幣制度、教育體制等資訊，各自統整分析後，回國推行改革。此外，留學生會被留在訪問國當地，進行數年的留學，在當地進行深入瞭解後，再被召回日本推動改革 |<br>| **影響** | 協商換約收回權益的事情，受到歐美各國的拒絕，未能取得成果，然而在歐美各地的考察確實帶來豐富成果。重要官員如伊藤博文、大久保利通、木戸孝允等等，將歐美的制度引入日本，改革明治新政府，在設計君主立憲、廢藩置縣、建立新式軍隊、制定近代學制等制度改革上帶來全面性影響，使日本從舊幕藩體制轉變為近代國家政體<br>留學生中如津田梅子在美國留學11年，回國後推動教育改革，創立津田英學塾推廣女子教育 |<br><br>【改寫自：田中彰著，何源湖譯，《明治維新》（臺北：玉山社，2012），頁228～276。詹姆士·麥克萊恩著，王翔譯，《日本史1600～2000從德川幕府到平成時代》（臺北：遠足文化，2017），頁227～257。半藤一利著，黃琳雅譯，《幕末史》（臺北：遠足文化，2017），頁417～482】,teachers_book,日本,政治,"[岩倉使節團, 岩倉具視, 伊藤博文, 考察, 明治新政府]",V.2/Ch.5/邁向現代化的東亞,岩倉使節團,,,
875,日俄戰爭爆發前，在東京報紙發行量最大的《萬朝報》擔任記者，並主張反戰。但由於人民陷於戰爭狂熱情緒，《萬朝報》轉變立場為主戰論，幸徳秋水辭職。<br><br>他於著作《二十世紀之怪物：帝國主義》中大力批判帝國主義、軍國主義。他闡述愛國心的本質為好戰精神，為野蠻的特質。<br><br>1903年幸徳秋水退出《萬朝報》後，與理念相同的人共創「平民社」，創辦《平民新聞》，宣揚自由、平等、博愛，推廣社會主義。日本早期社會主義者遂以《平民新聞》為中心推展社會運動。<br><br>1910年，部分社會主義者策劃天皇暗殺行動，對社會主義、共產主義反感的政府，大肆逮捕社會主義者；幸徳秋水於1911年被處死，稱為「大逆事件」。<br><br>【改寫自：胡備、呂利華，〈論幸徳秋水的“非戰論”思想〉，《通化師範學院學報》（吉林：通化師範學院，2011年第1期），頁37～40。楊孝臣，〈論幸徳秋水〉，《歷史研究》（北京：中國社會科學雜誌社，1982年第4期），頁161～173】,teachers_book,日本,政治,"[幸徳秋水, 帝國主義, 社會主義, 平民社, 大逆事件]",V.2/Ch.5/邁向現代化的東亞,幸徳秋水,,,
876,| | |<br>|---|---|<br>| **背景** | 日本因貧富差距擴大、國際經濟動盪等，國內社會主義、共產主義運動興起。1922年，內閣提出《激進社會運動取締法案》，雖經過議會討論後並未通過，但對日後政治取締與治安維持的相關法律制定提供基礎 |<br>| **時間** | 1923年關東大地震，政府發動緊急敕令，頒布《為了維持治安的懲罰條例》，即《治安警察法》，並於1925年經過議會審議，正式通過 |<br>| **內容** | 《治安警察法》針對國內治安進行各層面的規定、限制。其中以第一條：「以改變國體或否認私有財產制度為目的而組織結社，或者知道此一組織目的而企圖加入者，處以十年以下的懲罰或監禁」，為《治安警察法》的根本內容 |<br>| **影響** | 《治安警察法》打擊大正民主時期的學生運動、社會運動，更進一步頒布禁書、禁止研究會、讀書會，干預學術自由並進行思想控制，成為極權統治的法律基礎。該法直到1945年10月戰爭結束後才被廢除 |<br><br>【改寫自：孫道鳳，〈論日本歷史上的治安維持法與大正民主主義思潮〉《前沿》（呼和浩特：內蒙古社會科學聯合會，2013年第24期），頁155～156】,teachers_book,日本,政治,"[治安警察法, 社會主義, 國體, 大正民主, 思想控制]",V.2/Ch.5/邁向現代化的東亞,《治安警察法》,,,
877,| | |<br>|---|---|<br>| **時間** | • 狹義：1912年大正天皇登基，到1926年天皇駕崩，共15年<br>• 廣義：1905年日俄和談引起民眾反彈與發動大規模群眾運動，到1918年由原敬組成政黨內閣，大正民主體制始稱完備。到1932年，首相犬養毅被暗殺，此後政府被軍方掌控，大正民主終結 |<br>| **意義** | 政黨政治常規化，明治以來倒幕派大臣掌控朝政的寡頭政治結束，進入民主憲政的政黨政治 |<br>| **特徵** | 1. 政府採政黨政治，由最大黨組成內閣<br>2. 人民上街抗議，爭取民主權益<br>3. 文化開放，社會上各派言論蓬勃發展<br>4. 殖民地採開明政治 |<br>| **終結** | 1932年，幾位日本海軍軍官刺殺主張對華「和平交渉」的首相犬養毅，為五一五事件。參與軍官被輕判，助長軍方勢力 |<br><br>【改寫自：竹村民郎著，林邦由譯，《大正文化：帝國日本的烏托邦時代》（臺北：玉山社，2010）。詹姆士·麥克萊恩著，王翔譯，《日本史 1600～2000 從德川幕府到平成時代》（臺北：遠足文化，2017），頁424～470】,teachers_book,日本,政治,"[大正民主, 政黨政治, 原敬, 犬養毅, 五一五事件]",V.2/Ch.5/邁向現代化的東亞,大正民主,,,
878,《明治憲法》第11條規定，軍隊僅向天皇效忠，導致軍方得以越過其他行政機關擅自行動，不受政府管控。另外，《明治憲法》並未明確規定內閣總理大臣的產生，導致軍方得以憑藉軍事力量介入政府運作。《明治憲法》給予軍方過度的自由，助長右派軍部勢力（法西斯主義）崛起。<br><br>【改寫自：徐勇，〈明治維新與近代日本軍國主義再研究〉，《軍事政治學研究》（北京：中國人民解放軍南京政治學研究中心，2013年第3期），頁1～17。故事/陸奧，〈象徵維新的《明治憲法》卻意外埋下日本軍國主義崛起的伏筆？〉，https://storystudio.tw/article/gushi/dai-nippon-teikoku-kenpo/】,teachers_book,日本,政治,"[明治憲法, 軍國主義, 天皇, 軍部, 法西斯主義]",V.2/Ch.5/邁向現代化的東亞,《明治憲法》與軍國主義的擴張,,,
879,| | |<br>|---|---|<br>| **時間** | 1918年 |<br>| **起因** | 一戰時期的通貨膨脹，尤其1918年6月單一月份米價更暴漲60% |<br>| **過程** | 1. 7月22日，富山縣婦女上街抗議，之後沿燒至大阪、神戶等西日本工業大城<br>2. 各地憤怒人民參與非暴力靜坐抗議、演說、遊行，強迫米商降價、售出存貨；部分人民則與軍警爆發衝突。1918年夏天，約有一百萬人上街頭抗爭<br>3. 8月中旬，政府同意人民要求，並由天皇、內閣、財閥集資一千五百萬成立救濟基金會。政府並從臺灣、朝鮮進口米、投資擴大墾田面積、制定法律調節商品貿易<br>4. 9月，原敬在人民支持下擔任首相，天皇將政府統治權交給政黨黨魁 |<br>| **意義** | 1. 人民有意識爭取公民權利，抗議權力、財富分配不公<br>2. 政府由下議院最大黨成員組成內閣，實現政黨政治 |<br>| **影響** | 1. 促使大正民主政治發展<br>2. 政府更加重視左派運動 |<br><br>【改寫自：詹姆士·麥克萊恩著，王翔譯，《日本史 1600～2000 從德川幕府到平成時代》（臺北：遠足文化，2017），頁435～436】,teachers_book,日本,社會,"[米騷動, 通貨膨脹, 抗議, 原敬, 政黨政治]",V.2/Ch.5/邁向現代化的東亞,米騷動,,,
880,1930年代，正經歷經濟大恐慌的日本政局相當不穩，儘管民主制度陸續推行，卻無法解決百姓生活問題，浪漫的大正民主時代留下的遺產，此時可說是百無一用，左翼運動正全面退潮。人民對政治嚴重的不滿，大家覺得政府面對內政到外交的危機束手無策，只會對婦女參政權這種連女性本身也不在意的議題著力，顯然是把力氣用錯地方，如此背景給了極右翼成長的空間。第一次世界大戰後，日本經濟蕭條，日本政府為了挽救經濟，計劃大規模裁軍，令日本軍方不滿；1930年，日本又簽署《倫敦海軍條約》後，日本海軍在規模上遭到更進一步的限制，因此萌生出推翻政府的風潮與運動，並出現軍政府統治的想法。<br><br>1932年5月15日，海軍少壯軍官襲擊總理大臣官邸、內大臣牧野伸顯官邸、執政黨立憲政友會總部等地，首相犬養毅遭到刺殺。由於政變規模小，缺乏建立政權的具體計畫，政變者自首。在審判中，軍部大肆煽動輿論為政變者開脫罪責，法院最終輕判殺害犬養毅的軍官。結果反令海軍的地位提升、加強政治發言權，更加速了軍國主義的發展。<br><br>1936年2月26日凌晨4點，主張廢除財閥干政、讓天皇直接執政、視蘇聯為國家敵人的「皇道派」軍官，以「昭和維新，尊皇討奸」的旗號發動政變，殺害多名政府要員（包括兩名前首相）。政變雖在3天後失敗落幕，但政府希望軍部能夠有效的控管軍隊，故恢復由現役武官出任軍部大臣的規定，使軍方對國家政策影響力大增。當時日本陸軍分成「統制皇道派」與「皇道派」：「統制派」主張進軍中國、南洋的南進論，與蘇聯締結互不侵犯條約；「皇道派」主張防禦蘇聯及共產勢力擴張，故需建設滿洲國做為對抗共產主義的堡壘。事變後皇道派勢力驟降，統制派領袖陸軍大將東條英機藉此剷除異己，自此開啟日本對中國開戰的序曲。,teachers_book,日本,政治,"[五一五事件, 二二六事件, 犬養毅, 皇道派, 軍國主義]",V.2/Ch.5/邁向現代化的東亞,右派的崛起——「五一五事件」與「二二六事件」,,,
881,日本經濟學者與殖民政策學者。1916年奉命海外留學期間，關注到殖民地社會被壓迫與剝削的問題，回國後開始提倡給予殖民地人民合理待遇。1927年，矢內原忠雄前往臺灣進行私人田野調查，並透過蔡培火等人了解臺灣民族解放運動，著有《帝國主義下的臺灣》一書，要求總督府檢討對臺政策，其殖民地政策主張以及反戰論與政府立場相左。1937年受盧溝橋事變的刺激，矢內原忠雄於《中央公論》投稿〈國家的理想〉一文，批判日本的大陸政策，使其被迫辭去東京帝國大學教授職位。<br><br>【改寫自：古賀敬太，〈矢内原忠雄の政治思想（5）—矢内原の帝国主義批判—〉，《国際研究論叢》（大阪：大阪国際大学，2017），頁53～76。湯浅拓也，〈矢内原忠雄の植民政策学における実質的植民と自主主義・同化主義の構図：留学中の着想から見えてくる民族への注目と結びつけて〉，《青山国際政経論集》（東京：青山学院大学国際政治経済学会，2016），頁169～191】,teachers_book,日治臺灣,政治,"[矢內原忠雄, 殖民地, 帝國主義下的臺灣, 總督府, 反戰論]",V.2/Ch.5/邁向現代化的東亞,矢內原忠雄,,,
882,約14、15世紀，朝鮮半島受到倭寇侵擾而實施海禁，與西洋傳教士、商人未有直接接觸。1603年，朝鮮王朝使節李光庭自北京帶回《坤輿萬國全圖》，為朝鮮首次引入西洋相關文物，影響了朝鮮的地理測量學；而後從中國陸續傳入《時憲曆》、《幾何原本》等，也擴展了朝鮮學者的科學知識。重視救濟現世的「實學」風氣興起，衝擊朱子學，也衝擊了掌控學術地位與統治階層的兩班貴族勢力。<br><br>【改寫自：吳政緯，《從漢城到燕京：朝鮮使者眼中的東亞世界》（臺北：秀威資訊，2017），頁215。朱立熙，《韓國史：悲劇的循環與宿命》（臺北：三民，2013），頁142～145】,teachers_book,朝鮮,文化,"[朝鮮, 坤輿萬國全圖, 西洋文物, 實學, 朱子學]",V.2/Ch.5/邁向現代化的東亞,西洋文物傳入朝鮮,,,
883,| | |<br>| :--- | :--- |<br>| **背景** | 16世紀末，朝鮮歷經兩次日本豐臣秀吉軍隊的入侵，國內的農田因戰亂被毀壞、荒廢，戰後僅剩三分之一的農地可以耕種。加上戰後朝鮮將領對受封不滿而叛亂，拉攏後金（女真）、清朝勢力入侵。朝鮮陷入財政困難、社會制度崩解等困境，政治上則苦於兩班的政治內鬥，民生困苦無人聞問 |<br>| **傳入** | 天主教傳入之初僅受到儒家學者關注，朝鮮人普遍不信「天堂地獄說」，並未受社會接受 |<br>| **興盛** | 18世紀末，隨著朝鮮受戰亂波及，社會為尋求心靈寄託而開始接受天主教信仰。包含許多沒落的兩班貴族、學者都是天主教徒，刺激朝鮮各地的平民受洗 |<br>| **影響** | 天主教信仰吸引不幸或苦難的庶民，以及備受歧視的奴婢與賤民階層。君臣、父子、男女等傳統儒家的倫理關係，被天主教信仰的平等意識給打破，衝擊朝鮮政府對社會秩序的控制基礎 |<br>| **禁教** | 1785年（正祖9年）正式頒布禁教令，禁止前往清朝的使節與天主教徒接觸，也不准帶回任何與天主教有關的書籍。但因為正祖並未激烈迫害或鎮壓朝鮮的天主教徒，故天主教的傳播仍十分興盛 |<br><br>【改寫自：朱立熙，《韓國史：悲劇的循環與宿命》（臺北：三民，2017），頁127～143】,teachers_book,朝鮮,社會,"[天主教, 兩班, 儒家, 禁教令, 正祖]",V.2/Ch.5/邁向現代化的東亞,天主教在朝鮮的傳布,,,
884,| | |<br>| :--- | :--- |<br>| **政策改革** | 1. 不分階級，稅收平等<br>2. 廢除弊政稅收，立社倉，重視農村經濟<br>3. 撤廢地方書院，剷除引起朝內黨爭的兩班勢力基礎<br>4. 興修景福宮，重申王室威嚴<br>5. 堅持鎖國政策。丙寅洋擾（法國艦隊入侵）、辛未洋擾（美國艦隊入侵）時堅持抵抗，擊退列強勢力。戰事結束後在各地設砲台、立斥和碑，強化攘夷意志 |<br>| **結果** | 1. 興宣大院君的改革雖切中時弊，也受到民眾支持。但其為了修復景福宮造成財政負擔，增加的稅收也導致人民的憤怒與不滿<br>2. 廢書院造成與儒生、兩班的對立，導致朝內政權不穩。最終被閔妃為中心的反對派發動政變，結束其執政 |<br><br>【改寫自：朱立熙，《韓國史：悲劇的循環與宿命》（臺北：三民，2017），頁156～158。簡江作，《韓國歷史》（臺北：五南，1998），頁361～362】,teachers_book,朝鮮,政治,"[興宣大院君, 鎖國政策, 景福宮, 兩班, 閔妃]",V.2/Ch.5/邁向現代化的東亞,興宣大院君的施政,,,
885,| | |<br>| :--- | :--- |<br>| **背景** | 朝鮮末期，學者針對禮儀與性理學進行辯論，流於空洞 |<br>| **形成** | 日本入侵（壬辰倭亂。日稱文祿・慶長之役）後，憂國、救國思想形成，促使學者著重務實改革 |<br>| **興起** | 西洋學術思想傳入後，刺激務實派學者積極針對現行制度推行改革 |<br>| **派別** | 1. 經世致用派：重視政治、經濟等社會制度改革<br>2. 利用厚生派：重視工商業與生產技術改革<br>3. 實事求是派：重視經典文章考究 |<br>| **代表學者與其主張** | 1. 柳馨遠：經世致用派始祖。著有《隨錄》，重視土地、稅賦制度改革，並主張廢除身分階級<br>2. 丁若鏞：兼長於經世致用派與利用厚生派。著作《與猶堂全書》，共500卷，兼論政經法哲史等社會學到天文、地理、數學、物理、醫學等自然科學。內容包含生產技術革新、民本主義、廢除身分制度、土地改革等主張 |<br>| **影響** | 由於實學訴求是反朱子學與反政府的，遂皆遭到政府迫害。後期實學遂轉向重視學問修習的實事求是派 |<br><br>【改寫自：朱立熙，《韓國史：悲劇的循環與宿命》（臺北：三民，2017），頁143～145。簡江作，《韓國歷史》（臺北：五南，1998），頁343～346】,teachers_book,朝鮮,文化,"[實學, 經世致用派, 利用厚生派, 實事求是派, 丁若鏞]",V.2/Ch.5/邁向現代化的東亞,實學的興起,,,
886,1866年大院君下令鎮壓天主教徒，處死八千多人，包括九位法國神父，此事件被稱為「丙寅邪獄」。在這場天主教鎮壓事件中，倖存的三名法國神父逃至中國，向駐清法國公使報告。法國遂派七艘軍艦進攻朝鮮，遭朝鮮軍隊擊退於江華島，稱為「丙寅洋擾」。<br><br>【改寫自：朱立熙，《韓國史：悲劇的循環與宿命》（臺北：三民，2017），頁156】,teachers_book,朝鮮,政治,"[丙寅邪獄, 丙寅洋擾, 大院君, 天主教徒, 法國]",V.2/Ch.5/邁向現代化的東亞,丙寅邪獄與丙寅洋擾,,,
887,1871年，美國亞洲艦隊司令率五艘軍艦抵達江華島，欲追究五年前商船被朝鮮擊沉之事，並試圖效仿「黑船事件」強迫日本開港的方式，逼迫朝鮮開港。朝鮮強硬抵抗，擊退美國艦隊。<br><br>【改寫自：朱立熙，《韓國史：悲劇的循環與宿命》（臺北：三民，2017），頁156】,teachers_book,朝鮮,政治,"[辛未洋擾, 美國, 江華島, 黑船事件, 開港]",V.2/Ch.5/邁向現代化的東亞,辛未洋擾,,,
888,| | |<br>| :--- | :--- |<br>| **起因** | 1875年，日本軍艦深入朝鮮西北領海觀察軍備，遭到江華島朝鮮守軍砲擊。日軍強行登島，破壞砲臺 |<br>| **簽約** | 1876年，日軍抵達釜山，逼迫朝鮮簽訂協約 |<br>| **內容** | 1. 朝鮮為自主之邦，保有與日本平等之權<br>2. 簽訂新通商和約<br>3. 朝鮮開放釜山等三個港口，並提供日商土地、房屋租借<br>4. 日本可自由測量海岸線、製圖<br>5. 日本於指定港口派遣領事<br>6. 日人享有領事裁判權 |<br>| **影響** | 1. 朝鮮被迫開港通商<br>2. 朝鮮喪失領海主權<br>3. 否定中國對朝鮮的宗主權 |<br><br>【改寫自：林子侯，〈日韓江華島事件的檢討（上）〉，《食貨月刊》第14卷第3&4期（臺北：食貨月刊社，1984年7月），頁158～173。林子侯，〈日韓江華島事件的檢討（下）〉，《食貨月刊》第14卷第5&6期（臺北：食貨月刊社，1984年9月），頁250～264】,teachers_book,朝鮮,政治,"[江華島事件, 日本, 開港通商, 領事裁判權, 宗主權]",V.2/Ch.5/邁向現代化的東亞,江華島事件,,,
889,| | |<br>| :--- | :--- |<br>| **開化黨掌權** | 1. 背景：1873年興宣大院君引退，以閔妃為首的開化黨掌握政權<br>2. 政策：朝鮮開國後，有感於日本因明治維新而國勢強盛，主張改革以促進朝鮮自強，開化思想於是逐漸興起。官方並派員赴中、日兩國考察，推動開化政策，卻遭保守派反對 |<br>| **壬午軍亂** | 1. 背景：閔妃時期的改革，藉由日本軍官訓練新式軍隊，引起舊有軍團不滿<br>2. 政變：1882年，擁護興宣大院君的軍隊發動政變，並燒毀日本公使館，閔妃及親日派人士被迫逃離，朝鮮由大院君掌權<br>3. 平亂：清朝派遣朝鮮事務大臣進入朝鮮，拘捕大院君、平定軍亂<br>4. 結果<br> (1) 開化黨分裂<br>| 開化黨 | 事大黨 |<br>| :--- | :--- |<br>| 主張仿效日本明治維新，反對清朝干涉朝鮮內政 | 主張學習中國，推行漸進改革（朝鮮長期奉中國為宗主國，自己為小，中國為大，故偏向中國的政策稱為「事大主義」或「事大派」） |<br>(2) 閔妃藉清朝力量恢復政權，故由親日轉為親清，成為事大黨首腦<br>5. 影響：日、朝簽訂《濟物浦條約》，日本取得損害賠償、公使館駐兵權、日人自由遊歷朝鮮等權利 |<br>| **開化黨政變（甲申政變）** | 1. 政變：1884年，開化黨稱清兵作亂，協同日軍將國王送往庇護處，再殺害事大黨人，並宣布實施新政<br>2. 平亂：清朝派遣袁世凱出兵鎮壓，開化黨人前往日本避難，政變僅維持三天<br>3. 影響：中、日簽訂《天津條約》，約定皆從朝鮮撤兵，日後如派軍前往朝鮮，須相互知會，朝鮮遂成為中、日的共同保護國 |<br>| **東學黨起事** | 1. 背景：1860年創立的「東學」原為宗教團體，主張復興儒家思想，以與天主教的「西學」相抗，信奉東學的集團則被稱為東學黨。東學黨致力為窮困農民爭取權益，因此受到農民的支持<br>2. 經過<br> (1) 1894年，全羅道農民因不堪官員強行徵役、收賄而暴動，民亂更在東學黨領導下擴及整個朝鮮南部<br> (2) 東學黨的口號為「懲治貪官汙吏」和「斥倭斥洋」，朝鮮政府無法平亂故向清朝求援，之後日本也派兵介入<br>3. 結果：清軍與日軍平定亂事<br>4. 影響：亂事成為甲午戰爭導火線。甲午戰爭後，清朝勢力退出朝鮮，日本於朝鮮成立親日政府，閔妃失勢 |<br><br>【改寫自：張啟雄，〈「宗藩」對「獨立」：朝鮮壬午兵變的國際秩序原理論述〉，《國立政治大學歷史學報》，第40期（臺北：國立政治大學歷史學系，2013），頁31～74；簡江作，《韓國歷史》（臺北：五南，1998），頁370；中日韓三國共同歷史編纂委員會，《超越國境的東亞近現代史（上卷）》（香港：三聯書店，2013），頁52；朱立熙，《韓國史：悲劇的循環與宿命》（臺北：三民，2017），頁160～161】,teachers_book,朝鮮,政治,"[開化黨, 壬午軍亂, 甲申政變, 東學黨, 甲午戰爭]",V.2/Ch.5/邁向現代化的東亞,19世紀末朝鮮政治發展,,,
890,| | |<br>| :--- | :--- |<br>| **背景** | 19世紀末東學黨起事期間，親日的開化黨掌權，並推行改革 |<br>| **政治改革** | 1. 設立軍國機務處統轄改革<br>2. 設立議政府與宮內府，分離政府與宮廷事務<br>3. 議政府下設立八個部門：內務、外務、度支（財政）、軍務、法務、學務、工務、農務。並設立其他附屬機構，如都察院、會計審查院、警務廳等<br>4. 停止使用清朝年號，改以朝鮮建國紀年<br>5. 廢除科舉 |<br>| **經濟改革** | 1. 財政事務全歸度支部管理<br>2. 統一度量衡<br>3. 整理貨幣制度<br>4. 推行銀本位制<br>5. 稅收採「金納制」 |<br>| **社會改革** | 1. 廢除身分制度，兩班與人民法律地位平等<br>2. 廢除公私奴婢法、人口買賣、連坐法等 |<br><br>【改寫自：簡江作，《韓國歷史》（臺北：五南，1998），頁382～383。唐烈，〈淺談甲午更張與戊戌變法的殊途同歸〉，《黑龍江史志》，（哈爾濱：黑龍江省地方志辦公室、黑龍江省地方史志學會、當代黑龍江研究所，2014年第1期），頁44～45】,teachers_book,朝鮮,政治,"[甲午改革, 開化黨, 軍國機務處, 廢除科舉, 廢除身分制度]",V.2/Ch.5/邁向現代化的東亞,甲午改革,,,
891,| | |<br>| :--- | :--- |<br>| **背景** | 俄國欲擴張在中國東北與朝鮮的利益，因此扶植朝鮮親俄派勢力。甲午戰爭後，遭親日開化黨奪權而失勢的閔妃，轉而與俄國合作對抗日本，日人因此視閔妃為眼中釘 |<br>| **乙未事變** | **經過** | 1. 1895年10月，日公使率軍隊攻入王宮，殺死親俄派的閔妃與宮內大臣<br>2. 高宗被迫組成親日派內閣 |<br>| | **結果** | 親日派延續甲午改革，持續推動西化政策 |<br>| **高宗亡命俄館** | **背景** | 朝鮮西化政策衝擊傳統社會文化，引發人民起義反抗 |<br>| | **過程** | 1896年，高宗及皇室成員逃往俄國使館避難。親俄派殺害親日派，並組織親俄派內閣 |<br>| | **結果** | 1897年，高宗在國、內外的要求下回王宮治理朝政，下令改國號為「大韓帝國」，宣示國家獨立自主，同時任用親俄派、親日派勢力 |<br>| | **影響** | 朝鮮親俄派與親日派的政治鬥爭逐漸激化，成為日俄戰爭爆發的背景 |<br><br>【改寫自：董順擘，〈論甲午戰爭后福澤諭吉的朝鮮觀〉，《社科縱橫》，（蘭州：甘肅省社會科學界聯合會，2016年第8期），頁104～107。朱立熙，《韓國史：悲劇的循環與宿命》（臺北：三民，2017），頁165～167。中日韓三國共同歷史編纂委員會，《超越國境的東亞近現代史（上卷）》（香港：三聯書店，2013），頁88～90】,teachers_book,朝鮮,政治,"[乙未事變, 閔妃, 高宗, 大韓帝國, 日俄戰爭]",V.2/Ch.5/邁向現代化的東亞,乙未事變與日俄權力爭奪,,,
892,徐載弼起初接觸到開化黨人士，1883年前往日本留學時，思想深受福澤諭吉影響。1884年徐載弼參與開化黨政變，失敗後逃往日本，再轉往美國；徐載弼接受美國的正規教育，受美國的民主主義影響。1895年回國後，擔任中樞院顧問。<br>徐載弼期許能從基層推動改革，於是在1896年創辦《獨立新聞》，帶給大眾西方新知。後因積極批判守舊派政府以及官員貪汙等弊端，遭到政府的鎮壓。徐載弼於1898年轉讓《獨立新聞》的營運權，離開朝鮮。《獨立新聞》則更加激烈地批評守舊派與親俄派，支持獨立協會運作，直到1899年遭到廢刊。<br><br>【改寫自：崔才德，〈徐載弼與《獨立新聞》〉，《赤峰學院學報第34卷第3期（哲學社會科學版）》，（赤峰：赤峰學院學報編輯部，2013），頁13～14】,teachers_book,朝鮮,政治,"[徐載弼, 開化黨, 獨立新聞, 民主主義, 獨立協會]",V.2/Ch.5/邁向現代化的東亞,徐載弼,,,
893,獨立協會由徐載弼籌組，目標為向國民宣傳西方民主思想、批判政府施政與貪汙弊案、維護人民基本權利、鼓吹朝鮮民族獨立等。獨立協會於1898年公開集會，向政府提出六條建議：<br>1. 不依靠外來勢力，官民齊心協力鞏固皇權<br>2. 各大臣與中樞院議長共同與外國簽署條約<br>3. 度支部全權負責國家財政，向國民公布預算與決算<br>4. 公開審理重大犯罪，尊重被告人人權<br>5. 依據多數原則任命高級官員<br>6. 實踐章程事<br>由於獨立協會與政府立場對立，遭到政府大規模逮捕，最終於1898年12月遭到解散。<br><br>【改寫自：朱立熙，《韓國史：悲劇的循環與宿命》（臺北：三民，2017），頁167～168。簡江作，《韓國歷史》（臺北：五南，1998），頁387～389。《東亞三國的近現代史》共同編寫委員會，《東亞三國的近現代史》（香港：三聯書店，2005），頁37】,teachers_book,朝鮮,政治,"[獨立協會, 徐載弼, 民主思想, 民族獨立, 中樞院]",V.2/Ch.5/邁向現代化的東亞,獨立協會,,,
894,| | |<br>| :--- | :--- |<br>| **1904《韓日議定書》** | 日俄戰爭爆發後，日軍強行進入朝鮮半島。日韓簽約不但侵犯韓國外交權，並合理化日本軍事與政治干預。韓國被迫提供協助 |<br>| **1904《韓日協定書》** | 「顧問政治」<br>規定韓國政府所有部門設置日本顧問，所有事務均須由日本顧問許可後才可施行 |<br>| **1905《乙巳保護條約》** | 「統監政治」<br>日本在韓國中央設立「統監」，完全剝奪韓國外交權，在地方上設立日本理事官，介入韓國內政 |<br>| **1907《日韓新約》** | 「次官政治」<br>統監取得韓國內政權，各部門取消顧問改任命次官。日本實質上掌握韓國的內政外交 |<br>| **1910《日韓合併條約》** | 朝鮮半島正式成為日本的殖民地 |<br><br>【改寫自：朱立熙，《韓國史：悲劇的循環與宿命》（臺北：三民，2017），頁170～173。中日韓三國共同歷史編纂委員會，《超越國境的東亞近現代史（上卷）》（香港：三聯書店，2013），頁107～108、114～115】,teachers_book,朝鮮,政治,"[顧問政治, 統監政治, 次官政治, 日韓合併條約, 殖民地]",V.2/Ch.5/邁向現代化的東亞,日本兼併大韓帝國前的條約,,,
895,| | | |<br>| :--- | :--- | :--- |<br>| **武斷統治** | **特徵** | 此時期設立的憲兵警察制度，其組織獨立於一般行政機構之外，為朝鮮總督府中預算比重最大的單位。日本透過兩萬多名的憲兵警察管控地方治安，另有日本軍團駐紮，穩定秩序 |<br>| **武斷統治** | **措施** | 1. 設立朝鮮總督府<br>2. 設立憲兵警察制度，高壓管控治安<br>3. 關閉《皇城新聞》、《大韓民報》等韓國報社<br>4. 頒布治安法令，壓制民族運動<br>5. 推動土地調查事業，將土地、山林資源收歸國有<br>6. 頒布「會社令」限制韓國民族產業，獎勵日本企業 |<br>| **文化政治** | **特徵** | 1919年三一運動後，總督形式上改為可以由文官擔任。警察制度獲得修正，並廢除笞刑（鞭刑）改為設立監獄。事實上，從未有一位文官擔任朝鮮總督，地方警力增加之外，入獄的思想犯也增多。此顯示朝鮮總督府僅作表面上的政策調整，而無實際改革，朝鮮始終為武官總督 |<br>| | **措施** | 1. 總督可由文官擔任<br>2. 廢除憲兵警察制度，改為普通警察制<br>3. 擴大任用朝鮮人為政府官員<br>4. 廣設學校<br>5. 允許發行韓文報紙，但須受出版審查<br>6. 允許組織社團，但須有警察參與<br>7. 制定稻米增產計畫，將米糧輸入日本<br>8. 撤銷日韓間關稅，收購韓國原物料<br>9. 編纂《朝鮮史》，強調朝鮮人不團結、迂腐、無法自律等劣等形象，強化日本對朝鮮的文化啟蒙 |<br>| **戰時體制** | **特徵** | 中日戰爭全面展開後，日本強化戰時體制，宣揚「內鮮一體」。總督府推行皇民化政策，消除韓國民族意識 |<br>| | **措施** | 1. 學校、生活、報刊等全面禁止韓語<br>2. 推行日語政策<br>3. 強迫改姓名<br>4. 強制集會時朗誦皇民誓詞<br>5. 強迫神社參拜 |<br><br>【改寫自：朱立熙，《韓國史：悲劇的循環與宿命》（臺北：三民，2017），頁170～173。《東亞三國的近現代史》共同編寫委員會，《東亞三國的近現代史》（香港：三聯書店，2005），頁66～67】,teachers_book,朝鮮,政治,"[武斷統治, 文化政治, 戰時體制, 朝鮮總督府, 皇民化政策]",V.2/Ch.5/邁向現代化的東亞,日本殖民統治三個時期的特徵與措施,,,
896,| | |<br>| :--- | :--- |<br>| **背景** | 1. 1918年美國總統威爾遜在〈十四點和平原則〉中提及民族自決的思想，引起第一次大戰結束後許多地區的民族運動<br>2. 1919年1月，高宗突然猝逝。疑似遭日人毒害的消息傳遍朝鮮，引發朝鮮人民不滿<br>3. 2月8日，朝鮮留日學生在東京發表獨立宣言，主張朝鮮應脫離日本獨立 |<br>| **發起** | 3月1日高宗出殯，包含朝鮮天道教、基督教、佛教等33位領袖集會，共同發表獨立宣言，宣布韓國為獨立國家。同日有7座城市的各界人士、學生發表獨立宣言 |<br>| **響應** | 和平示威遊行由城市擴散至鄉村，活動持續到同年8月。學生、工人、商人、農人、官員等各界人士皆主動參與，造成罷課、罷工潮。國內外有兩百多萬人響應本次運動 |<br>| **政府反應** | 日本出動軍警進行武裝鎮壓，甚至大屠殺。官方數據有將近四萬七千人被捕、約七千五百人被殺 |<br>| **影響** | 1. 日本總督府轉為「文化政治」統治政策<br>2. 開放部分韓文報紙<br>3. 允許有限度的集會遊行<br>4. 實施日韓共學制<br>5. 同年4月13日，海外獨立人士於上海籌組大韓民國臨時政府，推動獨立運動 |<br>| **意義** | 三一運動為一場跨越宗教、身分的民族抗爭運動。大韓民國臨時政府的成立，則是韓國結束封建體制，朝向自由民族主義發展的象徵 |<br><br>【改寫自：中日韓三國共同歷史編纂委員會，《超越國境的東亞近現代史（上卷）》（香港：三聯書店，2013），頁138～141。簡江作，《韓國歷史》（臺北：五南，1998），頁410～412】,teachers_book,朝鮮,政治,"[三一運動, 民族自決, 獨立宣言, 文化政治, 大韓民國臨時政府]",V.2/Ch.5/邁向現代化的東亞,三一運動,,,
897,在三一運動發起之後，大韓民國臨時政府於4月13日在上海成立，制定《大韓民國臨時憲章》，並於同年8月向全世界發表其民主憲法。臨時政府並發行《獨立》官方報紙，宣傳獨立思想與推動獨立運動。<br>大韓民國臨時政府後來藉由黃埔軍校培訓大韓光復軍，參與第二次世界大戰。<br><br>【改寫自：朱立熙，《韓國史：悲劇的循環與宿命》（臺北：三民，2017），頁183～184】,teachers_book,朝鮮,政治,"[大韓民國臨時政府, 三一運動, 上海, 民主憲法, 大韓光復軍]",V.2/Ch.5/邁向現代化的東亞,大韓民國臨時政府,,,
898,| | |<br>| :--- | :--- |<br>| **背景** | 黎聖宗去世後，黎朝國勢逐漸衰退。此後國王即位時間皆不長即崩殂，朝內陷入政爭。至1527年權臣篡位以後，越南陷入長期的民亂與軍閥割據 |<br>| **阮法合作** | 1. 阮福映為了穩固其政權，任用法國傳教士百多祿（Pierre Pigneau de Behaine）以及其追隨者，授予主掌內政、外交、軍事等政治權力<br>2. 法國則因尋求東南亞基地制衡英國的發展，協助阮福映統一越南 |<br>| **締約** | 1787年簽訂《越法凡爾賽條約》<br>1. 法國承諾派兵支援阮王<br>2. 阮王割讓會安港與崑崙島<br>3. 法國壟斷越南內地遊歷與自由貿易權，禁止與歐洲其他國家貿易<br>4. 阮王將支援未來法國可能需要的戰事支援<br>5. 阮王復國後，須奉還本次支援的船艦一艘 |<br>| **阮朝建立** | 1802年阮福映鎮壓地方亂事，建國號為越南，並推行一系列政策：<br>1. 中央政府設置六部<br>2. 制定賦稅制度，抽取丁稅、田賦。災荒之年酌情減免賦稅<br>3. 每五年編制丁冊，建立戶籍、田籍<br>4. 修改度量衡<br>5. 建築國道，促進貿易<br>6. 參照《大清律》編纂法典。1815年頒布《嘉隆律書》，訂定殘酷刑責，使人民順從統治<br>7. 編纂國史、考察地理。1806年編成《大越一統輿地志》<br>8. 向清朝進貢，請求冊封 |<br>| **影響** | 法國壟斷越南對外貿易，逐漸擴大對越南的政治影響力 |<br><br>【改寫自：郭振鐸，〈越南阮朝的建立及其內外政策〉，《東南亞縱橫》（南寧：廣西社會科學院東南亞研究所，22000），頁123～127】,teachers_book,越南,政治,"[阮朝, 阮福映, 法國, 越法凡爾賽條約, 嘉隆律書]",V.2/Ch.5/邁向現代化的東亞,阮朝的建立,,,
899,明命帝為阮朝第二任國王。其認為阮朝許多政策不合時宜，又受制於法國勢力的入侵、地方軍閥分權，因此推行諸多改革，力圖強化中央權力。<br><br>#### 政治<br>1. 廢除軍事政治雙軌並行制，建立文人政府<br>2. 強化中央集權，收回地方特權與軍閥權力<br>3. 推崇儒家思想治國，恢復文官考試，重建官僚體制<br>4. 廢除邊境民族間接統治的「土司」制度，要求他們效忠越南並納稅<br><br>#### 宗教<br>1. 推動祖先崇拜<br>2. 反宗教：排斥佛教、天主教，並將地方民俗宗教納入政府管控；捕殺、驅逐多位法國傳教士、本土天主教徒<br>3. 鎮壓不符合儒家戒律的宗教與習俗<br><br>#### 經濟<br>1. 支持國營國際貿易，增加稅收<br>2. 取消法國壟斷越南貿易的特權，並禁止法國商人在越南貿易<br>3. 打擊米糧與鴉片走私<br><br>#### 文化<br>1. 奉儒家思想，強迫越人、非越人皆需接受儒家思想，遵從儒家戒律<br>2. 推動同化政策，規定全國學習越南文化<br><br>明命帝的政策對開國功臣與軍人造成衝擊，並損害與地方官員合作的漢人、法國天主教徒的利益；引發非越民族、地方官員、各宗教教徒的不滿，導致越南各地興起叛變與分裂。而鎮壓天主教徒的行動，也成為法國入侵越南的契機。<br><br>【改寫自：克里斯多佛·高夏著，譚天譯，《越南：世界史的失語者》（新北：聯經，2018），頁100 ~ 107。陳鴻瑜，《越南近現代史》（臺北：國立編譯館，2009），頁13。唐向宇，《南越第一共和國興亡史》（臺北：獨立作家，2014），頁12】,teachers_book,越南,政治,"[明命帝, 阮朝, 中央集權, 儒家思想, 天主教]",V.2/Ch.5/邁向現代化的東亞,明命帝,,,
900,| | |<br>| :--- | :--- |<br>| **起因** | 明命帝鄙視天主教，並高壓統治反改革者，包括南方軍閥、占族與高棉反殖民主義者、反抗他的農民、佛教徒與伊斯蘭教徒 |<br>| **禁令** | 1833年，明命帝頒布第一道天主教禁教令 |<br>| **政策** | 拆毀教堂、驅散教徒、要求法國天主教徒公開認錯 |<br>| **反應** | 1. 天主教徒參與南方官員、農民叛亂，以求取回改革前的宗教自由<br>2. 叛軍勢力結合各教信徒、占人、高棉人、中國人；亂事持續兩年才告平定<br>3. 明命帝認定天主教威脅政權，故公開處決與叛亂有關的傳教士，不分越南人或歐洲人 |<br><br>【改寫自：克里斯多佛·高夏著，譚天譯，《越南：世界史的失語者》（新北：聯經，2018），頁108 ~ 109】,teachers_book,越南,政治,"[明命帝, 禁教令, 天主教, 傳教士, 叛亂]",V.2/Ch.5/邁向現代化的東亞,明命帝下令禁教,,,
901,| | |<br>| :--- | :--- |<br>| **原因** | 明命帝推行禁教，持續逮捕、處死相關天主教傳教士。法國屢次抗議、甚至以軍艦炮轟港口，越南皆未退讓。1858年法軍入侵越南，迫使越南和談 |<br>| **時間** | 1862年5月 |<br>| **內容** | 1. 割讓越南南部三省（邊和、嘉定、定祥）<br>2. 賠款<br>3. 允許天主教傳教<br>4. 法軍可自由通行湄公河<br>5. 設立通商口岸<br>6. 法國享有片面最惠國待遇<br>7. 越南割讓土地須經法國同意 |<br>| **影響** | 為越南的第一份不平等條約，越南喪失主權獨立性 |<br><br>【改寫自：鄭永常，〈越法〈壬戌和約〉簽訂與修約談判，1860 ~ 1867〉，《成大歷史學報》，第二十七號（臺南，2003年6月），頁99 ~ 128。陳鴻瑜，《越南近現代史》（臺北：國立編譯館，2009），頁15 ~ 16】,teachers_book,越南,政治,"[壬戌和約, 不平等條約, 法國, 割讓, 天主教]",V.2/Ch.5/邁向現代化的東亞,越法《壬戌和約》(又稱《第一次西貢條約》),,,
902,1862年《壬戌和約》簽訂，法國將越南南部三省納為殖民地。由於越南高階官員大多忠於阮朝而潛逃，致使法國殖民政府無法迅速掌握當地狀況；且越南人幾乎不會法語，會話使用越南語，書寫卻使用漢字，成為法國殖民政府推動政策的障礙。<br><br>由於傳教士有熟悉越南語者，並在當地教會以拉丁文教授本地教士，於是法國殖民政府推動以拉丁文書寫越南語，將其定為「國語字」，加快建構越南人與法國殖民政府雙方的溝通平臺。1865年，越南天主教學者張永記發行第一份以「國語字」撰寫的報紙《嘉定報》。<br><br>【改寫自：克里斯多佛·高夏著，譚天譯，《越南：世界史的失語者》（新北：聯經，2018），頁130 ~ 138】,teachers_book,越南,文化,"[國語字, 法國, 殖民地, 拉丁文, 嘉定報]",V.2/Ch.5/邁向現代化的東亞,「國語字」的發明,,,
903,| | |<br>| :--- | :--- |<br>| **背景** | 1872年生於富裕地主家庭，父親參與抗法的起義活動，因其忠誠受到懷疑而遭到其他革命者殺害。潘周楨13歲時成為孤兒，受兄長指導，1901年參加文官考試考取第一名。但由於潘周楨反對阮朝的君王制與傳統越南的文官體系，1905年辭去官職 |<br>| **旅日** | 1903年潘周楨與潘佩珠談論過越南情勢。1906年潘周楨輾轉前往日本，與潘佩珠一同在日本推動越南學生來日本留學的計畫，並在日本教育學生 |<br>| **辦學** | 由於潘周楨與潘佩珠的理念不同，潘周楨離開日本返回越南，1907年創辦現代學校「東京義塾」，教育越南青年子女，並以潘佩珠的著作為教材，教導現代知識以及法國入侵越南的殘酷面 |<br>| **主張** | 1. 潘周楨不認同傳統君主制，認為應透過法國殖民推動國內社會思想的近代化，主張建立民權政府。潘周楨亦不認同潘佩珠希望引入日本勢力來驅逐法國的想法，他認為日本的水平比越南高，引入日本勢力將有可能導致越南被日本殖民的隱憂。潘周楨在日本與潘佩珠辯論時曾向潘佩珠表示：「請留在東京，從事寫作，不要對抗法國。你只要呼籲人民權利和人民開化。一旦取得人民權利，我們才能思考其他的事情。」<br>2. 潘佩珠對與潘周楨的對談提出評論：「他（指潘周楨）希望推翻君主制，以建立一個民權政府。而我則不同，主張第一驅逐外國勢力，在恢復我國的獨立後，才能談其他問題。…（中略）…他和我和追求的目標相同，但我們的手段不同。」 |<br>| **下獄** | 1908年越南發生暴動，潘周楨被懷疑參與其中，遭到法國當局逮捕，學校被迫關閉。潘周楨最終被判處無期徒刑。1915年在法國當局同意下流亡法國，直到1925年返回越南，於1926年去世 |<br><br>【改寫自：陳鴻瑜，《越南近現代史》（臺北：國立編譯館，2009），頁37 ~ 39】,teachers_book,越南,政治,"[潘周楨, 潘佩珠, 東京義塾, 君主制, 民權政府]",V.2/Ch.5/邁向現代化的東亞,潘周楨,,,
904,| | |<br>| :--- | :--- |<br>| **背景** | 潘佩珠原本預計參加越南科考任官，但越南成為法國殖民地斷了潘佩珠仕途，潘佩珠於是轉而推動武裝解放，在1904年籌組「越南光復會」 |<br>| **留學** | 潘佩珠於1905年至日本留學，結識梁啟超。潘佩珠意識到日本並無意願兵援越南後，接受梁啟超建議鼓勵越南子弟出國留學，由武力抵抗轉為推動人民啟蒙 |<br>| **著書** | 潘佩珠於1905年出版《越南亡國史》，由梁啟超協助發行。內容檢討阮朝施政、宣揚勤王運動，並控訴法國殖民主義。此書於越南地下祕密流傳，梁啟超亦分送海外華僑，不但激勵越南愛國人士，亦激勵中國改革分子 |<br>| **下獄** | 1925年，潘佩珠遭到出賣，於上海被法國特務拘捕，軟禁至1940年去世 |<br><br>【改寫自：克里斯多佛·高夏著，譚天譯，《越南：世界史的失語者》（新北：聯經，2018），頁155 ~ 160。蔣為文，〈越南民族獨立運動對臺灣的啟發〉，《臺灣國際研究季刊》，13：4（臺北，2017年12月），頁75 ~ 92】,teachers_book,越南,政治,"[潘佩珠, 越南光復會, 梁啟超, 越南亡國史, 殖民主義]",V.2/Ch.5/邁向現代化的東亞,潘佩珠,,,
905,不論在阮朝還是到法國殖民統治時期，越南農民的處境始終不被重視。每當面臨饑荒問題，農民常群起反抗，並常有領袖自稱「藥師」、「活佛」，成為亂民的精神依託。<br><br>法國在越南南方大規模廣植經濟作物，衝擊當地農民，以致一般農民無地可耕，引發大規模農民暴動。如1911年至1913年間，潘赤龍在西貢一帶造反，並自稱活佛，得到當地貧民、公務員的支持。他們甚至透過近代的印刷媒體與國語字進行宣傳，吸引上萬民眾依附支持。<br><br>【改寫自：克里斯多佛·高夏著，譚天譯，《越南：世界史的失語者》（新北：聯經，2018），頁240 ~ 241】,teachers_book,越南,社會,"[農民, 活佛, 經濟作物, 潘赤龍, 暴動]",V.2/Ch.5/邁向現代化的東亞,地方民亂與活佛信仰,,,
906,時間: 1931年9月18日<br>地點: 瀋陽<br>經過: 1. 日本關東軍炸毀柳條湖附近的一段南滿鐵路，並宣稱是中國軍隊破壞，因此進軍中國東北軍駐地與奉天城。在駐朝鮮日軍支援下，戰火擴大至中國東北三省<br>2. 國民政府迴避軍事衝突，指示張學良撤出東北守軍，請求國際聯盟介入<br>結果: 1. 日本內閣無法阻止關東軍行動，首相辭職後，新首相犬養毅默許關東軍在東北的軍事行動。關東軍在1932年2月攻下哈爾濱，東北三省淪陷<br>2. 1932年3月，關東軍扶植溥儀成立滿洲國<br><br>【改寫自：薛化元，《中國現代史》（臺北：三民，2014），頁142。薛化元、李福鐘、潘光哲，《中國現代史》（臺北：三民，2016），頁110～111。中日韓三國共同歷史編纂委員會，《超越國境的東亞近現代史（上卷）》（香港：三聯，2013），頁167～169】,teachers_book,中華民國,政治,"[關東軍, 柳條湖, 南滿鐵路, 張學良, 滿洲國]",V.2/Ch.6/近代東亞局勢的發展,九一八事變,,,
907,時間: 1932年1月28日<br>地點: 上海<br>經過: 日軍以保護日僑為名義進軍上海，中國十九路軍等部隊強力抵抗<br>結果: 在英、美、法三國調停下，中日雙方在5月5日簽訂《淞滬停戰協定》，規定上海為非武裝區，日軍退回原防區，然中國被禁止在上海至蘇州一帶駐軍<br><br>【改寫自：張北根，〈一二八事變蔣介石的對日戰略〉，《北京科技大學學報（社會科學版）》（北京，2015.5），頁48～54。薛化元，《中國現代史》（臺北：三民，2014），頁143。薛化元、李福鐘、潘光哲，《中國現代史》（臺北：三民，2016），頁112。中日韓三國共同歷史編纂委員會，《超越國境的東亞近現代史（上卷）》（香港：三聯，2013），頁176】,teachers_book,中華民國,政治,"[上海, 十九路軍, 淞滬停戰協定, 非武裝區, 保護日僑]",V.2/Ch.6/近代東亞局勢的發展,一二八事變,,,
908,時間: 1937年7月7日<br>地點: 北平<br>經過: 日軍以夜間演習士兵失蹤為由，要求進城搜查；遭中國拒絕後於7月8日凌晨攻擊國軍，後於11日達成停戰協議<br>結果: 1. 7月17日，蔣中正發表〈廬山談話〉，宣示對日抗戰決心<br>2. 7月28日，日軍決定發出總攻擊，進軍北平、天津，中日全面戰爭爆發<br><br>【改寫自：張雙智，〈盧溝橋事變日軍首次攻打宛平城及計劃性探討〉，《史林》（上海，2015.1），頁119～140、221。薛化元，《中國現代史》（臺北：三民，2014），頁145。薛化元、李福鐘、潘光哲，《中國現代史》（臺北：三民，2016），頁164】,teachers_book,中華民國,政治,"[北平, 夜間演習, 蔣中正, 廬山談話, 中日全面戰爭]",V.2/Ch.6/近代東亞局勢的發展,盧溝橋事變,,,
909,時間: 1937年8月13日<br>地點: 上海<br>經過: 1. 北平、天津失守後，國民政府將兵力轉移至華東布防，日軍跟進發動攻勢<br>2. 8月9日，日本藉口海軍陸戰隊員闖入上海機場遭中國軍隊射殺，開始向上海增援部隊<br>3. 國民政府投入包含德國顧問訓練的精銳部隊，總共70萬兵力，與日軍投入的30萬軍隊作戰<br>結果與影響: 1. 中國軍隊堅守3個月，打破日本的「三月亡華」口號，爭取國際聲援與物資調度的時間<br>2. 部分日本前線軍隊違反軍方高層的軍事部署，私自侵略南京，凸顯日軍的內部分歧已經失控,teachers_book,中華民國,政治,"[上海, 國民政府, 德國顧問, 三月亡華, 南京]",V.2/Ch.6/近代東亞局勢的發展,淞滬會戰,,,
910,時間: 1937年12月<br>地點: 南京<br>經過: 1. 1937年12月13日，日軍攻陷南京，此後六個星期進行大規模屠殺、掠奪、強姦等行為<br>2. 根據遠東軍事法庭判決書認定，日軍占領南京以來被殺的平民或俘虜至少超過20萬人，發生近2萬起強姦案。南京軍事法庭認定，在南京遇害的受難者總數超過30萬人<br>影響: 日軍暴行激發中國人的仇恨、強化抗日情緒，日本預期占領首都以迫使中國投降的想法破滅<br><br>【改寫自：陳斌，〈抗戰初期侵華日軍江南五城大屠殺研究〉（上海：上海師範大學碩士論文，2017）。薛化元，《中國現代史》（臺北：三民，2014），頁146。薛化元、李福鐘、潘光哲，《中國現代史》（臺北：三民，2016），頁165。中日韓三國共同歷史編纂委員會，《超越國境的東亞近現代史（上卷）》（香港：三聯，2013），頁178～179】,teachers_book,中華民國,政治,"[南京, 遠東軍事法庭, 屠殺, 俘虜, 抗日情緒]",V.2/Ch.6/近代東亞局勢的發展,南京大屠殺,,,
911,1938年11月，日本首相近衛文麿發表外交聲明，希望能達成日、滿、中三國合作，整合東亞秩序，其原則有（一）東亞的永久和平；（二）善鄰友好和國際正義；（三）聯合防共；（四）經濟合作；（五）創建新文化；（六）世界和平。這種日本式的「門羅宣言」（Monroe Doctrine），暴露了日本人統治亞洲的長久渴望。<br><br>節錄聲明：「今憑藉著（昭和）天皇陛下的威望，帝國軍隊攻克廣東、武漢三鎮，平定中國主要城市。國民政府不過是一個地方政權，若其仍然堅持容共抗日的政策，則帝國直到擊潰之為止，絕不停戰。帝國所冀望的，是能建立確保東亞永遠安定的新秩序，也是本次作戰的最終目標。這個新秩序將由日、滿、中共同建立，以政治、經濟、文化等各方面的整合為基礎，期待在東亞建立國際正義、落實共同防共、創造新文化、實現經濟合作。若國民政府進行組織重組，推選新的成員，我們將不排拒其加入這項新秩序的建立。帝國對中國的期許，在於共同承擔建立東亞新秩序的任務。我們期待中國人民能理解帝國的真心，並且回應帝國的邀請共同合作。」<br><br>【改寫自：《近衛首相演述集（卷二）》（日本外務省外交史料館）。中日韓三國共同歷史編纂委員會，《超越國境的東亞近現代史（上卷）》（香港：三聯，2013），頁182】,teachers_book,日本,政治,"[近衛文麿, 東亞秩序, 門羅宣言, 國民政府, 聯合防共]",V.2/Ch.6/近代東亞局勢的發展,第二次近衛聲明,,,
912,背景: 在盧溝橋事變發生之前，中國國內即有主和派積極交涉，希望能避免中日戰爭爆發。中日全面戰爭爆發後，汪精衛不滿主戰派的焦土政策，以及國軍撤退前搶劫姦淫等土匪現象，最終決定離開重慶，拉攏主和派與日本交涉<br>時間: 1940年3月30日～1945年8月16日<br>正面影響: 1. 南京國民政府規定日軍只能向政府要求物資，中國淪陷區人民得以由漢人政權統治，免於受日軍的直接迫害與剝削<br>2. 南京政府組織的和平軍牽制日軍的侵略，並私下協助重慶國民政府軍<br>負面影響: 南京國民政府受制於日本過深，無經濟、軍事自主權，政治亦受到極大干預，失去中國主和派的支持，加深中國內部的分裂<br><br>【改寫自：郭冠佑，〈記憶與真實：抗戰到內戰時期處於夾縫中的基層偽軍口述歷史之研究（1931～1950）〉（臺中：中興大學碩士論文，2018），頁53～107。羅順毅，〈抗戰前期之和平運動——以周佛海為個案〉（臺北：中國文化大學碩士論文，2011）。李志毓，〈汪精衛對日求和的政治環境及其思想脈絡〉，《安徽史學》（合肥：2015.3），頁89～99。〈本月反省錄. 1937年11月30日〉，《蔣介石日記》抄件，中國社會科學院近代史研究所檔案館藏】,teachers_book,中華民國,政治,"[汪精衛, 主和派, 南京國民政府, 重慶國民政府, 和平軍]",V.2/Ch.6/近代東亞局勢的發展,汪精衛建立南京國民政府,,,
913,日本與汪精衛一派的協商建立南京國民政府的過程中，汪精衛曾對於建國提出他的觀點與訴求，如堅持使用青天白日旗與奉行三民主義，不得更改。日方協商官員今井武夫在回憶時敘述了當時汪精衛的主張：「我（汪精衛）聽到了國旗問題等高見。我很理解貴國的立場，但也希望貴國理解我的立場。……所以我必須給予老百姓灌輸這樣的觀念：我的和平運動不是受日本壓迫與干涉而來，而是自由自主的發動，這是我最費心血的。……我之堅持三民主義，執著青天白日旗，理由在此。」<br><br>【改寫自：羅順毅，〈抗戰前期之和平運動——以周佛海為個案〉（臺北：文化大學史學系碩士論文，2011），頁84～85。〈曾走路我記〉，《現代史資料13，中日戰爭》，第五冊，頁368～369】,teachers_book,中華民國,政治,"[汪精衛, 南京國民政府, 青天白日旗, 三民主義, 今井武夫]",V.2/Ch.6/近代東亞局勢的發展,汪精衛的立場與主張,,,
914,時間: 1940年7月<br>背景: 根據近衛文麿內閣會議的決定發布《基本國策綱要》，重申建設大東亞新秩序。日本外務大臣松岡洋右在談話中使用「大東亞共榮圈」一詞，漸為人所知<br>主張: 引自《大東亞共同宣言》：<br>一、大東亞各國協力確保大東亞的安定，建立共榮共存的秩序<br>二、大東亞各國尊重彼此的獨立自主，相互親善協助，確立大東亞的和睦<br>三、大東亞各國尊重彼此的傳統，延續各民族的創造性，提升大東亞的文化<br>四、大東亞各國緊密合作互惠，謀求經濟發展，促進大東亞的繁榮<br>五、大東亞各國與所有國家緊密交流，廢除種族差別待遇，擴展文化交流，進一步開放資源共享，為世界的發展付出貢獻<br>相關文件與宣言: 1. 1940年7月，日本在《基本國策綱要》中重申建立東亞新秩序<br>2. 1940年12月，《日滿華共同宣言》由日本、滿洲國、南京國民政府共同宣言，主張建立東亞新秩序<br>3. 1941年7月，日本根據近衛文麿內閣會議發布《順應情勢演變的帝國國策綱要》，確立「大東亞共榮圈」的建設方針<br>4. 1943年11月，大東亞會議通過《大東亞共同宣言》（日本、中華民國（南京）、滿洲國、泰國、菲律賓、緬甸、自由印度）,teachers_book,日本,政治,"[大東亞共榮圈, 近衛文麿, 基本國策綱要, 松岡洋右, 大東亞共同宣言]",V.2/Ch.6/近代東亞局勢的發展,大東亞共榮圈的提出與發展,,,
915,時間: 1941年12月7日(夏威夷時間)<br>背景: 1. 1941年6月德蘇開戰，日本北方隱憂解除，決定向東南亞擴張。美國因在華利益受到衝擊，凍結日本在美資產，並對日本實行鋼鐵、石油禁運政策<br>2. 由於日本在發動太平洋戰役前，有70%的軍事資源仰賴進口，石油、鐵礦、橡膠的依賴度更高達90%，其中70%石油依賴美國，日本要維持戰爭必須突破美國的阻礙。由於日美多次協商破局，12月1日日本決定向美國開戰<br>日方損失: 28架戰機未返航，76架戰機受傷<br>美方損失: 1. 主力艦6艘沉沒、巡洋艦與驅逐艦等其他船艦共10多艘重創<br>2. 上百架飛機被擊毀，將近3600人傷亡<br>影響: 1. 日美外交摩擦轉變為軍事衝突，太平洋戰爭爆發<br>2. 美國海軍受重創，日軍則在半年內占領馬來亞、印尼、菲律賓、緬甸等區域，取得重要戰略資源<br>3. 1941年12月9日，美國、英國、中國先後向日本宣戰<br>4. 1942年1月1日，美、英、蘇、中等26個國家簽署《聯合國家宣言》，確立國際反法西斯戰線<br><br>【改寫自：中日韓三國共同歷史編纂委員會，《超越國境的東亞近現代史（上卷）》（香港：三聯，2013），頁189～191。梁芹，〈論戰時日本的對美戰略〉（湖南：湖南師範大學碩士論文，2011）】,teachers_book,日本,政治,"[太平洋戰爭, 石油禁運, 聯合國家宣言, 反法西斯, 夏威夷]",V.2/Ch.6/近代東亞局勢的發展,珍珠港事件,,,
916,早年: 1884年出生於武士家庭，由於出生時父親已經56歲，故取名為五十六。17歲入海軍官校，1904年畢業後參與日俄戰爭，失去兩根手指，被藝伎取綽號為「八十錢」（藝伎為顧客修剪指甲一根手指收10錢）<br>任官: 於海軍砲術學校、海軍大學進修，1916年畢業後擔任過海軍本部參謀、海軍大學教官、日本駐美海軍武官等，1935年任海軍航空本部部長，1939年出任聯合艦隊司令長，晉升為海軍大將<br>作為: 1. 反對「大艦巨砲」戰略，重視航空母艦的發展<br>2. 淞滬會戰時指揮空軍轟炸上海、南京、武漢等地<br>3. 策劃珍珠港戰役、中途島戰役、瓜達康納爾島戰役，是太平洋戰爭前期日本海軍重要司令官<br>逝世: 1943年至前線視察戰況，行程表電報被盟軍破譯，遭盟軍鎖定其座機攻擊陣亡<br><br>【改寫自：梁芹，〈論戰時日本的對美戰略〉（湖南：湖南師範大學碩士論文，2011）。裴錦齡、尹東，〈日本海軍大將山本五十六〉，《國防》5（1989.5），頁32～34】,teachers_book,日本,政治,"[山本五十六, 日俄戰爭, 聯合艦隊, 航空母艦, 珍珠港戰役]",V.2/Ch.6/近代東亞局勢的發展,山本五十六,,,
917,日本在珍珠港事件後半年內，從英國、美國、荷蘭等國奪取東南亞殖民地，由於東南亞的錫礦、橡膠、椰子油分別占當時全球生產值的80%、44%、32%，另外還有10個大型油田，都是日本進攻東南亞的重要目的。<br><br>時間: 1941.12.9<br>地點: 泰國（僅徵用物資未占領）<br>備註: 稻米、橡膠<br><br>時間: 1942.1.31<br>地點: 馬來亞<br>備註: 錫、鐵、橡膠、木材<br><br>時間: 1942.2.15<br>地點: 新加坡<br>備註: 重要戰略地點<br><br>時間: 1942.3.8<br>地點: 東印度群島<br>備註: 油田、錫、橡膠、棉花、稻米<br><br>時間: 1942.5.1<br>地點: 緬甸<br>備註: 稻米、棉花、鉛<br><br>時間: 1942.5.8<br>地點: 菲律賓<br>備註: 糖、麻、棉花、鐵、銅、木材<br><br>*備註：法屬印度支那（越南、寮國、柬埔寨）在1940年9月被日軍占領。<br><br>【改寫自：畢世鴻，〈太平洋戰爭期間日本對東南亞的貿易統治研究〉，《東南亞研究》（廣州，2011.2），頁15～18。謝耀輝，〈日本太平洋戰爭失敗原因研究〉（上海：上海師範大學碩士論文，2015）。Brown Bear Books編輯部（著），余倉和（譯），《太平洋戰爭》（臺北：風格藝術，2011），頁33～57】,teachers_book,日本,經濟,"[東南亞, 珍珠港事件, 錫礦, 橡膠, 油田]",V.2/Ch.6/近代東亞局勢的發展,日本在東南亞的擴張與占領,,,
918,會議: 開羅會議<br>時間: 1943年11月<br>地點: 埃及開羅<br>參與國: 美、英、中<br>內容: 1. 保證繼續對日本作戰，直到日本無條件投降<br>2. 日本侵占的領土如東北、臺灣、澎湖，必須歸還中國<br><br>會議: 德黑蘭會議<br>時間: 1943年11月<br>地點: 伊朗德黑蘭<br>參與國: 美、英、蘇<br>內容: 1. 決定盟國在歐洲開闢「第二戰場」<br>2. 在戰後成立國際組織以維持和平<br>3. 重新劃定波蘭疆界<br><br>會議: 雅爾達會議<br>時間: 1945年2月<br>地點: 蘇聯雅爾達<br>參與國: 美、英、蘇<br>內容: 1. 德國應無條件投降，戰後由美、英、法、蘇分區占領，首都柏林亦同<br>2. 美國為拉攏蘇聯對日作戰，允諾蘇聯在遠東地區的龐大利益：外蒙古維持獨立、保證蘇聯擁有東北鐵路、港口特權，以及千島群島、庫頁島主權<br><br>會議: 波茨坦會議<br>時間: 1945年7月<br>地點: 德國波茨坦<br>參與國: 美、英、蘇<br>內容: 發表《波茨坦宣言》<br>1. 確認開羅會議之決議<br>2. 要求日本無條件投降,teachers_book,全球化,政治,"[開羅會議, 德黑蘭會議, 雅爾達會議, 波茨坦會議, 第二戰場]",V.2/Ch.6/近代東亞局勢的發展,二戰期間重要的國際會議,,,
919,1. 中途島戰役（1942年6月3日～7日）<br>日本海軍重創，日本在太平洋戰爭由進攻優勢轉為守勢。<br>2. 瓜達康納爾島戰役（1942年8月～1943年2月）<br>日、美雙方皆在此形成重大損失，然而美軍與澳洲軍隊得以連結，直接威脅到日本在東印度群島的占領地與資源。<br>3. 硫磺島戰役（1945年2月19日～3月26日）<br>(1) 日、美雙方投入大量戰力，日本將近2萬軍人陣亡，美國則約有5000名陸軍陣亡，將近2萬人受傷。<br>(2) 占領硫磺島使得美軍的轟炸機得以有短程的戰機護航，對日本本島進行低空轟炸，美國攻下硫磺島後立即策劃東京大轟炸、名古屋大空襲、大阪大空襲，對日本本島造成致命損傷。<br>(3) 在硫磺島的重大損失，促成美國決定使用原子彈儘早結束戰爭。<br><br>【改寫自：Brown Bear Books編輯部，《太平洋戰爭》（臺北：風格藝術，2011），頁83～103、176～182。梁芹，〈論戰時日本的對美戰略〉（湖南：湖南師範大學碩士論文，2011）】,teachers_book,日本,政治,"[中途島戰役, 瓜達康納爾島戰役, 硫磺島戰役, 太平洋戰爭, 原子彈]",V.2/Ch.6/近代東亞局勢的發展,太平洋戰爭重大戰役,,,
920,盟軍在瓜達康納爾島戰役獲勝奪下索羅門群島後，決定以跳島戰術攻略澳洲北邊的新幾內亞島至菲律賓群島的廣大海域，透過占領部分島嶼切斷日軍的補給線，瓦解日軍在南洋的勢力。1944年12月底盟軍控制菲律賓，為進攻日本本島奠定基礎。<br><br>【改寫自：Brown Bear Books編輯部，《太平洋戰爭》（臺北：風格藝術，2011），頁137～147】,teachers_book,美國,政治,"[盟軍, 瓜達康納爾島戰役, 跳島戰術, 菲律賓, 補給線]",V.2/Ch.6/近代東亞局勢的發展,菲律賓在跳島戰略中的地位,,,
921,1945年8月，美軍分別在廣島與長崎投下原子彈：<br>1. 廣島<br>1945年8月6日，美軍轟炸機在廣島投下代號小男孩的原子彈，在上午8點15分於廣島市中心上空爆炸。廣島市在一瞬間毀損三分之二，當場造成近八萬人死亡、受傷者與失蹤者約五萬人；後續因輻射死亡的人數亦有十萬人，詳細數字難以估計。<br>2. 長崎<br>1945年8月9日，美軍轟炸機原訂在小倉投下代號大胖子的原子彈，由於天候問題轉往長崎。原子彈在上午九點一分爆炸，受地形侷限，造成的立即傷害沒有廣島嚴重，但也造成四萬人死亡與兩萬五千人受傷；同年11月統計死亡人數達到七萬五千人。<br><br>【改寫自：梁芹，〈論戰時日本的對美戰略〉（湖南：湖南師範大學碩士論文，2011）。Brown Bear Books編輯部，《太平洋戰爭》（臺北：風格藝術，2011），頁196～198。半藤一利，《昭和史．第一部，1926～1945》（臺北：玉山社，2010），頁196。約翰．托蘭，《帝國落日：大日本帝國的衰亡，1936～1945（下）》（新北：八旗文化，2010），頁362～370、387～388】,teachers_book,美國,政治,"[廣島, 長崎, 原子彈, 小男孩, 大胖子]",V.2/Ch.6/近代東亞局勢的發展,廣島、長崎原爆,,,
922,1945年8月15日中午，日本裕仁天皇在前夜錄製的談話透過無線電廣播，宣布日本終止戰爭，這段廣播被稱為「玉音放送」，節錄如下：<br>「朕深鑒於世界之大勢與帝國之現狀，欲以非常之措施，收拾時局，茲告忠良之臣民。……世界大勢亦不利於我。加之，敵新使用殘虐炸彈，頻殺無辜，殘害所及，實難逆料。若仍繼續交戰，不僅導致我民族之滅亡，亦將破壞人類之文明。……朕堪難堪之事，忍難忍之物，欲以之為萬世開拓太平。……任重而道遠，傾全力於將來之建設，篤信道義，堅持志操，誓必發揚國體之精華，勿後於世界之潮流。以此相期許，望爾等臣民體恤朕意。」<br>此段內容未提及「投降」一詞，但也安撫日本軍民的情緒，避免日本軍方以更激烈的手段反抗戰敗的結果，較為平順地過渡至和平時期。<br><br>【改寫自：Brown Bear Books編輯部，《太平洋戰爭》（臺北：風格藝術，2011），頁197～198。半藤一利，《日本最漫長的一天》（臺北：八旗，2015），頁347】,teachers_book,日本,政治,"[裕仁天皇, 玉音放送, 終止戰爭, 殘虐炸彈, 投降]",V.2/Ch.6/近代東亞局勢的發展,玉音放送,,,
923,1907年，滿洲鐵路株式會社成立後隨即開辦衛生業務，研究傳染病的預防與控制，並增設醫院與衛生實驗機構，至1926年後成立衛生研究所。1937年以後，日本關東軍接管衛生研究所，遂轉由七三一部隊掌控，進行空氣感染、細菌實驗、活體解剖、凍傷、毒氣、真空環境等研究，並以中國、俄國、朝鮮戰俘與平民進行試驗，估計至少5000名，超過3000人慘死。<br><br>【改寫自：楊彥君、宮文婧，〈731部隊研制的細菌炸彈類型初探——基於美國解密日本細菌戰檔案的解讀〉，《北方文物》1（2013），頁103～108。王玉芹，〈滿鐵衛生研究所與731細菌部隊〉，《東北史地》6（2012），頁92～95】,teachers_book,日本,政治,"[七三一部隊, 滿洲鐵路株式會社, 關東軍, 細菌實驗, 活體解剖]",V.2/Ch.6/近代東亞局勢的發展,七三一部隊,,,
924,1937年12月，日本近衛內閣頒布〈國民精神總動員實施要綱〉，強調「舉國一致」、「精忠報國」、「堅忍不拔」等精神，透過媒體宣傳，將後勤的國內人民納入戰時體制，統一規劃各種資源與人力動員。為了有效進行宣傳，日本在各村落集會所設置收音機，聽取國家廣播。此外，宣傳方面還可分為靜態宣傳與動態宣傳：<br><br>靜態宣傳: 刊印明信片、書刊、小冊子、海報、傳單等<br>動態宣傳: 不定期舉辦講座、座談會、展覽會，並舉辦電影放映會<br><br>【改寫自：古蕙華，〈日治後期臺灣皇民化運動中的圖像宣傳與戰時動員（1937～1945）——以漫畫和海報為中心〉（臺北：國立臺灣師範大學歷史系碩士論文，2011）。《国民精神総動員実施要領及国民精神総動員実践事項に関し各部隊の努力並に各機関に適宜協力の件》（防衛省防衛研究所）】,teachers_book,日本,社會,"[國民精神總動員, 近衛內閣, 戰時體制, 舉國一致, 精忠報國]",V.2/Ch.6/近代東亞局勢的發展,國民精神總動員,,,
925,對於日本國民來說，大東亞戰爭是一場聖戰，以下節錄自日本新聞記者暨政治評論家田原總一郎受訪紀錄：「大東亞戰爭在今日的日本稱為太平洋戰爭，這場戰爭是在我國小一年級的時候開始的，（這場戰爭）在我五年級暑假的時候結束，當然當時稱作為大東亞戰爭。我們在讀國小的時候，學校（談論大東亞戰爭時）是這樣教的：『大東亞戰爭是聖戰，是一場正當的戰爭。美國、英國，或是法國跟荷蘭等，這些世界上的侵略國，將整個亞洲當作殖民地，全亞洲只剩下泰國跟日本沒有被殖民。而且不只是亞洲，非洲、南美洲也被當作殖民地。大東亞戰爭是與這些侵略國對抗，將這些侵略國擊敗，讓亞洲獨立的一場戰爭。』」<br><br>【改寫自：《なぜ日本は大東亜戦争を戦つたのか》作者田原總一郎在新書發表會上受訪時的回應（2011年5月6日播出）】,teachers_book,日本,文化,"[大東亞戰爭, 聖戰, 太平洋戰爭, 田原總一郎, 殖民地]",V.2/Ch.6/近代東亞局勢的發展,大東亞戰爭是聖戰,,,
926,太平洋戰爭後期，美軍多次策劃大規模轟炸日本，包含東京、神戶、名古屋、大阪等城市。尤以1945年3月10日美軍對東京進行低空轟炸，當日即造成7萬多人死亡，上百萬人流離失所，造成的傷亡不比日後的原子彈來得低，這場轟炸即為東京大空襲。,teachers_book,美國,政治,"[太平洋戰爭, 美軍, 低空轟炸, 東京, 東京大空襲]",V.2/Ch.6/近代東亞局勢的發展,東京大空襲,,,
927,美國在1942年後剝奪這些日裔美國人的財產權、工作權、居住權、人身自由等權利，集中至拘留營進行管理，並多次要求他們放棄對日本天皇的效忠，只能無條件效忠美國。直到1988年美國總統雷根才公開道歉，並說：「在此我們承認錯誤，在此我們承諾將依法保障平等的正義」。今日美國國會大廈旁豎立著一尊被鐵絲纏繞的金色丹頂鶴塑像，周圍的牆壁上刻著當年各個拘留營的名字以及其分別居留的人數，以紀念太平洋戰爭時期被集中居住的日裔美國人。<br><br>【改寫自：美國日僑基金會，https://www.njamemorial.org/memorial-symbolism；轉角國際，「掙扎的『兩個祖國』：日裔美國人拘留營的黑歷史」，https://global.udn.com/global_vision/story/8664/3619723】,teachers_book,美國,社會,"[日裔美國人, 拘留營, 太平洋戰爭, 雷根, 效忠]",V.2/Ch.6/近代東亞局勢的發展,日僑拘留營,,,
928,日本在1941年規劃招募原住民參與太平洋戰爭，遂於《理蕃之友》開始進行宣傳，並專刊特別報導泰雅族少女的殉國事蹟，甚至拍成電影推廣。1942～1944年間招募臺灣原住民參與太平洋戰爭，共約4000多名臺灣原住民參與，與其他名義招募參戰的臺灣原住民合併計算約有8000人，當時臺灣原住民人口總數大約16萬，占總原住民人口數約2.5%，比例相當高。<br><br>【改寫自：傅琪貽，〈靖國神社與臺灣高砂義勇隊〉，《日本綜合情報》（臺北：臺灣日本綜合研究所，2005），頁232～240；陳慧先，〈從高砂義勇隊到遠洋船員——原住民的海外經驗〉，《臺灣學通訊》101（2017.9），頁2～29】,teachers_book,日治臺灣,社會,"[高砂義勇隊, 原住民, 太平洋戰爭, 理蕃之友, 泰雅族]",V.2/Ch.6/近代東亞局勢的發展,高砂義勇隊,,,
929,1943年5月開始，日本開始在本土招募特設勤勞團，為有組織大規模的軍伕派遣計畫。臺灣則在1943年10月開始派遣特設勤勞團，至戰爭結束前後共計派遣30次，約28000人。由於在戰爭後期日軍戰況趨於劣勢，軍伕亦被徵召擔任士兵，造成大量傷亡。<br><br>【改寫自：林正興，〈臺灣特設勤勞團員林正興口述歷史〉，《歷史臺灣》10（2015.11），頁149～168。沈昱廷，〈烽火下的南洋軍夫 臺灣特設勤勞團〉，《臺灣學通訊》100（2017.8），頁17～19】,teachers_book,日治臺灣,社會,"[特設勤勞團, 軍伕, 派遣計畫, 戰爭後期, 士兵]",V.2/Ch.6/近代東亞局勢的發展,臺灣特設勤勞團,,,
930,在澳洲的Tatula與Loveday兩地拘留營中，拘留了數百名日籍臺灣人，包含18位在營中出生的嬰兒，而有20多名在二戰結束前去世。存活的臺灣人與其眷屬在戰後被送至臺灣，由於在臺灣多沒有認識的人，造成這些「歸國子女」的身分認同與生活困境。<br><br>【改寫自：藍適齊，〈二戰期間從「蘭印」被強制拘留到澳洲的臺籍平民〉，《臺灣學通訊》99（2017.5），頁24～25】,teachers_book,日治臺灣,社會,"[澳洲, 拘留營, 日籍臺灣人, 歸國子女, 身分認同]",V.2/Ch.6/近代東亞局勢的發展,澳洲拘留營的臺灣平民,,,
931,位於長崎外海的端島，因外型像一艘軍艦而被稱為軍艦島。1895年起，日本即在此開採海底煤礦資源；1930年代，為了加速開採，日本從中國、朝鮮招來3300多名工人進行強制勞動，其中朝鮮人約有600名。這些勞工每天被強制在環境惡劣的礦坑中採礦12小時以上，並被日軍鞭打、刺刀驅趕，甚或不給飯與飲用水，估計有1300名中、朝勞工因此喪命。<br><br>【改寫自：然潘，〈日本軍艦島 末日光景背后的地獄鬼島〉，《環球人文地理》3（2018），頁90～97。黃金生，〈里程碑，還是歷史傷口？軍艦島：近代化遺產背后的罪惡〉，《國家人文歷史》17（2017），頁30～35】,teachers_book,日本,社會,"[軍艦島, 端島, 海底煤礦, 強制勞動, 朝鮮人]",V.2/Ch.6/近代東亞局勢的發展,軍艦島,,,
932,出生於1890年5月19日，本名阮必成，年輕時接觸法國殖民體制下的新式教育，後出國遊歷，定居倫敦、巴黎。1920年胡志明加入法國共產黨，推動反殖民主義鬥爭。1925年更在廣州建立「越南青年革命同志會」，培訓越南愛國青年進行革命活動。<br>1933年接受中國共產黨訓練，與中共相互協助推行共產革命。1941年後胡志明首次回越南領導革命運動，並在1945年8月日本宣布終戰後，迅速宣布越南獨立建國。而後領導越南與法國進行獨立戰爭（1946～1954），並在1969年越戰期間去世。<br><br>【改寫自：陳鴻瑜，《越南近現代史》（臺北：編譯館，2009），頁75～86。時殷弘，〈胡志明與越南革命（1920～1945）〉，《暨南學報（哲學社會科學）》（廣州：暨南大學，1996年第2期），頁48～57】,teachers_book,越南,政治,"[胡志明, 阮必成, 法國共產黨, 越南青年革命同志會, 獨立戰爭]",V.2/Ch.6/近代東亞局勢的發展,胡志明,,,
933,1940年10月越南獨立同盟會成立於廣西桂林，由胡學覽任主任，先在中國境內活動。隨著胡志明回國參與會務後，越南獨立同盟會逐漸活躍；此外，胡志明也積極與其他越南反殖民組織合作，如越南革命同盟會、越南民族解放同盟會，並獲得國民黨的支持，在中國境內也十分活躍。<br><br>【改寫自：尹志征，〈抗日戰爭時期旅華越南人革命團體概述〉，《印度支那》2（1986），頁25～30。石源華，〈抗戰時期中國國民黨援助越南與韓國獨立運動的比較研究〉，《復旦學報（社會科學版）》1（2003），頁88～95】,teachers_book,越南,政治,"[越南獨立同盟會, 胡志明, 反殖民, 國民黨, 廣西桂林]",V.2/Ch.6/近代東亞局勢的發展,越南獨立同盟會,,,
934,慰安所始於1932年，在中日戰爭爆發時全面發展與體系化，到太平洋戰爭時期則加速擴展。1938年日軍在《戰時服務提要》中提及：「作為防範性病的積極措施，首先應完善『慰安所』的衛生設施，同時還要杜絕與非軍方指定的娼妓及當地人接觸」，使得軍隊的存在直接導致女性性暴力的產生。許多在朝鮮、臺灣等殖民地女性，常被以工作為名欺騙，或直接被強行徵集，被迫成為慰安婦，受到不當待遇並造成心靈創傷。<br><br>【改寫自：中日韓三國共同歷史編纂委員會，《超越國境的東亞近現代史（下卷）》（香港：三聯，2013），頁291～292】,teachers_book,日本,社會,"[慰安所, 太平洋戰爭, 戰時服務提要, 慰安婦, 性暴力]",V.2/Ch.6/近代東亞局勢的發展,慰安所,,,
935,成立: 1921年7月20日成立於上海<br>背景: 五四運動時期中國社會出現熱烈的反日愛國運動，群眾運動的成果刺激青年對於重視勞工、農民的社會主義與共產主義產生興趣<br>創黨重要代表: 陳獨秀、李大釗、毛澤東<br>初期活動: 重視工人運動，重視共產思想，入黨門檻高，多為知識分子<br>黨員擴張: 1925年中國爆發反帝國主義浪潮，中共大量招募黨員，由一千人不到發展為一萬人以上的規模，直到1927年中國國民黨清黨前約有五萬八千人<br><br>【改寫自：陳永發，《中國共產革命七十年》（臺北：聯經，1998），頁48～50。薛化元，《中國近代史》（臺北：三民，2011），頁92、156。薛化元、李福鐘、潘光哲，《中國現代史》（臺北：三民，2016），頁75～77。天兒慧著，廖怡錚譯，《巨龍的胎動：毛澤東、鄧小平與中華人民共和國》（新北：臺灣商務，2016），頁67～68】,teachers_book,中華民國,政治,"[中國共產黨, 五四運動, 陳獨秀, 李大釗, 毛澤東]",V.2/Ch.6/近代東亞局勢的發展,中國共產黨,,,
936,時間: 1921<br>事件: 中國共產黨成立<br>關係: 對立<br>發展: 1. 在蘇聯支持下，中國共產黨於上海成立<br>2. 蘇聯為擴大在華勢力，派員與孫中山接觸，尋求合作。孫中山欲完成全國統一，但缺乏軍權的支持，故決定「以俄為師」，並在蘇聯協助下改造國民黨<br><br>時間: 1924<br>事件: 國民黨容共<br>關係: 合作<br>發展: 1. 孫中山宣布「容共」，允許中共黨員以個人身分加入國民黨<br>2. 孫中山在黃埔成立陸軍軍官學校，由蔣中正擔任校長，國民黨自此擁有黨軍<br><br>時間: 1927<br>事件: 蔣中正清黨<br>關係: 對立<br>發展: 隨著中共勢力不斷擴大，及資本家要求採取「反共」立場，國民黨內部反共的右派與親共的左派歧見日深。蔣中正因此發動「清黨」，以武力清剿黨內中共黨員<br><br>時間: 1930<br>事件: 國民政府剿共<br>關係: <br>發展: 蔣中正展開剿共，中共被迫往西逃竄（中共稱「兩萬五千里長征」）；過程中毛澤東被選為最高政治委員，逐漸取得在中共黨內的領導地位<br><br>時間: 1936<br>事件: 西安事變<br>關係: <br>發展: 張學良發動西安事變，並軟禁蔣中正，逼迫其停止內戰、聯共抗日<br><br>時間: 1937<br>事件: 共同抗日<br>關係: 合作<br>發展: 蔣中正同意停止剿共，國共重啟合作，共同抗日，中共也因此獲得喘息發展的機會,teachers_book,中華民國,政治,"[國共關係, 容共, 清黨, 剿共, 西安事變]",V.2/Ch.6/近代東亞局勢的發展,二戰前的國共關係,,,
937,1936年12月發生西安事變，張學良兵諫促使蔣中正暫緩剿共計畫。1937年七七事變發生後，蔣中正宣布全面對抗日本，中共則於9月22日發表〈共赴國難宣言〉，要點如下：一、願為實現孫中山先生的三民主義奮鬥；二、取消一切推翻中國國民黨政權的暴動政策及赤化運動；三、取消「蘇維埃政府」，實行民權政治，以期全國政權之統一；四、取消「紅軍」名義及番號，改編為「國民革命軍」，受國民政府軍事委員會之統轄，並待命出動擔任抗日前線之責。<br>此份宣言在7月15日由中共交付國民黨，原標題為〈中共中央為公布國共合作宣言〉。國民黨推遲了兩個多月才發表，文字上也有所修改，中共則認為與其基本精神無損。宣言所代表的意義，使國人從團結禦侮到共赴國難，同時也象徵中共承認國民政府抗戰的領導權；中共部隊被改編為國民革命軍第18軍團（即八路軍）及新編第4軍，但實際上他們沒有遵守宣言，各行其是。<br><br>【改寫自：〈共赴國難宣言發表〉（國家發展委員會檔案管理局），https://art.archives.gov.tw/FilePublish.aspx?FileID=377。BBC，郝柏村專訪全部文字記錄，https://www.bbc.com/zhongwen/simp/indepth/2015/07/150702_hao_intv_script_for_yt。蔣永敬著，《國民黨興衰史》，https://reurl.cc/zyyeny】,teachers_book,中華民國,政治,"[共赴國難宣言, 西安事變, 國共合作, 蘇維埃政府, 八路軍]",V.2/Ch.6/近代東亞局勢的發展,〈共赴國難宣言〉,,,
938,時間: 1945年2月4日至11日<br>參與國: 美國（羅斯福）、英國（邱吉爾）、蘇聯（史達林）<br>背景: 歐洲戰場局勢底定，美、英兩國希望蘇聯儘早向日本宣戰，結束太平洋戰事<br>協定: 1. 蘇聯應在德國投降後三個月內向日本宣戰<br>2. 外蒙古獨立<br>3. 庫頁島、千島群島歸蘇聯管轄<br>4. 蘇聯享有大連港、旅順港、滿鐵權益<br>影響: 蘇聯取得東北大量的機具設備、軍事裝備，並持續占領中國東北到1946年5月，同時扶植中國共產黨<br><br>【改寫自：薛化元，《中國現代史》（臺北：三民，2014），頁168。薛化元、李福鐘、潘光哲，《中國現代史》（臺北：三民，2016），頁193～194。葉志麟，〈中國抗日戰爭與雅爾達協定〉，《杭州師範大學學報（社會科學版）》（杭州：杭州師範大學，1987年第4期），頁11～13、26】,teachers_book,蘇聯,政治,"[雅爾達協定, 羅斯福, 邱吉爾, 史達林, 太平洋戰事]",V.2/Ch.6/近代東亞局勢的發展,《雅爾達協定》,,,
939,時間: 1945年8月30日<br>背景: 二戰結束後，國共兩黨持續內戰，美國派赫爾利調停<br>協議: 1. 堅持和平建國基本方針<br>2. 在蔣中正領導下長期合作，避免內戰<br>3. 政治民主化，黨派平等化<br>結果: 在軍權與邊區統治權等方面，中國國民黨與中國共產黨雙方無法達成共識。加上美國持續援助中國國民黨軍備，並協助中國國民黨進行戰略部署，遭到中國共產黨抗議其中立性。實際上，在十月十日國共雙方簽署雙十協定的時候，國共仍在西安一帶開戰，「雙十會談紀要」並未帶來實質上的和平<br><br>【改寫自：周媛，〈赫爾利使華時期蔣中正與美國在國共談判中的合作與分歧〉（碩士論文）（合肥：安徽大學，2012年第4期）。陳永發，《中國共產革命七十年》（臺北：聯經，1998），頁398。天兒慧著，廖怡錚譯，《巨龍的胎動：毛澤東、鄧小平與中華人民共和國》（新北：臺灣商務，2016），頁93～95】,teachers_book,中華民國,政治,"[重慶會談, 國共內戰, 赫爾利, 蔣中正, 雙十協定]",V.2/Ch.6/近代東亞局勢的發展,重慶會談,,,
940,美國急欲停止中國內戰，派遣馬歇爾前往中國調停。馬歇爾於1946年1月聯合國民黨代表張群、共產黨代表周恩來共同發表停戰協定，要求自1月13日起停止一切戰爭行為，進行協商。<br>由於國共兩黨對彼此並無信任，導致聯合政府的改組工作毫無進展。此外國共雙方皆對擁有的軍事力量抱持信心，無意進行和平協商談判。加上1946年底北京發生美軍強姦女學生的「沈崇事件」，引發中國民眾反美抗議，馬歇爾在1947年1月放棄推動政治協商會議，返回美國。<br><br>【改寫自：薛化元，《中國近代史》（臺北：三民，2011），頁92。薛化元、李福鐘、潘光哲，《中國現代史》（臺北：三民，2016），頁196。陳永發，《中國共產革命七十年》（臺北：聯經，1998），頁399】,teachers_book,中華民國,政治,"[政治協商會議, 馬歇爾, 中國內戰, 停戰協定, 沈崇事件]",V.2/Ch.6/近代東亞局勢的發展,政治協商會議,,,
941,國民黨早於訓政時期，於1947年通過《總動員法》，下令對中國共產黨進行動員戡亂。直到1947年12月25日正式行憲之後，才根據憲政程序制訂《臨時條款》，於1948年4月18日頒布《動員戡亂臨時條款》。透過《動員戡亂臨時條款》，憲法被暫時停止，國家權力被集中在總統一人，以利於蔣中正直接統領國家，對抗中國共產黨。<br><br>【改寫自：天兒慧著，廖怡錚譯，《巨龍的胎動：毛澤東、鄧小平與中華人民共和國》（新北：臺灣商務，2016），頁97。薛化元，《中國近代史》（臺北：三民，2011），頁190～191。薛化元、李福鐘、潘光哲，《中國現代史》（臺北：三民，2016），頁154～155】,teachers_book,中華民國,政治,"[動員戡亂臨時條款, 訓政時期, 總動員法, 憲法, 蔣中正]",V.2/Ch.6/近代東亞局勢的發展,《動員戡亂臨時條款》,,,
942,戰役: 遼瀋會戰<br>時間: 1948年9月～11月<br>地點: 遼寧、瀋陽<br>影響: 中國國民黨精銳部隊損失近50萬人，國共雙方軍力翻轉<br><br>戰役: 徐蚌會戰<br>時間: 1948年11月～1949年1月<br>地點: 山東、江蘇<br>影響: 又稱為「淮海戰役」，國共雙方各投入80萬與60萬兵力，為中國史上大規模戰役。中國國民黨軍隊損失55萬，且導致華北地區軍隊遭到圍困<br><br>戰役: 平津會戰<br>時間: 1948年12月～1949年3月<br>地點: 北平、天津<br>影響: 中國共產黨在徐蚌會戰取得優勢後，包圍華北地區的中國國民黨軍，殲滅約50萬人。此役之後中國長江以北皆為中國共產黨所控制<br><br>【改寫自：天兒慧著，廖怡錚譯，《巨龍的胎動：毛澤東、鄧小平與中華人民共和國》（新北：臺灣商務，2016），頁98～99。陳永發，《中國共產革命七十年》（臺北：聯經，1998），頁412～417。薛化元，《中國近代史》（臺北：三民，2011），頁199～200。薛化元、李福鐘、潘光哲，《中國現代史》（臺北：三民，2016），頁196】,teachers_book,中華民國,政治,"[國共內戰, 遼瀋會戰, 徐蚌會戰, 淮海戰役, 平津會戰]",V.2/Ch.6/近代東亞局勢的發展,國共內戰三大關鍵戰役,,,
943,早於內戰時期，中國共產黨即透過清算地主、仕紳，並分配從上層階級以及日本占領區奪來的土地換取農民支持。1949年冬天，中華人民共和國先在部分較早控制或是條件較成熟的地區試行土地改革，直到1950年6月《中華人民共和國土地改革法》頒布，土地改革遂於1950年冬天全面進行。<br>中國土地改革的運作包含發動群眾、劃分階級、沒收和分配土地、複查總結等程序。透過號召貧苦農民訴苦，煽動民眾清算鬥爭，同時進行思想審查，包括階級、思想、作風等，肅清並建立忠於中國共產黨的基層幹部，以確保各地能根據中央的指示進行改革。<br>在土地改革過程中，中國共產黨將馬列主義思想深入基層農民、重建戰爭時期破敗混亂的社會秩序、鞏固中國共產黨領導的權威與執政地位，為日後的各項政治改革奠定基礎。<br>然而在這段過程中，大量古蹟文物遭到破壞，且至少有一千多萬人遭到鬥爭，造成至少一百五十萬至兩百萬人死亡。<br><br>【改寫自：陳永發，《中國共產革命七十年》（臺北：聯經，1998），頁420～431。馮克著，蕭葉譯，《解放的悲劇：中國革命史1945～1957》（新北：聯經，2018），頁79～97。梁曉，〈新中國成立初期土地改革運動中的馬克思主義大眾化研究〉（碩士論文）（蕪湖：安徽師範大學，2016）。王榮全，〈20世紀50年代初大陸與臺灣土地改革比較研究〉（碩士論文）（南京：南京師範大學，2012）】,teachers_book,中華人民共和國,經濟,"[土地改革, 中國共產黨, 劃分階級, 清算鬥爭, 馬列主義]",V.2/Ch.6/近代東亞局勢的發展,土地改革,,,
944,中共奪取政權後，隨即發動第一場肅清反對勢力的運動，包括思想或行動上反對共產黨的人或者有潛力成為武裝反抗共產黨的人。1950年10月10日，中共中央發出了《關於鎮壓反革命活動的指示》：「消滅國民黨殘餘、特務、土匪，推翻地主階級，解放臺灣、西藏，跟帝國主義鬥爭到底」。<br>由於「反革命罪」的標準極其寬鬆，加上毛澤東建議，各地處死的「匪諜」人數應達總人數的千分之一，刺激幹部狂熱地進行整肅運動。同時期在鄉村有土地改革運動、在城市有針對商人資本家的三反五反運動，鎮壓反革命運動成為結合上述兩項鬥爭的血腥整肅。<br>1951年10月，全國大規模的鎮壓「反革命」運動宣布終止，但一直持續到1953年才逐漸結束。三年期間，中國共產黨處決的人數超過兩百萬人（1951年中國人口是5億5000萬，千分之一就是55萬人，處決人數遠遠超過預期），並有數百萬人被送入勞改營；這些統計數據還不包含土地改革與三反五反運動過程中被處死、鬥爭致死、自殺的人。批鬥大會造成中國社會不斷分裂，人們逐漸孤立且互不信任，而中國共產黨剷除了反對者，達到恐嚇民眾的效果，人們在中共的統治下噤若寒蟬，中共則牢牢把持了權力，加強極權統治。<br><br>【改寫自：馮克著，蕭葉譯，《解放的悲劇：中國革命史 1945 ~ 1957》（新北：聯經，2018），頁99 ~ 117。薛化元、李福鐘、潘光哲，《中國現代史》（臺北：三民，2016），頁 207。大紀元，〈共產暴政錄：鎮壓「反革命」運動〉，http://www.epochtimes.com/b5/18/10/15/n10785014.htm】,teachers_book,中華人民共和國,政治,"[反革命, 毛澤東, 土地改革, 三反五反運動, 勞改營]",V.2/Ch.6/近代東亞局勢的發展,鎮壓反革命運動,,,
945,1950年9月底，聯合國部隊從仁川登陸，擊退北韓軍隊迅速奪回漢城，並在10月9日越過38度線向北韓進攻。中國方面，在北韓領導人的求助下，10月8日將東北邊防軍改組為人民志願軍，準備入朝參戰，19日中國志願軍開始大舉過江。中國決定出兵的考量主要有二：<br>1. 爭取蘇聯支持，解決經濟問題：在國家剛建立、基礎不穩定的情況下，毛澤東希望透過證明中國是社會主義陣營裡能夠擔當責任的一員，增加蘇聯對中共的信任。而確實，在中國出兵後，蘇聯對中國的援助源源不斷地送來。<br>2. 鞏固國家政權，解決政治問題：透過戰爭的環境，實行高壓、極端的統治手段鎮壓不同意見；在決定抗美援朝的隔天，即擬定好《關於鎮壓反革命活動的指示》，展開「鎮壓反革命運動」。而剛剛結束內戰的中國，「保家衛國」口號具有極大的煽動性，加上階級鬥爭的恐怖，使抗美援朝戰爭有了歷史動力：「工人和農民努力增加生產，厲行節約，為戰爭提供了560萬噸的物資。」<br><br>【改寫自：BBC NEWS /分析：抗美援朝和志願軍的歷史爭議，https://www.bbc.com/zhongwen/trad/world/2014/10/141007_focus_china_koreanwar。人民網/毛澤東指示趁朝戰鎮壓反革命：恐怕只有這一次機會，http://history.people.com.cn/n/2013/0704/c198452-22080690.html。新聞資料館/「抗美援朝」的真正原因，http://observator-gutentag.blogspot.com/2014/07/blog-post_19.html】,teachers_book,中華人民共和國,政治,"[抗美援朝, 韓戰, 人民志願軍, 38度線, 鎮壓反革命運動]",V.2/Ch.6/近代東亞局勢的發展,抗美援朝（韓戰）,,,
946,- 三反運動：即「反貪汙」、「反浪費」、「反官僚主義」，為針對國家官員，力求簡化行政組織，肅清腐化的黨內幹部，並掃蕩留用的國民政府時期行政人員。<br>- 五反運動：即「反行賄」、「反偷漏稅」、「反偷工減料」、「反盜騙國家財產」、「反盜竊國家經濟情報」，主要針對資本家、金融業者，使國內重要企業與經濟資產都受到中國共產黨控制，呈現半民營狀態。<br><br>由於三反五反運動與土地改革、鎮壓反革命運動同時進行，且多採取群眾運動的鬥爭形式，導致大量的冤案。在1949 ~ 1952年保守估計至少有五百萬人被以各種名義遭到屠殺。此外，由於五反運動造成大量的私營企業、商人、金融業者遭到批鬥，國家經濟漸入停滯，1952年的貿易額僅有前一年一個季的30%。商人損失三分之一的資本，而工人的工資下降了三分之二，失業率不斷攀升，形成經濟與社會動盪。<br><br>【改寫自：天兒慧著，廖怡錚譯，《巨龍的胎動：毛澤東、鄧小平與中華人民共和國》（新北：臺灣商務，2016），頁108。薛化元、李福鐘、潘光哲，《中國現代史》（臺北：三民，2016），頁208。馮克著，蕭葉譯，《解放的悲劇：中國革命史 1945 ~ 1957》（新北：聯經，2018），頁187 ~ 188】,teachers_book,中華人民共和國,政治,"[三反運動, 五反運動, 土地改革, 資本家, 鬥爭形式]",V.2/Ch.6/近代東亞局勢的發展,三反五反運動,,,
947,起始: 1953年6月毛澤東宣布「過渡時期的總路線」，朝向蘇聯體制前進，推動中國的第一個五年計畫<br>工商業: 所有企業被收歸國有，甚至連個人財產如鍋碗瓢盆都被收為國家資產，許多人因此破產，爆發自殺潮<br>農業: 1953年黨中央通過〈關於發展同業生產合作社的決議〉，將土地改革時期分給農民的土地近乎全部收歸國有，農民被迫加入「生產合作社」，成為農業勞工<br>影響: 由於戰爭結束加上中國由國家統一規劃，全力發展經濟，工業產值增加128%，農業產值也達到平均每年3.8%成長率。第一個五年計畫的成果刺激毛澤東做出進一步的國家規劃<br><br>【改寫自：薛化元，《中國現代史》（臺北：三民，2014），頁200。薛化元、李福鐘、潘光哲，《中國現代史》（臺北：三民，2016），頁 209 ~ 210。馮克著，蕭葉譯，《解放的悲劇：中國革命史 1945 ~ 1957》（新北：聯經，2018），頁247 ~ 253】,teachers_book,中華人民共和國,經濟,"[五年計畫, 毛澤東, 過渡時期的總路線, 生產合作社, 收歸國有]",V.2/Ch.6/近代東亞局勢的發展,第一個五年計畫經濟,,,
948,統購統銷政策提出的背景是抗美援朝戰爭。戰爭導致徵收公糧增加，而這些經濟負擔被轉嫁到農民身上；軍費的暴增也使得政府財政分配無法顧及國內糧食市場上；聯合國對中國禁運，使得中國無法進口世界糧食，政府只能進一步剝削農民以解決糧食問題。而隨著城市人口快速發展，及1953年初的嚴重霜災，農民不願意售出糧食，導致國家糧食購少銷多。<br>1953年秋天，統購統銷政策發布。國家統制了農民全部的糧食銷售，由國家決定他們必須上繳多少公糧和餘糧。農民須配合政府需求，被迫將其全部收成銷售給國家；政策從1953年開始直到1992年底停止。統購統銷不只穩定糧食市場與價格、確保糧食的出口，也為工業發展準備了資金和原料，有助於國家的建設發展。<br>然而統購統銷實施以後，中國農民一直處於半饑半飽的狀態。國家為了確實掌握糧食，常常超收「餘糧」，並不斷提高統購的指標、加強徵收的力度。於是不斷發生搶糧、甚至是大規模餓死人、浮腫病等嚴重事件。而不只是糧食，統購統銷還擴大到雞蛋、棉布等日常用品的管制，把人民生活的各方面納入計畫中，再由政府藉由各種「糧票」分配給人民，於是人民的活動範圍受到嚴格的限制，政府澈底控制社會基層。<br><br>【改寫自：宋永毅，〈糧食戰爭：統購統銷、合作化運動與大饑荒〉，《二十一世紀》雙月刊，2013年4月號（總第136期），頁68 ~ 84。大紀元/共產暴政錄：統購統銷洗劫中國農民，http://www.epochtimes.com/b5/18/5/4/n10360803.htm】,teachers_book,中華人民共和國,經濟,"[統購統銷, 抗美援朝, 公糧, 糧票, 剝削農民]",V.2/Ch.6/近代東亞局勢的發展,統購統銷,,,
949,背景: 1953年史達林去世，1956年赫魯雪夫成為蘇聯領導者，並於第二十次蘇聯共產黨大會上批評史達林「肅清」、「個人崇拜」的專制行為。毛澤東發表聲明，宣示將脫離蘇聯路線，欲表現與赫魯雪夫地位平等<br>雙百運動: 為了發展中國特色的社會主義建設路線與社會主義作風，中國共產黨對外宣傳「百花齊放、百家爭鳴」的「雙百」政策，呼籲中國社會針對中國共產黨自由地發言。由於先前的整肅經驗，雙百運動經過半年的時間並沒有引起太大的迴響，為此中國共產黨在1957年5月透過《人民日報》，鼓勵黨外人士指出黨的缺點，並表示無肅清的打算，雙百運動才蓬勃發展<br>社會響應: 建國以來，許多改革在各種層面造成社會的不滿，學生罷課、工人罷工、農民抗議並退出合作社等；此外，黨內幹部亦有反對集體化的言論。整理各界的反應與批評，內容包含：1. 要求民主與自由；2. 要求實行憲政，依法治國；3.反對農業、工商業集體化；4.不滿收入減少、生活窮困<br>從雙百運動轉為引蛇出洞: 毛澤東期待能改變蘇聯式的集權統治結構與忽略人民生活的工業發展模式，故開放社會提出想法，但沒有意料到遭受黨內外人士對其專制領導的批判，尤其是針對一黨專政體制、毛澤東掌握絕對權力兩點。毛澤東認為黨內九成的人皆反對他，於是開始策劃整肅，一邊繼續鼓勵批判，一邊於3月19日向內部幹部講話，並於5月15日發出〈事情正在起變化〉一文，籌劃反右批鬥<br>反右運動: 1957年6月2日《光明日報》上出現對毛澤東的批判，黨中央遂於6月2日發表〈關於組織力量準備反擊右派分子進攻的指示〉，並於《人民日報》發表〈這是為什麼？〉社論，正式發動反右派鬥爭<br>影響: 全國約有80萬至100萬人被貼上「右派」標籤，並牽連300萬至400萬人遭到整肅。雙百運動瓦解了社會對共產黨的信任，並創造毛澤東的絕對權力，導致國家政策全由毛澤東主導，失去溝通空間<br><br>【改寫自：馮克著，蕭葉譯，《解放的悲劇：中國革命史 1945 ~ 1957》（新北：聯經，2018），頁285 ~ 303。天兒慧著，廖怡錚譯，《巨龍的胎動：毛澤東、鄧小平與中華人民共和國》（新北：臺灣商務，2016），頁129 ~ 139。錢理群，《毛澤東時代和後毛澤東時代（1949 ~ 2009）：另一種歷史書寫（上）》（臺北：聯經，2012），頁99 ~ 110】,teachers_book,中華人民共和國,政治,"[反右運動, 雙百運動, 毛澤東, 赫魯雪夫, 引蛇出洞]",V.2/Ch.6/近代東亞局勢的發展,反右運動,,,
950,1957年反右運動後，毛澤東確立了絕對的領導權威。毛澤東在1958年推動大規模第二個五年計畫經濟，稱為三面紅旗。<br><br>社會主義建設總路線: 毛澤東重申於1956年提出的「鼓足幹勁、力爭上游、多快好省地建設社會主義的總路線」，並於1958年5月的中國共產黨第八次全國代表大會的第二次會議中確立。總路線的核心為強調高速發展經濟，為三面紅旗的指導方針<br>大躍進: 為了配合總路線，毛澤東指示要盡快達到「超英趕美」，作為政策的總目標。毛澤東期許能兼顧農業與工業發展，在15年內超越英美等工業強國，成為共產主義的領導者。大躍進的實際行動如下：<br>1. 全民大煉鋼：號召全民手工搭建煉鐵爐，推動鋼鐵增產，稱為「土法煉鋼」。一時間每個學校、政府機關，甚至是民宅後院皆有煉鐵爐，人民將家中各種鐵器拆下來冶煉<br>2. 除四害：全面撲殺蒼蠅、蚊子、老鼠、麻雀四種生物，以期清潔衛生、移風易俗<br>3. 水利建設：農業方面號召全民以人力增建大規模水利設施，而不使用機械器具<br>人民公社: 毛澤東吸收烏托邦社會主義思想，制定「新村」計畫，建立整合集體居住、勞動、讀書的村落組織，首先於農村推行。其特色為：1. 公共食堂：吃飯不要錢；2. 免費醫療：看病不要錢；3. 公共宿舍：住房不要錢。在組織規劃上推行「政教合一」、「兵農合一」<br><br>大躍進由於中央指示各方面的絕對增產，不允許任何一項產量減少，導致各地浮報數字。浮報的數據刺激中央下達更高的目標數值，使得浮報情形愈來愈誇張，國家因無法判斷實際收穫量，向地方徵收過多的物資，導致各地資源不足。如環江縣全縣實際糧食產量僅1.5億斤，卻浮報3.3億斤，上級以此為依據徵收0.71億斤，最終導致地方苛扣農民糧食，全縣因饑荒的非正常死亡人數達到5萬。<br>另一方面，由於全民大煉鋼、各省大型水利建設的推動，大量勞力投入導致農地荒廢、糧食產量大減。而在人民公社發布吃飯不要錢的消息後，引起人民奢侈浪費的風氣，導致「吃飯不要錢」政策僅維持半年時間，就在1958年年底爆發連續3年的大饑荒。<br><br>【改寫自：錢理群，《毛澤東時代和後毛澤東時代（1949 ~ 2009）：另一種歷史書寫（上）》（臺北：聯經，2012），頁192 ~ 240。天兒慧著，廖怡錚譯，《巨龍的胎動：毛澤東、鄧小平與中華人民共和國》（新北：臺灣商務，2016），頁 144 ~ 151。薛化元、李福鐘、潘光哲，《中國現代史》（臺北：三民，2016），頁213】,teachers_book,中華人民共和國,經濟,"[三面紅旗, 大躍進, 人民公社, 全民大煉鋼, 超英趕美]",V.2/Ch.6/近代東亞局勢的發展,三面紅旗,,,
951,早於1958年底即有報告顯示營養不良與死亡事件，但並未引起毛澤東的關注，僅指示不應太過操勞。至1959年1月各地出現農民逃亡、搶糧、大規模饑荒的消息，在1959年4月國務院的資料中，江南至華北一帶有將近2500萬人缺糧，中國共產黨中央高層才意識到糧食產量不足的事實。<br>1959年底，各地陸續出現缺糧危機以及吃人的事件，單是1960年官方數據就有1100萬人非正常死亡。許多回憶錄中都記錄了當時吃人的情景，有些被謀殺後吃掉、有些在死後被吃掉，亦有一些是埋葬後被挖出來吃掉。大饑荒持續到1962年才開始好轉，據估計3年大饑荒，至少有4500萬至5500萬人民非正常死亡。<br><br>【改寫自：錢理群，《毛澤東時代和後毛澤東時代（1949 ~ 2009）：另一種歷史書寫（上）》（臺北：聯經，2012），頁261 ~ 265。薛化元、李福鐘、潘光哲，《中國現代史》（臺北：三民，2016），頁214。薛化元，《中國現代史》（臺北：三民，2014），頁201。馮克著，郭文襄、盧蜀萍、陳山譯，《毛澤東的大饑荒：1958 ~ 1962年的中國浩劫史》（新北：印刻文學，2012），頁298】,teachers_book,中華人民共和國,社會,"[大饑荒, 營養不良, 缺糧, 非正常死亡, 吃人]",V.2/Ch.6/近代東亞局勢的發展,大饑荒,,,
952,1961年鄧小平、劉少奇接手國家經濟政策，推動經濟改革。鄧小平推動三自一包的經濟政策，修正毛澤東的社會主義路線。<br><br>主張: 「不管是白貓、黑貓，能抓老鼠的就是好貓。」<br>政策內容: 1. 自留地：部分土地私有化<br>2. 自由市場<br>3. 自負盈虧：避免人民失去勞動意願並刺激生產<br>4. 包產到戶：以家庭為單位推動生產，且不徵收所有產出，允許人民擁有私有財產<br><br>【改寫自：薛化元、李福鐘、潘光哲，《中國現代史》（臺北：三民，2016），頁216。天兒慧著，廖怡錚譯，《巨龍的胎動：毛澤東、鄧小平與中華人民共和國》（新北：臺灣商務，2016），頁 164 ~ 166】,teachers_book,中華人民共和國,經濟,"[三自一包, 鄧小平, 劉少奇, 自留地, 包產到戶]",V.2/Ch.6/近代東亞局勢的發展,三自一包,,,
953,1966年5月，毛澤東在中共中央政治局擴大會議中批鬥走資派幹部，並於16日發布通知，提出：「必須同時批判混進黨裡、政府裡、軍隊裡和文化領域的各界裡的資產階級代表人物」。此外，為了批鬥劉少奇，毛澤東在8月的中共第八屆十一中全會中指責劉少奇派人進入學校鎮壓學生運動，並於8月8日黨中央通過〈中國共產黨中央委員會關於無產階級文化大革命的決定〉，確定文化大革命的目標在於思想、文化、風俗、習慣四方面進行「破四舊、立四新」。<br><br>【改寫自：薛化元、李福鐘、潘光哲，《中國現代史》（臺北：三民，2016），頁217。天兒慧著，廖怡錚譯，《巨龍的胎動：毛澤東、鄧小平與中華人民共和國》（新北：臺灣商務，2016），頁199 ~ 203。馮克著，向淑容、堯嘉寧譯，《文化大革命：人民的歷史 1962 ~ 1976》（新北：聯經，2017），頁106】,teachers_book,中華人民共和國,政治,"[五一六通知, 毛澤東, 走資派, 劉少奇, 破四舊]",V.2/Ch.6/近代東亞局勢的發展,〈五一六通知〉,,,
954,興起: 1966年5月發布〈五一六通知〉後，中共成立「中央文化革命小組」，在學校發起造反活動，煽動學生組織紅衛兵進行批鬥<br>口號: 「革命無罪、造反有理」、「以階級鬥爭為綱」、「打倒反革命分子」<br>初期行動: 紅衛兵攻擊老師、校長、知識分子，掛上掛牌，並以狼牙棒、皮帶、鞭子、鐮刀、電線等進行毆打、羞辱、凌虐，因此而喪命及自殺者，在1966年9月時已達上千人；存活者則多被下放至偏鄉進行勞改<br>失控: 8月18日林彪發表演說，宣揚：「大破一切剝削階級的舊思想、舊文化、舊風俗、舊習慣！」紅衛兵開始破壞任何他們認定是舊世界的產物，包括書籍、服飾、裁縫店、花店、路牌等。社會被分為「紅五類」、「黑五類」，紅五類代表出身良好的階級（革命幹部、革命軍人、革命遺屬、工人、農民），黑五類代表出身惡劣的階級（舊地主、舊富農、反動分子、惡劣分子、右派分子）。紅衛兵開始四處標籤黑五類，進行羞辱、凌虐等行為。直到1967年4月，中國各地皆已呈現無政府狀態<br>壓制: 1967年9月，毛澤東開始至各地演講，並積極打壓極左派的行動，封鎖紅衛兵的活動。另一方面組織人民公社，要紅衛兵進行再教育，學習生產工作，紅衛兵的失控情勢才見好轉<br><br>【改寫自：天兒慧著，廖怡錚譯，《巨龍的胎動：毛澤東、鄧小平與中華人民共和國》（新北：臺灣商務，2016），頁96 ~ 213。馮克著，向淑容、堯嘉寧譯，《文化大革命：人民的歷史1962 ~ 1976》（新北：聯經，2017），頁82、106。薛化元、李福鐘、潘光哲，《中國現代史》（臺北：三民，2016），頁218】,teachers_book,中華人民共和國,社會,"[文化大革命, 紅衛兵, 革命無罪、造反有理, 林彪, 黑五類]",V.2/Ch.6/近代東亞局勢的發展,文化大革命與紅衛兵,,,
955,1972年毛澤東身體狀況愈來愈差，於是將治國事務交由周恩來處理。然而毛澤東深怕周恩來毀棄文化大革命以來的成果，指示江青制衡周恩來。江青則欲奪權，與其同夥四人幫在1974年發起「批林批孔」運動，將林彪、孔子批鬥為右派，並將孔子的形象與周恩來連結，指稱周恩來為右傾「修正主義」，但成效不彰。<br><br>【改寫自：天兒慧著，廖怡錚譯，《巨龍的胎動：毛澤東、鄧小平與中華人民共和國》（新北：臺灣商務，2016），頁226 ~ 237。馮克著，向淑容、堯嘉寧譯，《文化大革命：人民的歷史1962 ~ 1976》（新北：聯經，2017），頁327 ~ 330】,teachers_book,中華人民共和國,政治,"[批林批孔, 毛澤東, 周恩來, 江青, 四人幫]",V.2/Ch.6/近代東亞局勢的發展,批林批孔運動,,,
956,經濟特區: 1980年在廈門、汕頭、深圳、珠海四地設立。開放外國企業投資設廠<br>經濟開放區: 1984年鄧小平視察經濟特區的發展狀況，決定開放沿海14個港口城市，並於1985年在長江三角洲、珠江三角洲、閩南三角洲三區設立經濟開放區，引進外資為主、出口為主、以市場調節為主<br>姓社不姓資: 儘管中國進行經濟改革，鄧小平依然堅持經濟特區必須走社會主義方向，經濟上改革開放，思想政治工作也要維持，這才是有中國特色的社會主義。並且在改革開放過程中，必須始終注意四項基本原則<br><br>【改寫自：天兒慧著，廖怡錚譯，《巨龍的胎動：毛澤東、鄧小平與中華人民共和國》（新北：臺灣商務，2016），頁273 ~ 275。王永鳳，〈鄧小平推進對外開放的歷史貢獻〉，《北京師範大學學報（社會科學版）》（北京：北京師範大學，2011年第3期），頁20 ~ 25】,teachers_book,中華人民共和國,經濟,"[鄧小平, 經濟特區, 經濟開放區, 改革開放, 姓社不姓資]",V.2/Ch.6/近代東亞局勢的發展,鄧小平的經濟改革,,,
957,時間: 1987年1月<br>背景: 1980年代西方思想傳入中國，國內追求政治西化改革的呼聲漸起。中共黨中央保守派在1983年推動整黨工作，並對社會發起「清除精神汙染運動」，試圖掃除西方思想。胡耀邦對於「清除精神汙染運動」積極反對，聯合趙紫陽等改革派向鄧小平進言，鄧小平遂終止「清除精神汙染運動」<br>衝突: 1986年幾位學者公開討論三權分立等歐美政治學概念，政治改革討論促使1986年底安徽省的中國科學技術大學爆發民主化抗議運動，擴散至安徽省其他大學，乃至於武漢大學、上海與北京等地。學運主張「在中國是有實施三權分立的可能」、「民主化就是多元性的管理」等，批判鄧小平的政治政策<br>結果: 1986年政治改革的風氣日盛，胡耀邦表現積極，甚至牴觸到鄧小平的政治傾向。隨著學運爆發促使中共黨內改革派與保守派的鬥爭，鄧小平遂與胡耀邦切割，致使胡耀邦下臺。1987年「反對資產階級自由化」、「堅持四個基本原則」的論調再次回歸主流，壓抑社會改革聲浪<br><br>【改寫自：天兒慧著，廖怡錚譯，《巨龍的胎動：毛澤東、鄧小平與中華人民共和國》（新北：臺灣商務，2016），頁285 ~ 290】,teachers_book,中華人民共和國,政治,"[胡耀邦, 清除精神汙染運動, 鄧小平, 趙紫陽, 民主化]",V.2/Ch.6/近代東亞局勢的發展,胡耀邦下臺,,,
958,時間: 1985 ~ 1991<br>背景: 1979年，蘇聯入侵阿富汗，長年戰爭帶來過多傷亡，引發社會上對於蘇聯軍隊無能的不滿<br>改革: 戈巴契夫受赫魯雪夫影響，且為政黨中年輕勢力，上任後宣布以「開放」、「改組」兩項方針推動改革：<br>• 開放：蘇聯不禁止1986年車諾比核災的資訊報導，並公開承認對1940年代波蘭大屠殺的責任<br>• 改組：允許多位候選人參選，且允許部分農場與小企業合作經營<br>除此之外，戈巴契夫並宣布放棄軍備競賽，並減少派遣軍隊前往東歐附庸國，確立新蘇聯的不干涉政策<br>影響: 新蘇聯的政策促使東歐蘇聯附庸國的共產政權，在無武裝衝突的情況下垮臺，順利進行政治民主化改革<br><br>【改寫自：羅伯特·帕克斯頓、朱莉·何偉著，陳美君、陳美如譯，《西洋現代史》（臺北：五南，2016），頁640 ~ 645】,teachers_book,蘇聯,政治,"[戈巴契夫, 開放, 改組, 車諾比核災, 軍備競賽]",V.2/Ch.6/近代東亞局勢的發展,戈巴契夫的改革,,,
959,時間: 1989年4月15日 ~ 1989年6月4日<br>背景: 1. 改革開放以來貧富差距擴大與政府貪汙腐敗的情形，引發人民不滿<br>2. 四人幫失勢後，社會形成一股反對一黨專政的政治改革風氣<br>3. 胡耀邦任總書記期間持續推動政治改革，持續鼓舞知識分子對政治進行批判。1987年胡耀邦下臺以來，政治改革進程的退縮，也引發知識分子的失望與不滿<br>4. 政治開明的自由派領導者胡耀邦於1989年4月15日病逝，刺激人民上街悼念與改革<br>發起: 4月15日下午，大批學生上街頭悼念胡耀邦，同時批判中共政策，引發廣大群眾響應。群眾在天安門廣場舉行討論會，通過政治改革七點要求，向中國共產黨請願<br>衝突: 4月20日，中共軍警驅離請願群眾，引發北京各校的聯合罷課。中共於4月26日發表〈四二六社論〉，定調學生運動為動亂行為，激化全北京群眾的反彈，引起罷課、罷工、罷市等示威行動<br>協商: 5月14日下午，中共政府與學生對話團開啟談話，卻因為會談並未直播，遭到廣場上等待的群眾衝入會場打斷。5月18日，中共政府再次邀請學生協商，並進行全國廣播，惟對話缺乏協調與退讓，雙方無法達成共識<br>改革派失勢: 5月19日凌晨，黨內鬥爭失勢的趙紫陽前往廣場向學生喊話，希望能化解對立，為趙紫陽最後一次公開露面<br>鎮壓: 5月19日以後，抗議群眾出現路線分歧與黨派鬥爭，廣場逐漸失序。中共保守派開始調動軍隊與實施戒嚴。6月3日晚間，軍隊與裝甲車進入天安門廣場進行武力鎮壓，直至6月4日凌晨掃蕩完畢<br>意義與影響: 天安門事件武裝鎮壓估計造成兩千至三萬多人喪生，國內民主運動遭受打擊。歐美各界受到衝擊，並對中國實施經濟制裁，同時也影響到1989年底東西德對柏林圍牆事件的決策<br><br>【改寫自：天兒慧著，廖怡錚譯，《巨龍的胎動：毛澤東、鄧小平與中華人民共和國》（新北：臺灣商務，2016），頁296 ~ 305。王丹，《中華人民共和國史十五講》（臺北：聯經，2012），頁275 ~ 314。《天安門》紀錄片（1995），https://www.youtube.com/watch?v=czzYEidDLTw&t=8168s。《天安門》影片文稿，http://www.tsquare.tv/chinese/film/gindex.html。《六四事件：廣場備忘錄》（BBC，2019），https://www.youtube.com/watch?v=ExqqdUXXdgA】,teachers_book,中華人民共和國,政治,"[六四天安門事件, 胡耀邦, 趙紫陽, 四二六社論, 武力鎮壓]",V.2/Ch.6/近代東亞局勢的發展,六四天安門事件,,,
960,中國受到歐美各國的經濟制裁，在1989年的GNP僅成長4.4%，而前兩年的皆突破10%，國內經濟因可能來臨的政治運動而呈現低迷。為了挽救中國的經濟發展，鄧小平於1992年春節期間訪問武漢、深圳、珠海、上海等地，發表談話表示：「改革開放膽子要大一些，敢於試驗，（中略）……抓住時機，發展自己，關鍵是發展經濟。」、「計畫經濟不等於社會主義，資本主義也有計畫；市場經濟不等於資本主義，社會主義也有市場，計畫和市場都是經濟手段。」鼓勵社會不要擔心走上右傾資本主義路線，應盡全力拼經濟。受到南巡講話的刺激，中國在1992至1995年間的經濟成長率持續維持在10%以上。<br><br>【改寫自：天兒慧著，廖怡錚譯，《巨龍的胎動：毛澤東、鄧小平與中華人民共和國》（新北：臺灣商務，2016），頁314 ~ 317。薛化元、李福鐘、潘光哲，《中國現代史》（臺北：三民，2016），頁227】,teachers_book,中華人民共和國,經濟,"[南巡講話, 鄧小平, 經濟制裁, 改革開放, 市場經濟]",V.2/Ch.6/近代東亞局勢的發展,南巡講話,,,
961,《中蘇友好同盟條約》: <br>時間: 1945.08.14<br>簽訂: 中華民國（蔣中正）<br>內容: 1. 同意外蒙古公投、決定是否獨立<br>2. 同意蘇聯在中國東北地區享有優惠<br>備註: 中國透過接受上述條件，換取蘇聯在二戰時對日本宣戰<br><br>《中蘇友好同盟互助條約》: <br>時間: 1950.02.14<br>簽訂: 中華人民共和國（毛澤東）<br>內容: 1. 強化雙邊政治、軍事合作<br>2. 蘇聯歸還中國東北地區利益<br>備註: 中國取回旅順、大連的主權，《中蘇友好同盟條約》被廢除<br><br>【改寫自：欒景河、李福生，〈《中蘇友好同盟條約》與《中蘇友好同盟互助條約》之比較〉，《當代中國史研究》（北京：中國社會科學院當代中國研究所，2004年第2期），頁94～103、127～128。天兒慧著，廖怡錚譯，《巨龍的胎動：毛澤東、鄧小平與中華人民共和國》（新北：臺灣商務，2016），頁109～112】,teachers_book,中華人民共和國,政治,"[中蘇友好同盟條約, 中蘇友好同盟互助條約, 蔣中正, 毛澤東, 外蒙古]",V.2/Ch.6/近代東亞局勢的發展,《中蘇友好同盟條約》與《中蘇友好同盟互助條約》,,,
962,任期: 1953～1964<br>主張: 1. 批評史達林推行個人崇拜<br>2. 三和主義：和平共存、和平競賽、和平過渡<br>重要事件: *   1960年撤回在華技術人員：中蘇兩國自1953年的意識形態之爭下的第一個具體行動，兩國關係雪上加霜<br>*   1960年U-2偵察機事件：美國間諜活動被蘇聯查獲，美蘇關係降到冷戰以來的低點<br>*   1962年古巴飛彈危機：嚴重的核戰危機，之後美蘇建立溝通「熱線」<br>*   1963年會見美、英領導者：具體討論停止核爆試驗事項<br><br>【改寫自：天兒慧著，廖怡錚譯，《巨龍的胎動：毛澤東、鄧小平與中華人民共和國》（新北：臺灣商務，2016），頁171～175。徐燕，〈赫魯曉夫時國際主義路線的調整〉（碩士論文）（上海：上海交通大學，2012年第5期）】,teachers_book,蘇聯,政治,"[赫魯雪夫, 史達林, 三和主義, U-2偵察機事件, 古巴飛彈危機]",V.2/Ch.6/近代東亞局勢的發展,赫魯雪夫,,,
963,毛澤東對赫魯雪夫的批評見於許多文件，如1959年12月《關於國際形勢的講話題綱》中提及：「在三月至今，我們朋友與帝國主義、反動民族主義、和鐵托修正主義組織一次反華大合唱。」、「赫魯雪夫很幼稚，他不懂馬列主義，易受帝國主義的騙。他不懂中國達於極點，又不研究，相信一堆不正確的情報，信口開河。」在1964年赫魯雪夫下臺後，毛澤東亦發表評論，認為這是赫魯雪夫的修正主義路線破產的結果。<br>毛澤東與赫魯雪夫的關係惡劣，也導致中蘇兩國關係緊張，同時強化毛澤東在中共政策進一步左傾。<br><br>【改寫自：左鳳榮，〈赫魯曉夫反對個人崇拜與中蘇在斯大林問題上的分歧〉，《馬克思主義與現實》（北京：中共中央編譯局當代馬克思主義，2010年第4期），頁54～61。閻明復，〈毛澤東對赫魯曉夫的評論〉，《百年潮》（北京：中國中共黨史學會，2009年第5期），頁11～16】,teachers_book,中華人民共和國,政治,"[毛澤東, 赫魯雪夫, 修正主義, 中蘇關係, 馬列主義]",V.2/Ch.6/近代東亞局勢的發展,毛澤東對赫魯雪夫的評論,,,
964,時間: 1969年3月<br>地點: 位於烏蘇里江上的島嶼「珍寶島」<br>背景: 中蘇兩方在共產主義路線上產生分歧，競爭共產社會領導地位，導致關係惡化<br>過程: 1969年3月2日，蘇聯邊防軍發現中方有人違規上島，派遣邊防巡邏隊驅逐對方。不料中方進行反擊，兩軍激戰；此一武裝衝突事件幾乎使中蘇兩國走到戰爭邊緣。隨後，兩國更在新疆一帶發生更大規模的武裝衝突。此後，蘇聯一度制訂對中國實施核攻擊的計畫。10月，中蘇邊境談判在北京舉行，兩國邊境衝突始告和緩<br>影響: 美國藉機拉攏中國，制衡蘇聯發展。此轉變亦影響到臺美關係，演變至中華民國退出聯合國<br><br>【改寫自：錢江，〈珍寶島事件：中蘇間的一次軍事衝突〉，《湘潮》（長沙：湖南省委黨史研究室，2005年第10期），頁41～42】,teachers_book,中華人民共和國,政治,"[珍寶島事件, 烏蘇里江, 中蘇關係, 武裝衝突, 邊境談判]",V.2/Ch.6/近代東亞局勢的發展,珍寶島事件,,,
965,公報: 《上海公報》<br>時間: 1972年<br>2月28日<br>內容: 1. 中美雙方將維持和平的國與國關係<br>2. 美國承認臺灣屬於中國內政<br><br>公報: 《建交公報》<br>時間: 1978年<br>12月16日<br>內容: 1. 美國同意中美建交三原則：與臺灣斷交、與臺灣廢約、自臺灣撤軍<br>2. 美國承認中華人民共和國為中國唯一合法政府<br><br>公報: 《八一七公報》<br>時間: 1982年<br>8月17日<br>內容: 1. 重申《上海公報》、《建交公報》的各項原則<br>2. 美國承諾將逐步減少對臺軍售<br><br>【改寫自：亓成章，〈對美國對待中美“三個聯合公報”態度的評析〉，《河南大學學報（社會科學版）》（開封：河南大學，2005年第2期），頁122～125】,teachers_book,中華人民共和國,政治,"[上海公報, 建交公報, 八一七公報, 中美建交, 對臺軍售]",V.2/Ch.6/近代東亞局勢的發展,三大公報與美國立場,,,
966,時間: 1972年9月29日<br>部分內容: 1. 中華人民共和國與日本建交<br>2. 日本承認中華人民共和國是中國唯一合法政府，間接否認中華民國政府的地位<br>3. 中華人民共和國重申，臺灣是中國領土不可分割的一部分，而日本充分理解和尊重中共的立場。但日本堅持遵循《波茲坦公告》第八條的立場，即「認同並且應該實施《開羅宣言》，將日本自中國取得的領土歸還中華民國」，並未直接回應中共聲明<br>4. 中華人民共和國宣布放棄對日本索取戰爭賠償<br>5. 反對霸權主義<br>補充說明: 在發表共同簽字的《中日聯合聲明》後，日本外相對聲明的內容進行補充：作為中華人民共和國政府和日本邦交正常化的結果，宣布由中華民國與日本之間訂立的《中日和約》失去存在的意義而宣告終結。但日本並未直接表明終止條約，中華人民共和國也不堅持把此條單獨寫入聲明內<br>意義: 1. 《中日聯合聲明》不是兩國的正式法律文件，只是兩國的共識聲明。一直到6年後的1978年，兩國簽訂《中日和平友好條約》，《中日聯合聲明》中的原則才以法律形式確立<br>2. 兩國在「放棄戰爭賠償要求」問題上存在分歧，日本認為中國承諾的放棄戰爭賠償，包括了政府索賠和民間索賠，但是中國堅持這一承諾僅僅是指政府索賠，不影響民間對日本索賠<br><br>【改寫自：鍾放，〈國際法視角下的1972年《中日聯合聲明》〉，《外國問題研究》（長春：東北師範大學，2008年第4期），頁73～77】,teachers_book,中華人民共和國,政治,"[中日聯合聲明, 中日建交, 戰爭賠償, 霸權主義, 中日和約]",V.2/Ch.6/近代東亞局勢的發展,《中日聯合聲明》,,,
967,時間: 1978年8月12日<br>內容: 確認《中日聯合聲明》內容，雙方在和平共處五原則基礎上發展友好關係，以和平手段解決一切爭端<br>「霸權」爭議: 此條約從1972年醞釀，歷經4年多的討論、期間甚至擱置了2年，主要爭執點在於日方對「反霸權」條款提出異議，認為會涉及日本與第三國的關係。日本的顧慮來自於蘇聯。當時中國正批判蘇聯為「霸權主義」，因此「反霸」了「反對蘇聯外交政策」的同義；若把「反霸權」寫進條約中，會把日本置於聯合中國反對蘇聯的境地。然而蘇聯鄰近日本，且是冷戰下的霸權之一，更在中日協商的同時再三關切談判進度，日本不得不顧慮蘇聯的態度，因此中日雙方的多次談判始終沒有結果。直到美國確定「聯中制蘇」策略，支持日本對中國締約，中日談判才重新展開。最終日本將條約原則擴大至「世界任何地區」，以淡化其針對性<br><br>【改寫自：劉江永，〈《中日和平友好條約》與中日關係的法律基礎〉，《東北亞論壇》（長春：吉林大學，2018年第5期），頁14～25、127。中國共產黨新聞／《中日和平友好條約》簽訂始末，http://cpc.people.com.cn/BIG5/85037/85039/7431137.html】,teachers_book,中華人民共和國,政治,"[中日和平友好條約, 反霸權, 蘇聯, 聯中制蘇, 和平共處五原則]",V.2/Ch.6/近代東亞局勢的發展,《中日和平友好條約》,,,
968,釣魚臺，中華人民共和國稱釣魚島，日本稱「尖閣群島」。《舊金山和約》提及將北緯29度以南的西南島嶼（包含琉球群島與大東群島）交由美國託管，1968年，由於聯合國專家推測其海域蘊藏大量油氣，主權爭議開始浮現。1972年，美國將列嶼行政權隨琉球交還日本，激起我國政府與大陸當局抗議，爭議至今未解。<br>日本聲稱於1884年「發現」了釣魚臺列嶼，且當時釣魚臺列嶼為不屬於任何人的無主地；甲午戰爭取得更南方的臺灣後，便一併將釣魚臺列嶼併入國土，因而美國占領結束後應歸還給日本。中國人民共和國則主張，從歷史、地理、地質、使用與國際法來看，釣魚臺列嶼都是其固有領土；距離釣魚臺最近的中華民國亦是如此（中國亦宣稱擁有臺灣的主權）。<br><br>【改寫自：劉江永，〈《中日和平友好條約》與中日關係的法律基礎〉，《東北亞論壇》（長春：吉林大學，2018年第5期），頁14～25、127。天下雜誌／釣魚臺到底屬於誰的？，https://www.cw.com.tw/article/article.action?id=5054395。中華民國外交部／釣魚臺列嶼爭議簡析，https://www.mofa.gov.tw/cp.aspx?n=6EB65C17DD7B1B6C】,teachers_book,中華人民共和國,政治,"[釣魚臺, 尖閣群島, 舊金山和約, 主權爭議, 琉球]",V.2/Ch.6/近代東亞局勢的發展,釣魚臺主權爭議,,,
969,成立: 1948年8月15日<br>背景: 聯合國主持下，協助在中國的韓國流亡政權返回建立政府<br>體制: 實施立憲共和，為行政、立法、司法三權分立的大統領制<br>首任國家領導: 李承晚為第一任大統領，李始榮為副大統領<br><br>【改寫自：朱立熙，《韓國史：悲劇的循環與宿命》（臺北：三民，2013），頁188～189。簡江作、劉順福，《韓國與朝鮮現代史》（臺北：編譯館，2009），頁60～61】,teachers_book,朝鮮,政治,"[大韓民國, 第一共和, 聯合國, 大統領制, 李承晚]",V.2/Ch.6/近代東亞局勢的發展,大韓民國（第一共和）,,,
970,成立: 1948年9月9日<br>背景: 蘇聯軍隊拒絕聯合國人員進入朝鮮半島北部，並在蘇聯軍隊控制範圍內扶持共產政權<br>體制: 實施共產主義蘇維埃體制，進行一人專政<br>首任國家領導: 金日成為建國首任最高領導者，任朝鮮勞動黨中央委員會委員長。1972年朝鮮設立國家主席以來成為首任國家主席，此一實際職位在1998年之後修憲廢止。1998年的修憲案中指定已逝的金日成為永遠的國家主席<br><br>【改寫自：朱立熙，《韓國史：悲劇的循環與宿命》（臺北：三民，2013），頁188～189。簡江作、劉順福，《韓國與朝鮮現代史》（臺北：編譯館，2009），頁3、60～61、81～82】,teachers_book,朝鮮,政治,"[朝鮮民主主義人民共和國, 蘇聯, 蘇維埃體制, 金日成, 朝鮮勞動黨]",V.2/Ch.6/近代東亞局勢的發展,朝鮮民主主義人民共和國,,,
971,時間: 1950年6月25日～1953年7月27日<br>背景: 1948年南北韓各自成立政權。南韓自成立以來持續處於政治鬥爭，國內的改革也引發經濟蕭條與社會動亂，情勢有利於北韓統一朝鮮半島<br>爆發: 1950年6月25日北韓軍隊越過北緯38度線，侵略南韓，迫使政治、軍事、經濟狀態不穩的南韓政權往南退，8月18日南韓已經退至國境南邊的釜山<br>轉折: 麥克阿瑟領導16國聯合的盟軍反攻，10月19日攻至北韓首都平壤，一度推至國境北邊的鴨綠江。中國解放軍10月25日參與韓戰，在1951年1月1日將戰線推回北緯38度線<br>結束: 1953年7月27日北韓、中共、盟軍三方在板門店簽署停戰協定（南韓並未參與）<br>意義與影響: 韓戰使朝鮮半島長期處於非和平的分裂狀態。此外，美國受韓戰刺激，下令第七艦隊協防臺灣，進一步阻止了毛澤東、蔣中正的軍事活動<br><br>【改寫自：朱立熙，《韓國史：悲劇的循環與宿命》（臺北：三民，2013），頁189～192。簡江作、劉順福，《韓國與朝鮮現代史》（臺北：編譯館，2009），頁67～79】,teachers_book,朝鮮,政治,"[韓戰, 北緯38度線, 麥克阿瑟, 板門店, 第七艦隊]",V.2/Ch.6/近代東亞局勢的發展,韓戰,,,
972,「金日成主體思想」為1955年12月28日金日成在朝鮮勞動黨全體大會上發表「黨事業之主體」的想法演變而成，其理念為「革命與建設的主人就是人民大眾，而推展革命與建設的力量亦是民眾的思想」，以領袖為中心領導方針，發展朝鮮政治、經濟、社會、文化，建立黨與全體人民團結一體的國家。<br>1994年金日成去世後，由其長子金正日繼位。2011年金正日去世後再由其子金正恩接掌政權，為北韓第三代領導人。<br><br>【改寫自：簡江作、劉順福，《韓國與朝鮮現代史》（臺北：編譯館，2009），頁84】,teachers_book,朝鮮,文化,"[金日成主體思想, 金日成, 人民大眾, 金正日, 金正恩]",V.2/Ch.6/近代東亞局勢的發展,金日成主體思想,,,
973,越南共產黨在1930年2月3日成立於香港，由胡志明召集組成。後來越南共產黨在共產國際的指示下改名為印度支那共產黨，在越南策劃多起農工為主體的罷工、示威遊行、暴動。<br><br>【改寫自：陳鴻瑜，《越南近現代史》（臺北：編譯館，2009），頁80】,teachers_book,越南,政治,"[越南共產黨, 胡志明, 共產國際, 印度支那共產黨, 罷工]",V.2/Ch.6/近代東亞局勢的發展,越南共產黨,,,
974,1945年8月15日日本宣布終戰，8月16日胡志明與印度支那共產黨即開始組織越南獨立政府。8月19日越南民主共和國臨時政府成立，並迅速擴張其勢力範圍，迫使日本支持的越南國王保大退位。<br>9月2日胡志明宣布越南獨立，成立越南民主共和國，其在獨立宣言中提到：「所有人生而平等，由造物主賦予不可讓渡的權利，包括生命、自由、平等和追求快樂。（中略）………80多年來，法國帝國主義者濫用自由、平等和博愛的標準，侵略我們的祖國、壓迫我們的同胞。他們違反人道和正義的理想，（中略）………剝奪了我們人民的每項民主自由的權利。（中略）………事實上我們是從日本手裡取得獨立，而非從法國。法國人已逃跑了，日本人無條件投降，保大放棄王位。我們的人民打開了一世紀來的枷鎖，贏得了祖國的獨立。我們的人民同時推翻了數十世紀的君主政體，另建立現在的民主共和國。（中略）……基於這些理由，我們，越南民主共和國臨時政府的成員，莊嚴地向全世界宣布，越南有權成為自由和獨立的國家，事實上，他已是一個獨立的國家。全體越南人民決定動員其所有人力和心力，去犧牲生命和財產以保障他們的獨立和自由。」<br><br>【改寫自：陳鴻瑜，《越南近現代史》（臺北：編譯館，2009），頁103～107】,teachers_book,越南,政治,"[越南民主共和國, 胡志明, 印度支那共產黨, 保大, 獨立宣言]",V.2/Ch.6/近代東亞局勢的發展,越南民主共和國,,,
975,1945年9月23日法國占領西貢，試圖奪回越南的控制權，法越雙方在1946年12月爆發全面的軍事衝突。至1950年，越南共和國已失去首都和大部分控制區，胡志明拜訪毛澤東，取得中國的協助，在中越邊境建立據點進行游擊戰。<br>1954年越南在奠邊府戰役戰勝法軍，法軍8000人被俘虜，4000人死亡，為已經準備召開的日內瓦會議取得談判籌碼。戰後法國承認越南獨立、南北越分治。<br><br>【改寫自：陳鴻瑜，《越南近現代史》（臺北：編譯館，2009），頁109、153、189～199、212。克里斯多佛·高夏著，譚天譯，《越南：世界史的失語者》（新北：聯經，2019），頁272～277、283、339～345】,teachers_book,越南,政治,"[越南獨立戰爭, 法國, 胡志明, 奠邊府戰役, 日內瓦會議]",V.2/Ch.6/近代東亞局勢的發展,越南獨立戰爭,,,
976,時間: 1954年7月21日<br>背景: 為解決印度支那（大致是今日的越南、寮國、柬埔寨）與朝鮮戰爭問題，美、英、法、蘇聯、中華人民共和國、北越、越南國、寮國、柬埔寨等國在4月27日召開會議<br>內容: 與越南相關的部分包含：<br>1. 法國撤出越南，並承認殖民地獨立<br>2. 南北越以北緯17度線分界，立即停火<br>3. 南北越為中立國，不得有任何軍事發展，包括設置軍事基地、進口軍火、與他國締結軍事同盟或依附任何集團國家<br>4. 南北越應實施普選，達成統一目標<br>意義與影響: 日內瓦談判僅為一項停火宣言（後來只有法國和北越簽署協議），並確立南北越應該實施普選，在一個主權國下統一越南，但並未聲明是胡志明領導北越還是美國支持的南越。此結果成為美國介入越南戰爭的背景<br><br>【改寫自：陳鴻瑜，《越南近現代史》（臺北：編譯館，2009），頁199～212。克里斯多佛·高夏著，譚天譯，《越南：世界史的失語者》（新北：聯經，2019），頁339～345】,teachers_book,越南,政治,"[日內瓦停戰協定, 印度支那, 北緯17度線, 普選, 停火宣言]",V.2/Ch.6/近代東亞局勢的發展,日內瓦停戰協定,,,
977,吳廷琰出生於1901年，由於其反法與反日的立場，獲得美國的青睞。美國為了圍堵共產主義擴張，支持吳廷琰在越南南部建立親美政權。1955年10月23日吳廷琰透過操作選舉取代原先法國殖民時期的政權領袖，並於10月26日成立越南共和國。<br>越南共和國在吳廷琰的統治下呈現高壓、專制，又透過家族裙帶關係壟斷政治，加上吳廷琰本身為天主教徒，對佛教沒有好感，常壓迫佛教徒，引發民怨。隨著1961年美國參與越戰，吳廷琰對於美國人的要求與干涉感到不滿，漸生摩擦，也失去美國的全力支持。在美國知情但無意介入的狀況下，吳廷琰在1963年11月遭遇軍事政變被殺。<br><br>【改寫自：時殷弘，〈美國與吳庭艷獨裁政權的確立〉，《歷史研究》（北京：中國社會科學雜誌社，1991年第6期），頁172～184。時殷弘，〈美國和南越倒吳政變〉，《山東師範大學學報（人文社會科學版）》（濟南：山東師範大學，1991年第4期），頁172～184。陳鴻瑜，《越南近現代史》（臺北：編譯館，2009），頁223～265。克里斯多佛·高夏著，譚天譯，《越南：世界史的失語者》（新北：聯經，2019），頁348～365】,teachers_book,越南,政治,"[吳廷琰, 越南共和國, 親美政權, 軍事政變, 共產主義]",V.2/Ch.6/近代東亞局勢的發展,吳廷琰,,,
978,1955年在美國支持下成立，惟政權始終不穩。自從1963年吳廷琰遭到政變之後，南越政權陷入軍人弄權變得更加混亂。1973年美國退出越戰之後，南越勢力衰弱，在1974年遭到北越強力入侵，1975年4月底瓦解。<br><br>【改寫自：陳鴻瑜，《越南近現代史》（臺北：編譯館，2009年，頁223～354。克里斯多佛·高夏著，譚天譯，《越南：世界史的失語者》（新北：聯經，2019），頁348～456】,teachers_book,越南,政治,"[越南共和國, 吳廷琰, 越戰, 南越, 北越]",V.2/Ch.6/近代東亞局勢的發展,越南共和國,,,
979,時間: 1961年1月～1975年4月<br>爆發: 1954年停戰協定以來，越南共產黨持續吸收南越反政府者，支援南越反政府組織，1960年更授權使用武力。越南共和國從1960年開始出現兵變、地方叛亂等情形<br>美國介入: 1961年美國甘迺迪總統提升南越的軍事援助，包括軍售與軍事顧問<br>東京灣事件: 1964年8月，美國驅逐艦在東京灣蒐集情報時遭到越南民主共和國攻擊，促使美國國會在8月7日決議發動軍事行動。美國遂在未宣戰的情況下向北越發動報復性空襲，正式介入越南戰爭<br>巴黎和平協議: 隨著美國在越南戰爭中傷亡人數過高，國內反戰聲浪愈來愈高，1969年尼克森總統開始下令撤出越戰。經過多次談判，1973年1月27日美國與南越、北越簽署《結束越南戰爭與恢復和平協議》，又稱為巴黎和平協議；美國正式退出越戰<br>結束: 1975年4月30日，越南人民軍占領越南共和國首都西貢，結束內戰<br><br>【改寫自：陳鴻瑜，《越南近現代史》（臺北：編譯館，2009），頁241～354。克里斯多佛．高夏著，譚天譯，《越南：世界史的失語者》（新北：聯經，2019），頁386～418】,teachers_book,越南,政治,"[越南戰爭, 東京灣事件, 巴黎和平協議, 甘迺迪, 尼克森]",V.2/Ch.6/近代東亞局勢的發展,第二次越南戰爭,,,
980,1969年4月為止，美軍在越戰中已經有3萬多人死亡。受到美國國內的社會壓力，尼克森強調未來將逐步落實「越戰越南化」，兌現「將孩子從越南帶回來」的競選承諾。他在7月25日時提出如下的聲明：「要協助他國保衛其自由時，美國的政策應幫助他們打仗，而不是為他們打仗。」<br><br>【改寫自：陳鴻瑜，《越南近現代史》（臺北：編譯館，2009），頁328。克里斯多佛．高夏著，譚天譯，《越南：世界史的失語者》（新北：聯經，2019），頁413～414】,teachers_book,美國,政治,"[尼克森, 越戰, 越戰越南化, 社會壓力, 競選承諾]",V.2/Ch.6/近代東亞局勢的發展,1969年尼克森總統承諾退出越戰,,,
981,戰爭背景: <ul><li>中蘇關係決裂：1960年起，中蘇交惡、衝突不斷，蘇聯持續軍事擴張，並拉攏越南；越南當時外交政策完全偏向蘇聯，導致中國不滿。同時，中國爭取美國等西方國家的援助、反對蘇聯的擴張，證明中國的價值，以便爭取資金和技術，加速中國實現「四個現代化」進程</li><li>中越邊境衝突：1974年，中國攻打當時由南越政府管轄的黃沙群島（中國稱為西沙群島）、1975年北部灣和陸路邊界談判均被擱置</li></ul><br>紅色高棉: 又稱「赤柬」，正式名稱為民主柬埔寨；1975年至1979年間，在中共支持下建立的極左政權。以暴力強制手段進行無產階級革命專政，並以清除反對分子為名進行大屠殺，至少有170萬人（約4分之1）因此死亡。1978年底開始，越南以大量僑民遭赤柬殺害為由，起兵進攻柬埔寨<br>* 2018年底，法院以「反人類罪」判處紅色高棉兩名高層無期徒刑。這是紅色高棉大屠殺史上首次被正式認定為「種族滅絕」，被認為是柬埔寨轉型正義的里程碑<br>事件經過: 越南推翻紅色高棉政權，中國解讀此舉為入侵柬埔寨，於是在1979年2月17日舉兵越南，遭到越南強烈抵抗。直到3月16日，中國宣布完成撤軍行動，戰爭結束<br>後續發展: 中越雙方都聲稱贏得勝利，事實上卻是慘敗。戰爭共造成中方2.6萬人戰死、3.7萬人受傷；越方3萬人戰死、3.2萬受傷，傷亡的平民更以10萬計<br><ul><li>中國：軍事方面，中國的軍隊傷亡人數遠遠超乎預料，讓鄧小平決定對解放軍進行全面改革。外交政策方面，中國也未能迫使越南立即從柬埔寨撤兵，而要到1989年越南才把軍隊完全撤離</li><li>越南：越南邊境許多地區幾乎全毀，而戰爭過程中蘇聯未曾給予支持，也驗證了越南外交政策的失誤</li></ul>80年代，越南失去了中國的經濟援助，加上受到世界的制裁，全國經濟社會崩塌，迫使最高領導層在1986年實行經濟改革；而蘇聯也在1991年解體。中國因在天安門事件後與美國關係惡化，並受到世界的部分制裁，所以盡力與東南亞國家打好關係。中越雙方因此在1991年11月正常化<br><br>【引用自：關鍵評論／1979年中越邊境戰爭：一場從未在越南歷史教科書出現的抗敵戰爭，https://asean.thenewslens.com/article/115232。亞洲週刊／中越戰爭40年祭 改寫東南亞權力格局，http://www.yzzk.com/cfm/content_archive.cfm?id=1557371959337&docissue=2019-19。中越邊界談判段回憶，http://www.sohu.com/a/273676680_505355。轉角國際／紅色高棉大審判：柬埔寨百萬大屠殺的「種族滅絕」定罪，https://global.udn.com/global_vision/story/8662/3484926】,teachers_book,中華人民共和國,政治,"[中越戰爭, 中蘇關係決裂, 紅色高棉, 鄧小平, 四個現代化]",V.2/Ch.6/近代東亞局勢的發展,中越戰爭,,,
982,1986年越南開始採取市場經濟政策。為了配合政策修正，越南於1992年修訂新憲法，提出兩項經濟改革：<br>1. 依據社會主義取向，設立多部門和多元的市場經濟，允許國有、集體擁有、私有企業存在。<br>2. 採取門戶開放政策，加入國際經濟組織，加強國際間經濟、科學、技術的合作與交流，並鼓勵國外組織或個人在越南投資，保證不會將其成果國有化。<br>此後越南進行多次政治、經濟方面的改革，逐步縮減政府的權力，賦予人民更多權利保障如居住遷徙、言論、出版、集會、結社等自由。<br><br>【改寫自：陳鴻瑜，《越南近現代史》（臺北：編譯館，2009），頁377～399】,teachers_book,越南,經濟,"[改革開放, 市場經濟, 社會主義, 門戶開放, 國有化]",V.2/Ch.6/近代東亞局勢的發展,越南改革開放,,,
983,時間: 1965年9月30日<br>背景: 印尼總統蘇卡諾的支持力量，以軍隊與印尼共產黨為主，這兩個勢力在意識形態與政治立場上充滿衝突與矛盾<br>爆發: 9月30日共產黨殺害6位陸軍將領，遭到陸軍反擊，約40萬至50萬共產黨人士遭到殺害<br>影響: 此事件導致蘇卡諾失勢下臺，指揮反擊的軍方高層蘇哈托少將取得政權。由於中國涉入九三○事件，蘇哈托肅清共產黨，同時也迫害許多中國人，並且跟中國斷交。其他東南亞國家的共產勢力也因遭到肅清而衰退,teachers_book,東南亞,政治,"[九三○事件, 印尼, 蘇卡諾, 蘇哈托, 印尼共產黨]",V.2/Ch.6/近代東亞局勢的發展,九三○事件,,,
984,九三○事件後印尼出現排華浪潮，同年10月中國駐印尼大使館遭到破壞，11月更有2000多戶華人民宅遭到破壞。印尼排華行動的擴大促使中國與臺灣進行人道救助，接納印尼華僑並進行安置。1966到1969年間廣東省就接待近2萬難民，並安置1.5萬人。<br><br>【改寫自：張小欣，〈“九三○”事件后中國對印尼歸難僑救濟安置工作論析〉，《華僑華人歷史研究》（北京：中國華僑華人歷史研究所，2011年第2期），頁51～60】,teachers_book,東南亞,社會,"[印尼排華, 九三○事件, 排華浪潮, 印尼華僑, 人道救助]",V.2/Ch.6/近代東亞局勢的發展,印尼排華事件,,,
985,波帕政權實施人民公社制度，強迫全國都市居民回歸最初級的勞動，光是首都金邊即有將近200萬居民被迫遷至農村自力更生。此外，人民公社拆散基本的小家庭制度，隔離成人與孩童，以公社為單位過著集體勞動的生活，反對者皆被處以死刑。<br>由於波帕的政策導致被處死、餓死、病死者至少100萬，直到1978年越南進軍柬埔寨，維持3年的恐怖政權才宣告瓦解。<br><br>【改寫自：岩崎育夫著，廖怡錚譯，《從東南亞到東協：存異求同的五百年東南亞史》（臺北：商周．城邦文化，2018），頁171。顧長永，《東南亞各國政府與政治：持續與變遷》（臺北：臺灣商務，2013），頁299】,teachers_book,東南亞,政治,"[柬埔寨, 人民公社, 波帕, 金邊, 集體勞動]",V.2/Ch.6/近代東亞局勢的發展,柬埔寨人民公社政策,,,
986,1953年周恩來與印度討論西藏地區事務時，首次完整提出了和平共處五項原則的概念，即：1. 互相尊重領土主權；2. 互不侵犯；3. 互不干涉內政；4. 平等互惠；5. 和平共處。這五項原則成為中國跟周邊國家簽訂國際條約時的基礎。1955年萬隆會議，周恩來再度援引此五項原則，並將第一點調整為「相互尊重主權與領土完整」。<br><br>【改寫自：齊鵬飛、穆阿妮，〈和平共處五項原則與中尼建交和邊界談判〉，《南亞研究》（北京：中國社會科學院亞太與全球戰略研究院、中國南亞學會，2013年第3期），頁97～112】,teachers_book,中華人民共和國,政治,"[和平共處五項原則, 周恩來, 萬隆會議, 互不干涉內政, 領土主權]",V.2/Ch.6/近代東亞局勢的發展,和平共處五項原則,,,
987,背景: 1954年北越自法越戰爭中取得勝利，於日內瓦會議中獲得獨立地位。法國退出中南半島，使美國覺得東南亞防共網出現漏洞，欲組成反共軍事組織<br>成立: <ul><li>1954年9月成員國在菲律賓馬尼拉針對組織目標與協定進行討論，簽訂《東南亞集體防衛公約》（又稱馬尼拉條約）</li><li>1955年2月東南亞集體防衛組織於泰國曼谷正式成立，並於組織下設立經濟專家小組，提供研究報告與建議，促進成員國討論、建立雙邊合作關係</li></ul><br>影響: 東南亞集體防衛公約組織的成立，在美國與菲律賓、泰國簽訂的軍事、經濟合作協定的基礎（《美菲軍事基地協定》、《美菲共同防禦條約》、《美泰軍事援助協定》、《美泰經濟技術合作協定》）上，進一步鞏固美國在東南亞的影響力<br>侷限: 1. 成員國利益不一致，組織目標產生分歧<br>2. 成員國間的國家發展水平差距過大，以至於合作成效不高，難以跟北約組織相提並論<br>3. 成員國中僅有泰國、菲律賓位於東南亞，缺乏代表性<br>4. 1970年代中美外交關係逐漸正常化，美國失去在東南亞設立反共防線的動機<br>美國與其他成員國對於組織的期許不同，且組織在美國主導下反共意識的政治目的強烈，以至於組織難以擴展。由於東南亞公約組織的侷限，1960年代東南亞國家即自行建立區域聯盟，進行區域多邊合作，如1961年馬來西亞、泰國、菲律賓組成東南亞聯盟，1963年馬來西亞、菲律賓、印尼組成馬菲印組織<br>結束: 東南亞各國去殖民化的政策逐漸完成，並期許能建立東南亞為主體的組織，1970年代東南亞國家多加入東南亞國家協會，無意參與東南亞公約組織的活動。1975年成員國決議東約將中止活動，並於1977年正式解散<br><br>【改寫自：郭又新、姚昱，〈冷戰與發展的矛盾——20世紀50年代美國對東南亞條約組織的經濟政策〉，《東南亞研究》（廣州：暨南大學東南亞研究所，2013年第2期），頁62～67。趙丹丹，〈冷戰背景下的東南亞聯盟（1961～1967）〉（碩士論文）（長沙：湖南師範大學，2014）。岩崎育夫，《從東南亞到東協：存異求同的五百年東南亞史》（臺北：商周，1997），頁257～277】,teachers_book,東南亞,政治,"[東南亞公約組織, 反共, 馬尼拉條約, 冷戰, 東南亞國家協會]",V.2/Ch.6/近代東亞局勢的發展,東南亞公約組織,,,
988,成立: 1967年8月8日，馬來西亞、泰國、印尼、菲律賓、新加坡五個國家在曼谷開會，發布《東南亞國家協會宣言》（又稱《曼谷宣言》）<br>目的: 推動東南亞區域經濟合作<br>意義: 在經過兩次合作經驗下，成立占東南亞面積68%、人口73%的區域合作組織<br>重要主張: <ul><li>1971年發布《和平、自由和中立區宣言》，主張排除外界對東南亞在任何形式上的干涉，對美國在東南亞的控制提出異議</li><li>1976年通過《東協協調一致宣言》、《東南亞友好合作條約》，確定東協國家對外關係的原則，秉持「不干涉內政」、「尊重彼此的主權獨立、平等、領土完整性、民族特色」、「不使用武力」、「和平解決紛爭」等立場</li><li>2007年通過《東協憲章》，確立東協的基本原則，並推動建立東協共同體（包含東協政治安全共同體、東協經濟共同體、東協社會文化共同體）</li></ul><br>發展: <ul><li>1967年五個創始國創立以來，稱為「東協5」時期</li><li>1984年以來隨著冷戰局勢緩解，東南亞國家陸續加入東協，尋求經濟改革與發展上的協助。至1999年為止，汶萊、緬甸、柬埔寨、寮國、越南等五國加入，進入「東協10」時期</li></ul><br>特色: 1. 互不干涉內政：加入東協者，必先簽署《東南亞友好合作條約》，確立尊重東南亞各國主權，不干涉內政且不使用武力，被稱為「東協原則」<br>2. 與會國一致同意原則：所有會議需要與會國一致認同才能通過，為建立在互不干涉內政基礎上的另一規範，屬於另一項「東協原則」<br>3. 東協經濟共同體：2003年《東協峇里第二條約》決定創建東協共同體，並於2015年創立。目標為推動東南亞經濟整合，發展單一市場提高經濟競爭力，並平衡區域經濟發展,teachers_book,東南亞,經濟,"[東南亞國家協會, 曼谷宣言, 區域經濟合作, 東協憲章, 東協原則]",V.2/Ch.6/近代東亞局勢的發展,東南亞國家協會,,,
989,柬埔寨問題: 1978年越南與柬埔寨發生衝突，並引發越南、中國、柬埔寨間的戰爭。聯合國內部分裂成親中、親越兩派，未能有效阻止紛爭。東協透過政治、經濟上孤立越南與柬埔寨，促使越南在1989年撤出柬埔寨<br>南沙群島問題: <ul><li>南沙群島位於南海，因蘊藏石油、天然氣，且為天然漁場等自然資源，為周遭國家爭奪。其中以中國在斯普拉特利島等地建設人工島、設立軍事基地等行動，遭到東南亞各國的抗議</li><li>東協針對此事屢次召開會議，然柬埔寨受中國經濟援助下，與東南亞各國形成意見分歧，導致東協在「與會國一致同意原則」下未能做出實際行動</li></ul><br>湄公河流域開發案: 湄公河僅流經東協中半數國家，但東協於1995年將湄公河流域的開發事項列入東協會員國共同開發與管理，對越南、柬埔寨、寮國等經濟發展後進國提供支援。湄公河流域開發案為東協推動平衡區域經濟發展的具體案例<br><br>【改寫自：岩崎育夫，《從東南亞到東協：存異求同的五百年東南亞史》（臺北：商周，1997），頁278～283。HEN PHANARITH，〈1979～1991 柬埔寨——東盟關係：從衝突到合作〉（碩士論文）（長春：吉林大學，2009）。周士新，〈東盟在南海問題上的中立政策評析〉，《當代亞太》（北京：中國社會科學院亞太與全球戰略研究院、中國亞洲太平洋學會，2016年第1期），頁100～123、157～158】,teachers_book,東南亞,政治,"[東協, 柬埔寨, 南沙群島, 湄公河, 與會國一致同意原則]",V.2/Ch.6/近代東亞局勢的發展,東協參與的國際協調,,,
990,背景: 1997年亞洲金融風暴重創東南亞經濟。為了穩定經濟發展，東協邀請中國、日本、韓國共同進行經濟合作會議<br>東協+3: 1997年東協邀請中、日、韓三國參與會議，此後中、日、韓三國長期參與東協的經濟會議，並於1999年確立「東協+3」為固定模式<br>東協+6: <ul><li>2000年馬來西亞總理提出東亞峰會構想，並於會中討論確定由原先的10+3基礎上，加上印度、澳洲、紐西蘭三國，進行多邊談話</li><li>「東協+6」與「東協+3」為平行存在的會議，「東協+6」並未取代「東協+3」，其背後為中、日雙方對於區域經濟發展路線的分歧產生的競爭</li></ul><br><br>【改寫自：謝碧霞、張祖興，〈從《東盟憲章》看“東盟方式”的變革與延續〉，《外交評論》（北京：外交學院，2008年第4期），頁37～44。王玉主，〈亞洲區域合作的路徑競爭及中國的戰略選擇〉，《當代亞太》（北京：中國社會科學院亞太與全球戰略研究院、中國亞洲太平洋學會，2010年第4期），頁72～87】,teachers_book,東南亞,經濟,"[東協, 亞洲金融風暴, 東協+3, 東協+6, 東亞峰會]",V.2/Ch.6/近代東亞局勢的發展,東協+N,,,
991,區域全面經濟夥伴協定（RCEP）為東協於2011年提出，在「東協+6」基礎上建立的區域經濟貿易與合作協定。此提案在2012年經16國討論達成初步共識，於2013年開啟第一次協商，至今仍然在進行協商中，協定內容尚未確定與通過。<br><br>【改寫自：鄭學黨、莊芮，〈RCEP的動因、內容、挑戰及中國對策〉，《東南亞研究》（廣州：暨南大學東南亞研究所，2014年第1期），頁33～38。張彬、張菲，〈RCEP的進展、障礙及中國的策略選擇〉，《南開學報（哲學社會科學版）》（天津：南開大學，2016年第6期），頁122～130】,teachers_book,東南亞,經濟,"[RCEP, 東協, 東協+6, 區域經濟, 貿易]",V.2/Ch.6/近代東亞局勢的發展,區域全面經濟夥伴協定,,,
992,成立: 1989年1月澳洲總理提出建立亞太地區官方合作組織的構想，並於同年11月成立於澳洲首都坎培拉<br>背景: 自中國、東協經濟改革以來，東亞地區經濟體系逐漸形成，各國期望建立取消關稅壁壘的多邊經濟合作<br>特色: 以東亞地區為核心，成員協議與共識傾向東亞利益，並促進東亞區域認同的建立<br><br>【改寫自：楊丹偉，〈臺灣參與APEC：背景、特點及影響〉，《臺灣研究集刊》（廈門：廈門大學臺灣研究院，2002年第3期），頁77～83。王庭東，〈論東亞新地區主義〉，《當代亞太》（北京：中國社會科學院亞太與全球戰略研究院、中國亞洲太平洋學會，2003年第1期），頁52～58】,teachers_book,全球化,經濟,"[APEC, 亞太地區, 多邊經濟合作, 關稅壁壘, 東亞]",V.2/Ch.6/近代東亞局勢的發展,亞洲太平洋經濟合作會議,,,
993,古希臘人是多神信仰，所有的文化皆與奧林帕斯山上的眾神有關。奧林帕斯山脈位於希臘北部，接近愛琴海岸，綿延約４０公里。根據西元前八世紀詩人赫西奧德（Hesiod）《神譜》（Theogony）的說法，在一個稱為開奧斯（Chaos，混沌）的無垠空間中產生了蓋亞（Gaia 或 Gaea，地），蓋亞為烏拉諾（Uranus，天）之妻，烏拉諾因害怕遭到子女泰坦（Titans，巨人們）反叛而囚禁他們。克洛納斯（Cronus）帶領眾兄弟姊妹們叛父，令其喪失神力。之後，克洛納斯娶了自己的姊妹瑞亞（Rhea），生下了大家所熟知的神祇，包括宙斯、波賽頓、狄米特、海地斯等。這些神祇如同常人般具有喜怒哀樂的情緒。希臘人每四年一次於伯羅奔尼撒半島西北部的奧林匹亞舉行運動會來崇敬諸神，除了運動競技外，還有音樂及詩歌的比賽。<br><br>【改寫自：王曾才，《世界通史》（臺北：三民書局，1993），頁 117 ~ 119】,teachers_book,古希臘,文化,"[奧林帕斯山, 赫西奧德, 神譜, 蓋亞, 宙斯]",V.3/Ch.1/古代文化與基督教傳統,希臘神話中的神祇,,第三冊,
994,作者：盲眼詩人荷馬為生活在西元前850年左右的愛奧尼亞人，曾遊歷過地中海所有地區，最後逝於愛斯奧島（今尼奧島）上<br>內容：<br>伊里亞德：此篇史詩共有 15693 行，大約撰寫於西元前九世紀，內容主要描寫特洛伊戰爭最後一年中 51 天發生的故事。史詩敘述戰爭中傳奇的情節，凸顯希臘英雄阿基里斯的形象，並詳述希臘將領奧德修斯以木馬屠城計謀占領特洛伊城的經過<br>奧德賽：此篇史詩共有 12110 行，以奧德修斯為主軸，敘述特洛伊城攻陷後，其回國 10 年途中的遭遇，並再度奪得王位的經過<br>影響：史詩記載西元前十一～前九世紀的希臘歷史，最初可能只是基於古代口耳相傳的神話和英雄故事，荷馬應該是整理兩部史詩並將其定型的作者。然而這兩部史詩不僅成為希臘公民教育的教材，也是文藝創作的範本，對於歐洲文學的發展具有一定的影響力<br><br>【改寫自：尤義賓主編，《世界通史》（新北：中經社，2005），頁34～35；曾秉赫，《圖解古文明》（新北：華威國際，2009），頁181；王尚德，《希臘文明》（新北：華滋出版，2010），頁188 ~ 191】,teachers_book,古希臘,文化,"[荷馬, 伊里亞德, 奧德賽, 特洛伊戰爭, 阿基里斯]",V.3/Ch.1/古代文化與基督教傳統,荷馬史詩,,,
995,在雅典尚未命名時，奧林帕斯十二眾神中的海神波賽頓及智慧女神雅典娜，皆看中了這座城邦，為了爭取成為此城邦的守護神而爭鬥。這場鬥爭由當地的居民仲裁，他們要求兩人各自創造出對當地居民最有幫助的事物，獲勝者便可成為城邦的守護神。海神波賽頓以三叉戟劈開岩石，從岩石中流出的泉水裡變出戰馬，象徵勝利與力量；而聰明的雅典娜用長矛點開地面，地面長出了一顆結實累累的橄欖樹，象徵著和平與豐美。最後，居民選擇了橄欖樹，雅典娜因而成為此地的守護神。<br><br>【改寫自：夏淑怡譯，《CG 古希臘&世界七大奇景》（臺北：時報文化，2008），頁16】,teachers_book,古希臘,文化,"[雅典, 波賽頓, 雅典娜, 守護神, 橄欖樹]",V.3/Ch.1/古代文化與基督教傳統,雅典娜為雅典守護神的傳說,,,
996,神廟基座<br>神廟推測是以城外的白特利肯山所開鑿的白色大理石打造，其總重量約有3萬噸。神廟基座長 69.53 公尺、寬 30.88 公尺，而內部支撐整個神殿的圓柱高達 10.43 公尺。<br><br>神廟設計<br>從遠處觀看帕德嫩神廟，能感受到非常均整及安定，設計者所用的是「圓柱收分線」的建築技巧。圓柱設計向內側傾斜，間隔不相等，而基座線只有中央部分隆起，線條柔和。<br><br>主殿神像<br>主殿內安放著一尊高達 11 公尺的雅典娜雕像，服裝是黃金製的，肌膚則是象牙雕成的，傳聞是古希臘雕刻大師菲迪亞斯的作品，據說雕像製作費用超過神廟建造費用。,teachers_book,古希臘,文化,"[帕德嫩神廟, 圓柱收分線, 雅典娜雕像, 菲迪亞斯, 大理石]",V.3/Ch.1/古代文化與基督教傳統,雅典的帕德嫩神廟,,,
997,探索宇宙時期<br>（約泰利斯到亞納撒個拉斯 Anaksagoras）：此時期的希臘哲人，首先關心的是廣大宇宙如何形成，其次探討世界是由什麼物質所組成，提出宇宙的原質後，還必須進一步思考這些物質如何形成宇宙<br><br>探索人類社會時期<br>（辯士學派到蘇格拉底）：由於哲人們對宇宙問題提出不同的主張，有的互相矛盾，最後走向以主觀的認識為最高依據。此外，希臘城邦政治許多問題都透過討論來進行，演變成以說服對方、駁倒群眾為目的。蘇格拉底對此提出嚴厲批判，首先確定了辯證的遊戲規則，經由對話而達到一致的看法<br><br>體系化時期<br>（從柏拉圖開始，尤其是亞里斯多德更是此時期代表人物）：柏拉圖的《對話錄》中系統性地處理了形而上學、知識學、倫理學、宇宙論等問題，亞里斯多德更是以理論哲學、實踐哲學和創作哲學來討論哲學的問題<br><br>【引用自：劉仲容，《西洋哲學史》（新北：國立空中大學，1999），頁5～6】,teachers_book,古希臘,文化,"[宇宙, 辯士學派, 蘇格拉底, 柏拉圖, 亞里斯多德]",V.3/Ch.1/古代文化與基督教傳統,希臘哲學的三個分期,,,
998,生平：泰利斯出生於貴族家庭，天生聰明，對政治深具興趣，精通數學、天文及自然科學，曾赴海外經商。亞里斯多德因泰利斯最先提出哲學的答案而稱之為「哲學之父」<br><br>理念：泰利斯是古希臘第一個提出「什麼是萬物本源」這個哲學問題的學者，打破希臘人關於世界起源的神祕觀念，以經驗觀察和理性思維取而代之。他的理念可以用三句話概括：「宇宙的太初是水」、「地球浮在水上」、「一切都充滿了神明」。「水」是宇宙的太初，是促使宇宙生成變化的動力。此外，水具有神性與活動性，是一種「生」（活）的現象、一種生生不息的動力<br><br>貢獻：泰利斯對於星象及數學的造詣很高，他預測到西元前 585 年發生的日蝕，並從金字塔的陰影計算出其高度。此外，他還將一年的長度修訂為 365 日，並估量太陽及月球的大小<br><br>【改寫自：鄔昆如，《希臘哲學趣談》（臺北：東大圖書，1988），頁22～23】,teachers_book,古希臘,文化,"[泰利斯, 哲學之父, 萬物本源, 水, 日蝕]",V.3/Ch.1/古代文化與基督教傳統,泰利斯提出「水是萬物的本源」,,,
999,梭倫讓貴族與平民兩階級之間獲得妥協，他允許貴族保留土地，同時取消因負債而成為奴隸者的債務。此外，梭倫提供雅典政府的席位給平民，以確保貴族不阻礙他的改革，還開放城邦議事會的任職資格，不以公民出身和血統為考量，讓有錢及閒暇者皆進入議事會。西元前六世紀晚期到前五世紀，雅典領導者增加平民進入政府管理的機會，任職者給予津貼。雅典透過這一系列改革，逐漸成為一個民主國家。伯里克里斯時期，其民主政治發展到達頂峰。伯里克里斯出身貴族，是民眾最為愛戴的雅典領袖，雅典在他的努力下成為最繁榮的城邦。他在位期間與平民擔任的政府官員合作，推動大型公共建設，提供大量的就業機會。此時，繁榮的雅典出現大批的科學家、哲學家、詩人、劇作家、藝術家以及建築師。以雅典為榮的伯里克里斯，讚美雅典為「希臘的學校」。<br><br>【改寫自：杰里·本特利赫伯特、齊格勒著，魏鳳蓮等譯《新全球史文明的傳承與交流（上下）》（北京：北京大學出版社，2007），頁 254】,teachers_book,古希臘,政治,"[梭倫, 伯里克里斯, 民主改革, 雅典, 城邦議事會]",V.3/Ch.1/古代文化與基督教傳統,從梭倫到伯里克里斯民主改革的意義,,,
1000,雅典民主政治與現代國家的民主政治最大的不同點，在於雅典是以「血緣」關係為基礎來界定公民參政權。雅典特別立法規定，父母親都是「雅典人」的自由成年男子，才有公民參政權，外來移民者（metics）、奴隸、婦女等則無。雅典的民主制度與現代仍有差距，但其對於後世最大的貢獻，在於人民的直接參與政治和表達意見。這是近代西方專制王權強盛時期尚無法比擬的。雅典民主成就在西方樹立典範，也奠下日後西方政治民主的基礎。<br><br>【改寫自：方子毓，《歐洲概論》（臺北：五南，2018），頁31】,teachers_book,古希臘,政治,"[雅典民主政治, 血緣, 公民參政權, 直接參與, 典範]",V.3/Ch.1/古代文化與基督教傳統,雅典民主政治對西方的影響,,,
1001,爆發背景：1. 西元前六世紀末，希臘於地中海東部地區建立不少城邦<br>2. 西元前 513 年，西亞波斯帝國在君王大流士一世的率領下入侵歐洲，隨後占領色雷斯，威脅希臘各邦<br><br>導火線：西元前 500 年，波斯入侵小亞細亞的米利都，遭到該地人民反抗，希臘對其援助，造成波斯不滿，埋下波希戰爭的導火線<br><br>戰爭過程：<br>馬拉松之戰：西元前 490 年，波斯大流士一世出兵希臘，攻陷厄律特里亞，進而與雅典於馬拉松平原開戰，雅典步兵大敗波斯軍隊，並迫其撤軍<br><br>溫泉關戰役：西元前 480 年，波斯君王薛西斯率領大軍再次入侵希臘，與希臘聯軍交戰於隘口溫泉關，斯巴達國王列奧尼達率領三百壯士以寡擊眾壯烈犧牲<br><br>薩拉米海戰：西元前 480 年，波斯攻占溫泉關，隨後雅典城淪陷，波斯海軍包圍薩拉米海灣。希臘聯合艦隊在提米斯托克利指揮下勝出，擊敗波斯艦隊<br><br>普拉提亞會戰：西元前 479 年，在斯巴達的援助下，雅典大敗由波斯貴族馬多尼所指揮的軍隊，澈底擊退波斯人的入侵,teachers_book,古希臘,政治,"[波斯帝國, 大流士一世, 馬拉松之戰, 溫泉關戰役, 薩拉米海戰]",V.3/Ch.1/古代文化與基督教傳統,波希戰爭,,,
1002,崛起背景：波希戰爭中，雅典占有相當大的主導地位，隨之形成雅典霸權。然而，斯巴達在經濟僵化與希洛人（當地農奴）反動下停滯不前<br><br>聯盟形成：雅典與愛琴海各島及小亞細亞各希臘城邦共組聯盟，總部原先設置在提洛島，所以稱為提洛聯盟<br><br>聯盟宗旨：主要是預防波斯人的進攻，確保盟邦的共同安全<br><br>盟邦地位：各盟邦的地位平等，在全盟例會召開時，各加盟的城邦只有一票表決權<br><br>雅典帝國化：在聯盟成立的開始，雅典便掌握行政領導權力，不僅要求沒有或不願提供戰艦的盟邦繳納貢金，聯盟金庫甚而移至雅典，而雅典鑄幣成為共通的貨幣，一旦加入聯盟的城邦便不得退出。至西元前450年，聯盟儼然是一個帝國<br><br>【改寫自：斯塔夫里阿諾斯著、吳象嬰等譯，《全球通史：從史前史到21世紀》（上海：上海社會科學院，1999），頁209】,teachers_book,古希臘,政治,"[雅典霸權, 提洛聯盟, 提洛島, 盟邦, 雅典帝國化]",V.3/Ch.1/古代文化與基督教傳統,雅典提洛聯盟與帝國化,,,
1003,思想紀錄：蘇格拉底生前並未留下與自己相關的著作，要了解其哲學思想只能從柏拉圖、色諾芬的記載中加以探索，然而他們的記載又常互相矛盾，因此何者的記載較接近真相一直是爭論的話題<br><br>哲學理念：蘇格拉底的哲學基礎，主要是建立在知識論和倫理道德的問題上，其名言是：「我所知道的是我一無所知」以及「知識即美德」。而他最關心的哲學議題則是「靈魂的關懷」，他主張「善是人間所有行為的最高標準」，希求靈魂能更趨於善<br><br>貢獻：蘇格拉底對於西方思想最重要的貢獻應該是他的辯證法：他認為每個人都生活在「實在」中，但有些人不了解自己邏輯上的錯誤，因此有各種錯誤的想法。於是他運用一系列的問答方式來協助一個人或一群人判斷他們的信念，如神或正義是否存在，促使一個人檢視他自己的信念和信念的真實性<br><br>蘇格拉底之死：西元前399年，蘇格拉底被指控為「不敬神」，理由是他「不敬奉城邦的神祇」和「腐化青年」。法庭判決他可選擇流放或服毒，有人勸他逃走，他回答道：「判決雖然違背事實，但確實是合法法庭的合法判決，不可以違背。」由於他不肯離開雅典因此服毒自盡。蘇格拉底之死，是希臘民主精神和法治社會的悲劇<br><br>【改寫自：馮作民編著，《西洋全史（三）——希臘城邦》（臺北：燕京文化，1975），頁 742 ~ 747；傅偉勳，《西洋哲學史》（臺北：三民書局，1975），頁70；胡燕欣，《你不可不知道的圖片西洋史》（臺北：高談文化，2005），頁58】,teachers_book,古希臘,文化,"[蘇格拉底, 知識即美德, 靈魂的關懷, 辯證法, 不敬神]",V.3/Ch.1/古代文化與基督教傳統,蘇格拉底的哲學與貢獻,,,
1004,爆發背景：雅典崛起後，成為提洛聯盟的主導者，與由斯巴達所主導的伯羅奔尼撒聯盟互相對抗，雙方戰爭一觸即發<br><br>過程<br>第一階段<br>（西元前431～<br>前421年）：西元前431年6月，斯巴達入侵雅典，戰爭爆發，雙方互有輸贏。然而，西元前430至前429年，雅典爆發瘟疫，形勢漸趨不利。西元前421年，雅典與斯巴達締結《尼希阿斯和約》，要求雙方交換戰俘並退出占領地<br><br>過程<br>第二階段<br>（西元前414～<br>前404年）：西元前415到前413年，雅典發動西西里遠征失敗而元氣大傷。西元前414年斯巴達趁機入侵雅典，嚴重破壞雅典經濟。西元前405年，雅典在羊河口戰役中慘敗，因海上艦隊遭斯巴達瓦解而投降。斯巴達要求雅典僅能保留十二艘船艦，其餘必須全數交出，並拆除雅典城通往比里尤斯港的長牆。此外，提洛同盟必須解散，加入伯羅奔尼撒同盟<br><br>影響：希臘經濟在戰爭時遭到嚴重的破壞，希臘的霸權暫時落入斯巴達手中<br><br>【改寫自：任德山，《圖說歐洲史》（新北：人類智庫數位科技，2014），頁52～53；馬世力、陳光裕，《一本就通：世界史》（臺北：聯經，2010），頁64】,teachers_book,古希臘,政治,"[提洛聯盟, 斯巴達, 伯羅奔尼撒聯盟, 尼希阿斯和約, 羊河口戰役]",V.3/Ch.1/古代文化與基督教傳統,伯羅奔尼撒戰爭,,,
1005,生平：西元前427年，柏拉圖出生於雅典的一個貴族家庭。他在青年時期認識蘇格拉底，20歲時成為蘇格拉底的學生。西元前399年蘇格拉底之死，讓柏拉圖痛恨民主政治。隨後，柏拉圖離開雅典，展開了十幾年的旅行，直到西元前387年，才回到雅典創辦學院，培養勇敢與智慧的政治家。此後四十多年，柏拉圖一面任教，一面從事哲學著述，直至西元前347年去世，享年80歲<br><br>觀點：1. 觀念論：柏拉圖將世界分為「我們所存在並認為真實的感官世界」，以及「超越感官世界以外的抽象觀念界」，所有感官看得見的東西只是抽象觀念的影像。觀念界的最上層是「善自體」，是宇宙間最高的存在，涵蓋了一切的存在<br>2. 地窖之諭：柏拉圖設想兩個不同的感官世界，一個是地窖內的世界，另一個是太陽光下的世界。若一位地窖世界的人見到太陽光下的世界，回去告訴地窖裡的人他所見的一切，並認為地窖中所見皆為幻象，他的下場可能是會被不相信他的同伴打死<br><br>著作：1. 理想國（Politeia）：為其主要的著作之一，Politeia的希臘原文意為民法。此作品共有10卷，理想國的官員或領袖必須從兒童開始陶冶至其年長，其中最高級的領袖（一國之君）必須是哲學家，或至少必須學習哲學。理想國可以說是柏拉圖的政治哲學，也是他具體的人生哲學<br>2. 對話錄：其話題常圍繞於人性和政治美德的理想的探討，例如：美德能否被傳授？美德究竟是什麼？其他如知識和輿論、感覺和現實、自然和人為、身體和靈魂、快樂和痛苦、犯罪和懲罰等議題，在多篇對話中都曾被討論著<br><br>【改寫自：麥克·哈特，《影響世界歷史100位名人》（臺中：晨星出版，2000），頁186～187；鄔昆如，《希臘哲學趣談》（臺北：東大圖書，1988），頁 144 ~ 146】,teachers_book,古希臘,文化,"[柏拉圖, 觀念論, 地窖之諭, 理想國, 對話錄]",V.3/Ch.1/古代文化與基督教傳統,柏拉圖及其著作,,,
1006,科學方法論：1. 與柏拉圖的「觀念論」不同，主張自然是科學研究的客觀對象，進而將科學分類，逐漸形成自然科學與社會科學獨立學科<br>2. 科學的方法論上，強調科學原理需以數學體系與邏輯推理來證明<br><br>天文學：1. 主張宇宙像個球體，中心是地球，即所謂的「地球中心說」<br>2. 認為天體（太陽、月球、行星）在圓形軌道上進行循環複雜的運動，並由永恆不變、完美超然的「以太」（ether）所構成<br><br>生物學：觀察許多動植物的型態及構造，並精準的描述且加以區分。此外，對於遺傳學及物種的演化，也具有相當的認知與見解<br><br>物理學：1. 他認為物體能運動，必有推動者在推動著；若沒有推動者的推力，物體便會停止運動。他進而推論出「必然存在第一推動者」，後來的中古基督教則將上帝視為「第一推動者」。由於中古基督教教義結合了亞里斯多德的學說，使亞里斯多德的運動學成為中古以來的權威，至牛頓時才加以修正<br>2. 他認為物體下墜速度與重量有關，愈重的物體下墜愈快。直到十七世紀時，義大利科學家伽利略才透過比薩斜塔的實驗修正此觀點<br><br>【改寫自：科學名人堂／亞里斯多德，http://www.bud.org.tw/museum/s_star19.htm】,teachers_book,古希臘,文化,"[亞里斯多德, 科學方法論, 地球中心說, 以太, 第一推動者]",V.3/Ch.1/古代文化與基督教傳統,亞里斯多德的哲學思想,,,
1007,背景：亞歷山大繼承父親遺志，在平定希臘內部紛爭後，於西元前334年至西元前324年，親率大軍開始了充滿暴力與掠奪的十年東征<br><br>東征始末：西元前334年 東征開始，亞歷山大率軍在小亞細亞的格拉尼庫河與波斯交戰，波斯軍潰敗<br>西元前333年 亞歷山大與大流士三世會戰於敘利亞的伊蘇斯城邦，波斯大軍隨之崩潰<br>西元前332年 亞歷山大攻陷開羅後進入埃及，被埃及人尊為法老<br>西元前331年 亞歷山大再度北進，與大流士三世決戰，亞歷山大獲勝並成為波斯帝國新統治者<br>西元前327年 亞歷山大進入印度西北部，很快征服當地各邦，然而部下反對他繼續東征，只好班師回朝<br>西元前324年 亞歷山大返回巴比倫並定都於此，後來不幸染上熱疾，於西元前323年逝世<br><br>【改寫自：赫伯特·喬治·威爾斯，《世界史綱》（臺北：海鴿文化，2014），頁 140 ~ 141】,teachers_book,希臘化時代,政治,"[亞歷山大, 東征, 大流士三世, 波斯帝國, 巴比倫]",V.3/Ch.1/古代文化與基督教傳統,亞歷山大東征,,,
1008,**建館源起**<br>西元前306年左右，亞里斯多德的弟子向托勒密一世提出建立亞歷山卓圖書館的構想，並於西元前295年開始興建<br>**建館目的**<br>建立亞歷山卓圖書館唯一的目的就是「收集全世界的書」，實現「世界知識總匯」的夢想，並藉此吸引世界各地的科學家、思想家、哲學家及藝術家群聚於此，著書立說<br>**位址**<br>根據地理學家斯特拉波的記載，圖書館可能在皇宮之內，也可能靠近皇宮，兩種說法都可看出圖書館與王權之間關係密切<br>**影響**<br>1. 圖書館藏書豐富，吸引許多學者群聚於此。例如：古希臘集地理學家、天文學家、數學家和詩人於一身的埃拉托色尼，古希臘文獻學家亞里斯塔克（Aristarque）等不少名人都曾出任過亞歷山卓圖書館館長。另外，物理學家阿基米德與許多哲學家、數學家都曾經在此講學或求學。因此亞歷山卓在古典世界的學術地位始終很高，幾乎比雅典更具有代表性，直到伊斯蘭勢力進入埃及後，亞歷山卓才逐漸被其他地方（如巴格達及哥多華）取代<br>2. 亞歷山卓圖書館整理並保存古典典籍，對全方位的古典文化存續極為重要。可以說：亞歷山卓圖書館的成就，經由拜占庭帝國，傳入巴格達與哥多華，之後於阿拔斯王朝的百年翻譯運動時，由阿拉伯文翻譯為拉丁文並傳到西歐。在拜占庭帝國即將傾覆之前的一、兩百年，開始有拜占庭學者受邀去義大利講學，許多希臘典籍也跟著傳到義大利，威尼斯成為當時最重要的希臘原典出版中心，影響日後文藝復興的發展<br>**消逝**<br>西元前48年，亞歷山卓圖書館發生火災後，仍持續運作一段時間，但在帝國時期並非都由大學者擔任館長，而是公共領域的傑出人士。西元270年，Aurelian力圖恢復帝國完整，與Palmyra王國在埃及作戰，可能導致圖書館遭到毀壞<br>**恢復**<br>圖書館不是在被破壞之後便倒地不起、成為廢墟，而是慢慢恢復，但很少人會介紹這些緩慢恢復的過程。例如2009年電影《風暴佳人》介紹異教徒女哲學家／數學家海帕提亞（Hypatia，約370～415年）遭到亞歷山卓主教迫害致死的故事，海帕提亞便是在亞歷山大圖書館（兼具博物館功能）中講學，時間約為西元五世紀初<br>【改寫自：吳牧臻著，〈亞歷山大圖書館重生之探討〉，《弘光學報》，第4期，頁71～73】,teachers_book,希臘化時代,文化,"[托勒密一世, 世界知識總匯, 古典典籍, 文藝復興, 海帕提亞]",V.3/Ch.1/古代文化與基督教傳統,亞歷山卓圖書館,,,
1009,**犬儒學派**<br>（Cynicism）<br>**起源**<br>由蘇格拉底的學生安提西尼所創立，其信奉者被稱為犬儒（Cynics）<br>**理念**<br>認為人必須擺脫世俗的利益而追求唯一值得擁有的善；否定社會與文明，提倡回歸自然，清心寡欲，鄙棄俗世的榮華富貴；要求人克己無求，獨善其身，近於中國的道家<br>**伊比鳩魯學派**<br>（Epicurean School）<br>**起源**<br>創建於西元前307年，以伊比鳩魯的學說為基礎<br>**理念**<br>伊比鳩魯主張以道德為依歸，形成以道德論為主幹的「快樂說」，主張「快樂就是善，痛苦就是惡」。認為最大的善就是驅逐恐懼、追求快樂，以達到一種寧靜且自由的狀態，並透過知識免除生理的痛苦，降低慾望<br>**斯多噶學派**<br>（Stoic School）<br>**起源**<br>創建於西元前305年左右，以芝諾的學說為基礎；學派的名稱斯多亞（Stoa）源自於房屋的柱廊（Stoa poikile），當時的學者常在柱廊聚會講學<br>**代表**<br>自古希臘以迄中世紀，斯多噶學派的代表包括政治家西尼卡（Seneca，約西元前4年～西元65年）、奴隸艾比克泰德（Epictetus，約55～135年）與皇帝奧里略（Marcus Aurelius，161～180年在位）<br>**理念**<br>斯多噶學派主張宇宙是絕對的理性，理性能提供「共同概念」，使人人具有共同的經驗，從而形成知識、真理的標準。他們認為世界既是理性的，而人也是世界理性的一部分，應該避免理智的判斷受到感情方面的影響，主張用理性來控制物欲。其人生目標就是符合世界理性，達到有德性的生活，將克制、知足、平靜（一種對外在事物的冷漠）視為美德。此外，他們強調道德價值、責任義務、正義與砥礪心志，也相信先前所做的事情必然會導致日後的結果<br>【改寫自：馮作民編著，《西洋全史（三）——希臘城邦》（臺北：燕京文化事業，1975），頁 677 ~ 685；傅偉勳，《西洋哲學史》（臺北：三民書局，1975），頁159 ~ 166；羅漁，《西洋上古史》（臺北：中國文化大學出版部，1988），頁319、328～330】,teachers_book,希臘化時代,文化,"[犬儒學派, 伊比鳩魯學派, 斯多噶學派, 芝諾, 奧里略]",V.3/Ch.1/古代文化與基督教傳統,希臘化時期的哲學思想,,,
1010,**時間斷限**<br>從羅馬建城到西元前509年共和體制的建立，這段時期被稱為「王政時代」，羅馬受到七位國王的統治<br>**統治概況**<br>**前四王時期** 主要由拉丁系羅馬人擔任國王。第一任國王為羅穆勒斯，此時的羅馬是一個大型的部落聯盟，實行軍事民主制<br>**後三王時期** 西元前七世紀末，伊特拉斯坎人入侵羅馬，建立君主制的城邦。最後一任國王因篡位而產生爭議，最後羅馬人將其放逐。在王政被推翻後，羅馬進入共和體制<br>【改寫自：任德山，《圖說歐洲史》（新北：人類智庫數位科技，2014），頁61】,teachers_book,羅馬帝國,政治,"[王政時代, 羅穆勒斯, 伊特拉斯坎人, 共和體制, 軍事民主制]",V.3/Ch.1/古代文化與基督教傳統,王政時代的羅馬,,,
1011,羅馬推翻王政之後，國王由兩位民選的執政官所取代，並提高元老院的地位，給予元老院否決公民大會的權力。而兩位執政官亦是元老院的成員，擁有行政與司法的權力，雙方可以互相對另一方提出否決權，具有制衡的作用。若兩位執政官之間發生爭執，就召開元老院會議做出判斷；而在特別緊急的情況下，可以指定一人獨裁，但為期不能超過六個月。除了上述之外，共和時期的政治仍然保留王政時期的原貌。<br>【改寫自：Philip Lee Palph，《世界文明史前篇：從史前時代到前近代》（臺北：五南，2017），頁199】,teachers_book,羅馬帝國,政治,"[執政官, 元老院, 公民大會, 否決權, 獨裁]",V.3/Ch.1/古代文化與基督教傳統,羅馬共和國體制,,,
1012,羅馬公民有貴族與平民等級高下的區分，透過世襲制度，貴族可以保有自己的政治權勢，平民階層無法進入其中。在羅馬共和時期，明文規定貴族不得與平民通婚，除了少部分的有錢平民之外，一般平民難以晉升至政治上層。那些富有的少數平民慢慢地與貴族形成了新的「豪門貴族」階層。後來，羅馬的貴族階層又分化出元老以及騎士階層。前者是指在羅馬元老院中從事政治活動的貴族，這個特權集團非常狹小，羅馬內政與外交事務皆由其掌控；後者是指不進元老院從政，且專門經商的貴族子弟。這些人可能具有服騎兵役的資格，所以被稱為騎士。<br>【改寫自：曾秉赫，《圖解古文明》（新北：華威國際，2009），頁212】,teachers_book,羅馬帝國,社會,"[貴族, 平民, 世襲制度, 元老, 騎士階層]",V.3/Ch.1/古代文化與基督教傳統,羅馬公民階層劃分與影響,,,
1013,**背景**<br>羅馬共和時期由貴族掌權，執政官與元老院皆為貴族所掌控，而在政治、經濟和社會上平民與貴族嚴重不平等，導致許多社會矛盾。羅馬平民為了解決土地問題、債務問題以及政治權力問題，因而與貴族進行了長期鬥爭<br>**過程**<br>西元前494年 因羅馬與鄰近部落征戰，平民透過不合作的「撤離運動」，讓貴族妥協，進而可以選出兩位保民官<br>西元前450年至前449年 羅馬制定《十二表法》，以成文的形式規定公民的權利與義務，防止貴族濫權<br>西元前445年 通過《坎努利烏斯法案》，廢除禁止平民與貴族通婚的法令，貴族和平民之間的血緣差異取消<br>西元前376年 通過《李錫尼和綏克斯圖法案》，平民可以進入羅馬的權力機構擔任高級官職<br>西元前326年 通過《波提利烏斯法案》，債務奴隸制取消，為羅馬平民走向自由之始<br>西元前287年 通過霍騰西烏斯法案，平民會議對全體羅馬公民皆具法律效力，確定平民和貴族法律地位平等，羅馬共和時期平民與貴族結束鬥爭<br>【改寫自：馬世力、陳光裕，《一本就通：世界史》（臺北：聯經，2010），頁77；任德山，《圖說歐洲史》（新北：人類智庫數位科技，2014），頁62】,teachers_book,羅馬帝國,政治,"[撤離運動, 保民官, 十二表法, 坎努利烏斯法案, 霍騰西烏斯法案]",V.3/Ch.1/古代文化與基督教傳統,羅馬平民與貴族的鬥爭,,,
1014,西元前450至前449年，平民與貴族鬥爭成功，羅馬政府訂定《十二表法》，因以十二塊銅板刊刻，所以被稱為《十二表法》或《十二銅表法》。在羅馬歷史上，這是第一部成文法典，裡面條文眾多，內容涉及範圍廣大。法典主要規範公民的權利和義務，可以避免貴族在司法權上的操控，對於貴族的專橫和濫權有一定程度上的制約。《十二表法》可以說是平民與貴族鬥爭的勝利成果，也是羅馬法發展史上的里程碑。<br>【改寫自：任德山，《圖說歐洲史》（新北：人類智庫數位科技，2014），頁62】,teachers_book,羅馬帝國,政治,"[十二表法, 成文法典, 公民的權利, 司法權, 羅馬法]",V.3/Ch.1/古代文化與基督教傳統,《十二表法》,,,
1015,特洛伊戰爭傳說中的英雄埃涅阿斯，在城池被攻陷後率領部分的人逃脫，輾轉至義大利中部拉丁姆之地。隨後，他的兒子在該地興建阿爾巴·龍加之城，王位傳至努米托爾時，被胞弟阿慕略篡位而驅逐。努米托爾之女與戰神馬爾斯生下一對孿生兄弟——羅穆勒斯與雷慕斯。這對孿生兄弟最後被阿慕略命人拋入臺伯河，不料落水嬰兒竟被母狼所救，以奶汁哺餵而活，後被獵人養育成人。兄弟倆長大後回到被拋棄之地建立新城，新城建立後，兩兄弟不和而相殘，最後兄弒弟，所建的新城就以兄長之名命名為「羅馬」。<br>【改寫自：曾秉赫，《圖解古文明》（新北：華威國際，2009），頁202；任德山，《圖說歐洲史》（新北：人類智庫數位科技，2014），頁60】,teachers_book,羅馬帝國,文化,"[埃涅阿斯, 羅穆勒斯, 雷慕斯, 母狼, 臺伯河]",V.3/Ch.1/古代文化與基督教傳統,母狼育嬰傳說,,,
1016,「S·P·Q·R」是羅馬人自己的國家標記，也就是「Senatus Populusque Romanus」（羅馬的元老院與人民）的略稱。在當代羅馬人的觀念裡，國家是「res publica」（公事、眾人之事），就是由有權勢者的團體來決定所有事務的體制，也就是指共和制的政體。共和政體的國家正是羅馬人的「S·P·Q·R」。此外，從「羅馬的元老院與人民」這一個國名進一步觀察，也可以發現元老院與人民之間有著身分階級上的差異。<br>【改寫自：本村凌二，《地中海世界與羅馬帝國》（新北：八旗文化，2018），頁92 ~ 93】,teachers_book,羅馬帝國,政治,"[SPQR, Senatus Populusque Romanus, 元老院, res publica, 共和制]",V.3/Ch.1/古代文化與基督教傳統,SPQR,,,
1017,**前三雄時期**<br>西元前60年 龐培、克拉蘇以及凱撒三人祕密同盟，掌控羅馬政局，為「前三雄同盟」<br>西元前59年 凱撒受到同盟支持擔任執政官<br>西元前58年 凱撒擔任南高盧總督，推動征服高盧計畫<br>西元前55年 三雄舉行會議於伊特魯里亞北部的路卡，會議結果：執政官由龐培與克拉蘇擔任。任職滿期後，龐培掌管西班牙、克拉蘇掌管敘利亞各5年；凱撒則續任高盧總督5年<br>西元前53年 克拉蘇與安息（帕提亞）征戰失敗而亡<br>西元前49年 龐培與元老院合謀解除凱撒兵權導致雙方激戰，後凱撒占領羅馬<br>西元前48年 龐培因法薩盧戰役失敗而逃至埃及被殺，前三雄同盟瓦解。隨後，凱撒建立獨裁統治體制<br>**後三雄時期**<br>西元前43年 屋大維、安東尼和雷必達三人公開結盟，在元老院及公民大會同意認可下，得以統治國家五年，史稱「後三雄同盟」。「三雄」實行「公敵宣告」，不僅剪除異己，打敗巴爾幹半島上刺殺凱撒的共和派，進而鞏固統治<br>西元前40年 「三雄」劃分勢力範圍：安東尼治理東部地區，屋大維治理義大利、高盧和西班牙，雷必達治理非洲<br>西元前36年 雷必達軍權被剝奪。屋大維和安東尼鬥爭，後來元老院聯合屋大維，征討安東尼<br>西元前31年 安東尼在亞克興戰役中落敗，逃回埃及後隔年自殺，後三雄同盟告終。屋大維建立元首體制，羅馬邁向帝國時期，他保留立憲政府的形式，接受元老院和軍隊所贈與的奧古斯都以及皇帝的稱號。然而，元首或是國家的第一公民是他最愛用以彰顯權力的徽號。因而屋大維及其繼承者統治的這段時間被稱為元首政治或早期帝國<br>【改寫自：馬世力、陳光裕，《一本就通：世界史》（臺北：聯經，2010），頁89、92；Philip Lee Palph，《世界文明史前篇：從史前時代到前近代》（臺北：五南，2017），頁210】,teachers_book,羅馬帝國,政治,"[前三雄同盟, 凱撒, 後三雄同盟, 屋大維, 元首體制]",V.3/Ch.1/古代文化與基督教傳統,羅馬的擴張與帝國時代,,,
1018,西元前140年左右，斯多噶哲學傳入羅馬，許多具影響力的政治領袖逐漸成為此學派的信徒。斯多噶學派廣為流行的原因，主要在於此學派強調義務、自律，以及遵從事物的自然規則，符合羅馬人古老德性和保守習慣。此外，斯多噶學派當中的公民義務及世界主義的觀點，符合羅馬人的政治思想及世界帝國的欲望。不過，羅馬元首政治時期對政治學與倫理道德更為廣泛的重視，這一點與芝諾有些不同。與最初的斯多噶學派相較，羅馬所信奉的斯多噶學派更具獨特的宗教氣息。<br>【改寫自：Philip Lee Palph，《世界文明史前篇：從史前時代到前近代》（臺北：五南，2017），頁207、212】,teachers_book,羅馬帝國,文化,"[斯多噶學派, 義務, 自律, 世界主義, 元首政治]",V.3/Ch.1/古代文化與基督教傳統,斯多噶學派流傳於羅馬的背景,,,
1019,**奧里略生平**<br>西元121年羅馬五賢帝之一的奧里略出生於羅馬，安敦寧皇帝在他十六歲時收為養子。161年，奧里略與義弟共同繼承皇位，是羅馬史上首次皇帝共治政體。統治期間，面對外族威脅，國內外戰爭不斷，曾經成功拒退日耳曼人的入侵。因奧里略大半時間都在戰場上，《沉思錄》便是在營帳內挑燈完成的作品。180年，奧里略病逝於多瑙河沿岸的戰場上<br>**著作**<br>奧里略的著名作品《沉思錄》被視為斯多噶學派的代表作品，共12卷，以希臘文撰寫，是奧里略與自己內心對話的札記，此書內容以許多主題分述，包括：身為皇帝的責任、與眾神間的關係、宇宙的法則、人生處世道理等，可以感受到奧里略在宗教與道德觀上的敏銳觀察力<br>【改寫自：本村凌二，《地中海世界與羅馬帝國》（新北：八旗文化，2018），頁320～322】,teachers_book,羅馬帝國,文化,"[奧里略, 五賢帝, 沉思錄, 斯多噶學派, 皇帝共治]",V.3/Ch.1/古代文化與基督教傳統,奧里略與《沉思錄》,,,
1020,**背景**<br>查士丁尼有鑒於政府的法令繁雜與過時，於是進行法律編纂的工作<br>**時間**<br>西元526～565年<br>**內容**<br>該法典共12卷，卷底下再分目，每目按年代順序排列敕令的摘錄，每則敕令上列出頒布者和接受者的名字，敕令的末則註明日期。透過此方式，有系統的修訂從哈德良到查士丁尼期間所頒的成文法規，集羅馬法之大成。《查士丁尼法典》頒布後，又陸續頒布了《查士丁尼法學總論》、《查士丁尼學說彙編》（又名《法學階梯》）和《查士丁尼新律》，這三部分可以說是《查士丁尼法典》的續編，而這四部陸續頒布的法典，在十二世紀統稱為《查士丁尼民法大全》。由於最早編成的《查士丁尼法典》是這部《民法大全》的核心，故一般多以《查士丁尼法典》作為這部民法大全的代稱<br>**影響**<br>自十一世紀起，《查士丁尼民法大全》再度引起西歐人的興趣而重新研修，其為歐洲國家法律和法理的基礎，亦是近代歐陸諸國和拉丁美洲各國的法律依據<br>【改寫自：Philip Lee Palph，《世界文明史前篇：從史前時代到前近代》（臺北：五南，2017），頁249～250】,teachers_book,拜占庭,政治,"[查士丁尼, 查士丁尼法典, 羅馬法, 法律編纂, 民法大全]",V.3/Ch.1/古代文化與基督教傳統,《查士丁尼法典》與羅馬法,,,
1021,**羅馬帝國的分裂**<br>**戴克里先**<br>西元284年即位，面臨帝國內奴隸的抗爭、軍人篡奪帝位以及外族入侵等危機而進行改革。戴克里先委託好友馬克西米治理帝國西部，於是羅馬帝國內產生兩個最高統治者，所有的命令必須以兩人的名義發出。在兩位統治者底下又各設一位副皇帝，形成四帝共治的現象。此外，為了加強皇權，皇帝必須被當成神來崇拜<br>**君士坦丁**<br>西元306年即位，四帝之一，君士坦丁與其他三帝鬥爭勝利後，與三個兒子共治帝國。西元313年，他頒布《米蘭詔令》，讓基督教獲得合法的地位。西元330年，君士坦丁遷都拜占庭（後改稱君士坦丁堡），號稱新羅馬<br>**狄奧多西一世**<br>在羅馬帝國的衰退及日耳曼民族的壓迫下，無法再維持羅馬廣大領土的狄奧多西一世，於西元395年立下遺囑，將羅馬帝國分為東西兩部分，分別由兩子繼承，也就是東羅馬帝國（首都在君士坦丁堡）與西羅馬帝國（首都仍設於羅馬）,teachers_book,羅馬帝國,政治,"[戴克里先, 四帝共治, 君士坦丁, 米蘭詔令, 狄奧多西一世]",V.3/Ch.1/古代文化與基督教傳統,羅馬帝國的分裂,,,
1022,**由來** | 猶太教這個名詞源自於拉丁文，字源是希伯來文的人名猶大（Judah）。猶大是先祖雅各（Jacob）的第四個兒子，雅各又名以色列（Israel），雅各的後代被稱為以色列民，他的十二個兒子被稱為十二支派。西元前十世紀以色列國分為南、北兩國，南國即以猶大為名，公元前586年，南國被巴比倫滅亡，百姓遭到擄掠，從此他們被稱為猶太人，猶太教便是其信仰的宗教<br>**信仰基礎** | 猶太教有三個信仰基礎：聖神，除了雅威（Yahweh）之外沒有其他的神；聖民，只有擄掠後歸回者才是真正神的子民；聖國，只有彌賽亞的國度終將超乎萬國<br>**信仰重心** | 猶太教有三個信仰重心：聖所，包括聖殿與會堂，後來會堂取代聖殿；聖書，即律法書，研讀律法書與禱告取代獻祭儀式；聖約，忠於神的聖約，包括即行割禮、不吃豬肉、守安息日和不拜偶像<br><br>【引用自：全國宗教資訊網 https://religion.moi.gov.tw/Knowledge/Content?ci=2&cid=359】,teachers_book,基督教,文化,"[猶太教, 雅各, 以色列民, 聖殿, 律法書]",V.3/Ch.1/古代文化與基督教傳統,猶太教,,,
1023,神的名字「耶和華」（Jehovah）首次在《聖經》中出現是在〈創世紀〉二章4節，但在希伯來文《聖經》原文中，神的名字是 Yahweh（中文譯為「雅威」）。Yahweh 的字根是 hayah，意即存在或成事，Yahweh 意即「我是那我是」（I AM WHO I AM）。猶太人因「十誡」中有「不可妄稱你神的名」（出二十7）的誡命，所以在《舊約聖經》中，神的名字均不標示母音，而祇寫四個子音字母，並予以大寫成為YHWH，以示對神的尊崇。中世紀猶太經學家為希伯來文的四字神名標示母音時，使用「Adonai」（音譯為「阿多乃」，意即「我的主」）的母音符號，目的是提醒猶太裔讀者將神的名字唸成「Adonai」。1520年，義大利方濟會的神學家 Petrus Galatinus（1460～1540）建議將 Adonai 的母音a、o、a置入YHWH 四字神名之間，成為「YAHOWAH」（音譯即「耶和華」），即英文譯名「Jehovah」的來源。<br>【引用自：水深之處 / 福音網 http://www.luke54.org/view/25/3239.html】,teachers_book,基督教,文化,"[耶和華, 雅威, 舊約聖經, YHWH, Adonai]",V.3/Ch.1/古代文化與基督教傳統,神的名字耶和華的由來,,,
1024,有關摩西生平可信的材料不多，而《舊約》中關於摩西的記載因以傳說居多，故大多不可信。但即便如此，大致而言摩西仍有三大貢獻：第一，以政治人物而言，他帶領希伯來人離開埃及。第二，律法書的作者是摩西。《舊約》中摩西所定的古猶太律法，是希伯來人的行為準則。雖然這些著作的唯一作者並非摩西，且許多材料是在摩西逝世後才收編，但在記錄希伯來人習俗和制訂希伯來法律中，摩西仍具有一定的作用。第三，摩西是猶太教一神論的奠基人。雖然關於摩西生平的唯一來源只有《舊約》，而《舊約》中認為一神論的創立者為亞伯拉罕，但如果沒有摩西，猶太教就不會持續發展與傳播一神論。<br>【改寫自：麥克．哈特，《影響世界歷史100位名人》（臺中：晨星，2000），頁82～84】,teachers_book,基督教,文化,"[摩西, 舊約, 希伯來人, 律法書, 一神論]",V.3/Ch.1/古代文化與基督教傳統,摩西,,,
1025,摩西接受上帝的十誡中，前三條誡律包括：除了耶和華之外不可有別的神、不可以雕製或崇拜任何偶像、不可妄稱主的名，從內容來看主要是強調對耶和華的絕對敬奉，可以說是猶太教一神信仰的重要內容。摩西頒布十誡之後，還向猶太人宣布一系列宗教典章和律例，包括建造會幕、約櫃、燈臺、祭壇等宗教禮儀以及祭物、祭禮的實施細則，確立專職祭司制度，訂定重要宗教節期，如逾越節、五旬節和住棚節等。從此，西奈沙漠中誕生了人類最早的一神信仰，原先亞伯拉罕時期的部落神耶和華，上升為猶太人的民族神，耶和華因而被摩西稱為「以色列的上帝」。<br>【改寫自：沐濤、季惠群著，《猶太王國》（香港：三聯書局，2001），頁63】,teachers_book,基督教,文化,"[摩西, 十誡, 耶和華, 一神信仰, 祭司制度]",V.3/Ch.1/古代文化與基督教傳統,十誡、教律與猶太教———神信仰的確立,,,
1026,耶路撒冷位於地中海和死海之間，曾被視為世界的中心，如今是以色列的首都，更是猶太教、基督教和伊斯蘭教三大宗教的聖地。<br>1.  **猶太教**<br>    1.  耶路撒冷在所羅門王時代成為信仰中心<br>    2.  聖殿山是聖殿所在地<br>    3.  聖殿遭羅馬摧毀後僅留下西牆（又稱哭牆）<br>2.  **基督教**<br>    1.  耶穌遭羅馬政府判刑後，背負十字架經由苦難之路走向刑場<br>    2.  聖墓教堂是耶穌被釘上十字架、埋葬、復活與升天的地點<br>3.  **伊斯蘭教**<br>    1.  圓頂清真寺是穆罕默德踏上磐石登天、接收天啟的地點<br>    2.  阿克薩清真寺是伊斯蘭教第三大聖寺，地位僅次於麥加與麥地那,teachers_book,基督教,文化,"[耶路撒冷, 猶太教, 基督教, 伊斯蘭教, 聖殿山]",V.3/Ch.1/古代文化與基督教傳統,耶路撒冷對猶太教、基督教、伊斯蘭教的意義,,,
1027,以色列王國* 第三任君王所羅門死後，王國分裂為北方的以色列和南方的猶大兩個王國。西元前597年，新巴比倫國王尼布加尼撒二世率大軍討伐猶大王國，攻破耶路撒冷，將一萬多臣民擄至巴比倫，另立傀儡國王。西元前588年傀儡國王再次反叛，此舉讓尼布加尼撒二世大為光火，巴比倫大軍再次兵臨耶路撒冷城下。經過兩年的圍城，耶路撒冷陷落，巴比倫軍隊焚燒聖殿、民居，拆毀城牆，更多的百姓被擄至巴比倫，史稱「巴比倫之囚」。成為亡國奴的猶太人，心中的苦楚可想而知，信仰是離鄉背井的猶太人唯一的精神支柱，他們利用安息日和其他重大節日聚集在一起；沒有聖殿，他們就在會堂中朝拜，沒有祭品，他們就用虔誠的祈禱詞敬獻耶和華。直到波斯的居魯士征服新巴比倫王國後，被囚擄的猶太人才得以獲准返回家園。<br>\*此處所稱的「以色列王國」，因一般習慣稱該族群為希伯來人，所以也常使用「希伯來王國」一詞。這群人最初來自兩河流域，而希伯來一詞是指來自河的另一邊，意指外來者（有貶抑之意），因此使用希伯來人稱呼該群人。雅各被上帝改名稱為以色列後，他們自稱為以色列人。由於西元前11世紀王國成立前，他們自稱為以色列人，故以該族群的立場，其王國應稱為以色列王國，較能顯示其族群的主體性，以及和宗教的關聯。<br>【引用自：黃台香，《猶太王國》（臺中：莎士比亞文化，2008），頁16；參考自：許鼎新《希伯來民族簡史》（南京：金陵協和神學院，2011），頁2～4】,teachers_book,基督教,政治,"[巴比倫之囚, 尼布加尼撒二世, 猶大王國, 耶路撒冷, 居魯士]",V.3/Ch.1/古代文化與基督教傳統,巴比倫之囚,,,
1028,基督教創立於西元一世紀中葉，當時羅馬帝國強力鎮壓各地人民反動，人民轉向宗教希冀獲取慰藉與希望，基督教因而快速擴張。起初基督教被視為猶太教的分支或「異端」，吸收猶太教的一神信仰、創世神話以及救世主的觀念，也接受猶太人的聖典（後來稱為《舊約》）。但基督教的理念與猶太教有所不同，包括耶穌為救世主，亦是上帝之子，在被釘死的三天後復活，未來將會再臨人間建立「上帝之國」。耶穌有可能是猶太人某一個秘密教派的領袖，其事蹟被傳誦並添上神祕色彩，最後附會為神。因為基督教的主張與猶太教有所牴觸，在猶太信仰中耶穌並非救世主，兩個宗教因而分離。基督教便於地中海沿岸，尤其是小亞細亞一帶獨立發展，成為一個教派，主要的信徒為猶太人，並以下層群眾為主。<br>【改寫自：吳于廑、齊世榮主編，《世界通史上古篇》，（臺北：五南圖書出版股份有限公司，2002年），頁508～510】,teachers_book,基督教,文化,"[基督教, 羅馬帝國, 猶太教, 耶穌, 救世主]",V.3/Ch.1/古代文化與基督教傳統,基督教的創立,,,
1029,耶穌的生平未見於西元一世紀的任何記載上，而《新約聖經》中的內容為西元二世紀時期的筆錄。根據《新約聖經》記載，西元前4年耶穌誕生於耶路撒冷以南的伯利恆，在約旦河接受「施洗者」約翰施洗，父親是名為約瑟的木匠，而母親是瑪利亞。耶穌30歲時開始出外傳教，他傳授救世之觀，自稱為「彌賽亞」，奉勸人民信仰上帝而得救。人們認為他是救世主，信眾逐漸增多。耶穌的信眾人數讓羅馬政府備感威脅，進而予以鎮壓。耶穌最後遭致陷害，以反叛罪被釘死在十字架上，三日後死而復活升天，也是後來基督教復活節的由來。耶穌殉教後，他的門徒繼續傳教。保羅是最晚接受信仰的使徒，曾經反對基督教並加以迫害，在神蹟的感召下改信基督教。他在小亞細亞、馬其頓、希臘等地設立教會，並提倡允許非猶太人入教，最後遭羅馬政府逮捕入獄而殉教。<br>【改寫自：劉增泉，《西洋上古史》，（臺北：五南圖書，2002），頁435～436】,teachers_book,基督教,文化,"[耶穌, 新約聖經, 彌賽亞, 羅馬政府, 保羅]",V.3/Ch.1/古代文化與基督教傳統,耶穌生平,,,
1030,耶穌公開傳道之初，挑選了十二個人當他的門徒，分別是彼得、安德烈、西庇太的兒子雅各、約翰、腓力、巴多羅買、多馬、馬太、亞勒腓的兒子雅各、猶大（保羅死後才被追認為使徒）。其中彼得在耶穌被抓受審時，三次不認耶穌，但耶穌最為信任彼得，稱他為「建立教會的磐石」。根據〈馬太福音〉16章19節，耶穌對彼得說：「我要把天國的鑰匙給你，凡你在地上所捆綁的，在天上也要捆綁；凡你在地上所釋放的，在天上也要釋放。」耶穌死後，彼得成為早期教會的第一位領袖，最後於尼祿迫害基督徒期間殉道。據說彼得因認為自己不配與耶穌受同樣的刑罰，而要求倒釘於十字架上，後來羅馬天主教奉彼得為第一任教宗。<br>【改寫自：黃台香，《基督教》（臺中：莎士比亞文化事業股份有限公司，2007年），頁22】,teachers_book,基督教,文化,"[彼得, 耶穌, 門徒, 磐石, 教宗]",V.3/Ch.1/古代文化與基督教傳統,彼得,,,
1031,**教難源起** | 羅馬是多神信仰，能夠容忍所征服各民族的宗教，但卻不能容忍基督教，因為基督的使徒們認為羅馬的多神僅是偶像，崇拜皇帝為罪行，自皇帝到奴隸在上帝前一律平等，囤積錢財是可憎惡的。對羅馬人而言，基督教的一切都是在推翻羅馬立國的原則<br>**羅馬史學家塔西圖斯的《歷史》記載的教難時期** | **尼祿時期** | 第一次教難是在尼祿時期，之後歷經長達250年的教難<br>| **圖拉真時期** | 西元111年，比希尼亞總督小普林尼（Pliny The Younger）不忍大開殺戒，於是向皇帝圖拉真（Trajanus）請示，頒發了有名的《圖拉真詔書》：政府當局不應自動去搜尋教徒、依法被控而自認不諱者就當依法懲辦、叛教且願意拜羅馬神者應予赦免。然而，許多基督徒寧可歷經刑罰，也不願放棄信仰<br>| **戴克里先時期** | 西元303年，戴克里先時，下令摧毀基督教堂、焚燒《聖經》等基督教書籍、沒收教產，並下令將基督教士監禁或充當苦役<br>| **加萊里時期** | 持續迫害基督徒，直到臨死前深感迫害不當，於西元311年頒布《宗教容忍詔書》，歸還教產並請基督徒為他及帝國禱告，但後來繼任者又繼續迫害如故<br>| **君士坦丁時期** | 西元313年君士坦丁大帝頒布《米蘭詔令》，才停止對基督徒的迫害<br><br>【引用自：羅漁，《西洋中古史》（臺北：中國文化大學，1989年），頁33～38；〈天主教簡史〉，九龍華仁聖經網 http://biblenet.wyk.edu.hk/old/catholic/1.html】,teachers_book,羅馬帝國,政治,"[教難, 羅馬, 尼祿, 戴克里先, 君士坦丁]",V.3/Ch.1/古代文化與基督教傳統,教難時期,,,
1032,西元313年2月，君士坦丁同父異母的妹妹康士坦齊亞於米蘭大婚，在慶祝大婚之喜的場合上，君士坦丁頒布《米蘭詔令》，宣布全面宗教寬容，人民享有宗教自由。此後，羅馬帝國人民無論希臘、羅馬多神信仰，或猶太、基督信仰等一神宗教，均可自由公開信仰，不需再依附於某一權貴家中私下聚會。對基督徒而言，皇太后海倫公開支持基督宗教，並與君士坦丁前往聖地尋找耶穌出生的馬槽、耶穌被釘的十字架帶回羅馬保存，這些行動對信仰基督的人無疑是一種最直接的鼓勵。君士坦丁雖直到臨終前才皈依基督，但也是羅馬帝國第一位基督徒皇帝。君士坦丁雖未立基督信仰為國教，卻為羅馬帝國傳教自由及皇家貴族之間的信仰奠定了一塊基石。<br>【引用自：賀怡曉著，〈米蘭詔書1700年紀念〉，《恆毅雙月刊》，576期，2013年4月，https://sites.google.com/site/hengyeecdd/576/part4/57652】,teachers_book,羅馬帝國,政治,"[君士坦丁, 米蘭詔令, 羅馬帝國, 宗教自由, 基督徒]",V.3/Ch.1/古代文化與基督教傳統,君士坦丁頒布米蘭詔令,,,
1033,西歐中古時期的教育由教會主導，主要以修道院與主教座堂學校來訓練神職人員。從十二世紀開始，西班牙的阿拉伯學者將新知傳入西歐，加上俗人參與教育，原本的主教座堂學校逐漸演變成「大學」，形成一種傳授知識的學人基爾特。中古大學的組織可分為兩種類型，以波隆納大學與巴黎大學為代表。這兩所大學因為學校所在地不同，在形成過程、學校組織、師生互動等方面也有所差異：<br>(1) 南方的波隆納型：由「學生行會」（students' university）發展而來，如波隆納大學及其他南歐的大學，包括義大利、法國（巴黎除外）、西班牙、葡萄牙等地。此類大學的學生年紀較大，常組成同鄉會（Nations），並進一步形成 Universitate（同鄉會的總稱）控制大學，同鄉會的總會長就是大學校長（Rector），教授選聘、學費數額、學期時限及授課時數等均由學生決定。<br>(2) 北方的巴黎型：由「教師行會」（masters' university）發展而來，如巴黎大學及其他北歐的大學，包括英格蘭、蘇格蘭、德國、瑞典、丹麥等地。此類大學由教師掌管校務，教師組成的學院（Faculties）的勢力強大，所有學生團體皆應遵守大學校長（亦稱 Rector，由學院教授選出）的規定。通常一所編制完整的中古大學包括文、法、醫、神四個學院，以神學院最為重要。<br>中古時期大學師生除了可以自由遷校，也享有罷課、罷教、免稅、免役、司法審判等特權，教授另享有參政、審定教師資格權等特權，而獲得大學學位者也可到處教學。這些特權對於當時的學術自由、知識普及等現象都有極大的貢獻。<br><br>【改寫自：國家教育研究院雙語詞彙、學術名詞暨辭書資訊網／中世紀大學，http://terms.naer.edu.tw/detail/1302315/?index=32】,teachers_book,中世紀,文化,"[大學, 基爾特, 波隆納大學, 巴黎大學, 行會]",V.3/Ch.1/古代文化與基督教傳統,中古時期的大學,,,
1034,**詞源** | 1. 1550年，義大利畫家兼建築家瓦薩里在其著作《最傑出的畫家、雕塑家、建築家傳記》中，首次正式使用「文藝復興」一詞來研究當時的藝術發展<br>2. 1855年，法國史學家之父米謝勒確切定義出「文藝復興」此一歷史分期<br>**概念** | 早期的文藝復興被認為是單純恢復古典文化，但實際上是要藉此批評當時的文化和制度，以建立新的文化<br>**分期** | **第一階段**<br>**時間** 十四世紀到十五世紀中<br>**代表** 佩脫拉克、但丁、薄伽丘<br>**主張**<br>1. 批判經院哲學，提出人文主義<br>2. 提倡科學，反對封閉知識<br>3. 主張以人為中心的思想，肯定人權，反對以神為中心的神權思想<br>4. 擁護中央集權，反對封建割據<br>5. 以地方方言進行創作（而非當時的主流拉丁文）<br><br>**第二階段**<br>**時間** 十五世紀到十六世紀末<br>**代表** 以藝術革新為主，如達文西、米開朗基羅、拉斐爾<br>**主張** 歌頌人體之美，主張人體比例是世界上最和諧的比例，並應用到建築上，使得此時的繪畫、雕刻、建築等都有不凡的表現<br>**傳播** 北方日耳曼（今德國）、尼德蘭（荷蘭、比利時、盧森堡）、法國等地的北方文藝復興，也有傑出的表現<br><br>【改寫自：蔡芯圩、陳怡安，《用年表讀通西洋藝術史》（臺北：商周，2015），頁133】,teachers_book,文藝復興,文化,"[文藝復興, 瓦薩里, 人文主義, 佩脫拉克, 達文西]",V.3/Ch.1/古代文化與基督教傳統,文藝復興的意義與分期,,,
1035,**區域** | **政治形態** | **發展概況**<br>義大利北部 | 城邦政治 | 1. 為中古晚期脫離神聖羅馬帝國掌控的城邦，多採共和體制<br>2. 各邦政治發展不同，以米蘭、佛羅倫斯、威尼斯為例：<br>（1）傭兵將領主導：1450年傭兵將領法蘭西斯科控制米蘭公國，其家族成為地區主導者<br>（2）富商主導：佛羅倫斯共和國，由銀行家梅第奇家族統治；威尼斯共和國的最高領袖和議會，由一群富商把持<br>義大利中部 | 教宗國 | 自8世紀後與世俗國家無異<br>義大利南部 | 那不勒斯王國 | 為西班牙所統治，法國亦虎視眈眈，因而成為國際戰爭之處<br><br>【改寫自：王曾才，《世界通史》（臺北：三民書局，1993），頁307～308】,teachers_book,文藝復興,政治,"[城邦政治, 佛羅倫斯, 梅第奇家族, 教宗國, 那不勒斯王國]",V.3/Ch.1/古代文化與基督教傳統,文藝復興時期義大利的政治情勢,,,
1036,梅第奇家族以經營羊毛業起家，後來轉而投資銀行業，經過數代經營獲得巨大成功，1430年代進而掌握佛羅倫斯的政經大權。在其顯赫家族中，曾產生四位教宗（利奧十世、克雷芒七世、庇護四世、利奧十一世），多名佛羅倫斯統治者以及塔斯卡尼大公，甚至出現兩位法蘭西王后及其他歐洲王室成員。梅第奇家族最大的貢獻在於贊助藝術，促進了文藝復興的發展。他們與其他家族競相贊助藝術，僱用藝術家從事藝術創作，其中最知名者莫過於米開朗基羅。梅第奇家族也進行大量收藏，其收藏品成為佛羅倫斯烏菲茲美術館的核心典藏品。1419年，梅第奇家族重建聖羅倫佐教堂，並於1436年完成聖母百花大教堂的圓頂工程——這是當時世界上最大的圓頂工程。此外，梅第奇家族也贊助達文西和伽利略進行科學研究。<br><br>【改寫自：蔡芯圩、陳怡安，《用年表讀通西洋藝術史》（臺北：商周出版，2015），頁141～142】,teachers_book,文藝復興,文化,"[梅第奇家族, 佛羅倫斯, 贊助藝術, 米開朗基羅, 聖母百花大教堂]",V.3/Ch.1/古代文化與基督教傳統,支持文藝復興的義大利商人——梅第奇家族,,,
1037,古騰堡之前印刷術發展<br>雕版印刷 在古騰堡之前的幾個世紀，中國已有雕版印刷，大約在西元868年，中國出現印刷圖書。雕版印刷使大批印刷相同圖書成為可能，但由於當時使用的是木板和石板，每印製一本新書就要重新刻字，因此不適合批量印刷不同種類的圖書<br>活字印刷 十一世紀中葉，中國人畢昇發明活字，由於是以膠泥製成，極易破碎。後來有些中國人和朝鮮人設法改善這個問題。例如在古騰堡出生以前，朝鮮已有金屬活字<br>古騰堡的印刷術改良<br>古騰堡在既有的造紙術與印刷術基礎上，發明鑄字盒、鑄造活字的合金、沖壓字模，以及油脂性印刷油墨。此外，更提出一套完整的生產程序，可以大量印刷圖書。他最為著名的排印作品是1454年在梅茵茲印製的《聖經》，後人稱之為《古騰堡聖經》。<br>【改寫自：麥克·哈特，《影響世界歷史100位名人》（臺中：晨星出版，2002），頁54～55】,teachers_book,文藝復興,文化,"[古騰堡, 印刷術, 雕版印刷, 活字印刷, 古騰堡聖經]",V.3/Ch.1/古代文化與基督教傳統,古騰堡的貢獻,,,
1038,起源地區<br>主要在義大利<br>定義<br>14～16世紀，起源於義大利，在對於古典文化產生興趣，以及批判羅馬天主教神學的基礎上，所進行的一場新思想、新文化運動<br>產生背景<br>中古時期，基督教會控制文化教育思想，隨著資本主義經濟萌芽，新興資產階級要求擺脫神學統治，人文主義遂應運而生<br>特點<br>人文主義者學習和研究古典文化，目的在從基督教神學中解脫出來，重新從古典文化中找尋人在政治、社會以及宗教上的價值，教育上以文法、邏輯、修辭、史學、文學、詩歌和倫理學等為主要的修習內容<br>改寫自：王曾才，《世界通史》（臺北：三民書局，1993年），頁325；張椿年，《從信仰到理性：意大利人文主義研究》（臺北：淑馨，1994），頁3～4,teachers_book,文藝復興,文化,"[人文主義, 義大利, 古典文化, 基督教神學, 資產階級]",V.3/Ch.1/古代文化與基督教傳統,人文主義,,,
1039,14世紀末，一些東羅馬學者在佛羅倫斯開辦希臘學院，講授希臘的歷史和文化等議題，掀起探究希臘文化的熱潮。當時佛羅倫斯是歐洲最發達的工商業地區，在脫離封建貴族統治後已成為一個城市共和國。15世紀，義大利的文藝復興運動發展達到鼎盛，在學習希臘、羅馬文化基礎上，再發展出新文化、新藝術，而佛羅倫斯就是最大的文藝復興中心。此地的藝術家在各藝術領域的表現上，包括文學、藝術、建築、繪畫和雕刻等方面，都有不凡的成就。<br>【改寫自：尤義賓主編，《世界通史》（新北：中經社文化，2005），頁176～177】,teachers_book,文藝復興,文化,"[佛羅倫斯, 文藝復興, 希臘文化, 城市共和國, 新藝術]",V.3/Ch.1/古代文化與基督教傳統,文藝復興的起源地——佛羅倫斯,,,
1040,生平簡介<br>達文西於1452年出生在義大利芬奇鎮，是一個私生子，後來才被帶回父親家中撫養。達文西從小在佛羅倫斯畫家委羅基奧的畫室中學習，早期工作是替米蘭公爵盧多維科·斯福爾扎服務，後來於羅馬、波隆納和威尼斯等地工作。他是畫家、建築學家、機械學家、科學家、自然研究學者、繪畫理論家、地質學家以及物理學家，1519年在法國逝世，享年68歲<br>繪畫風格<br>達文西的繪畫作品體現了他世界大同的觀念，也是其繪畫技藝的全面概括。很多畫作中似乎有他天才的筆觸，卻很難找到證明他作品的畫風。他本人早期的畫作也是與工作室其他畫師共同創作，很多受到委託的畫亦未完成，因而很多作品僅是他構思後所畫的草圖和隨筆<br>【引用自：閣林工作室編著，《達文西》（新北：明天國際圖書，2010），頁5、31、35、81～83；蔡芯圩、陳怡安，《用年表讀通西洋藝術史》（臺北：商周，2015），頁147】,teachers_book,文藝復興,文化,"[達文西, 佛羅倫斯, 畫家, 科學家, 繪畫風格]",V.3/Ch.1/古代文化與基督教傳統,達文西,,,
1041,文藝復興時代早期的作品，多半以拉丁文創作，一般人無法閱讀。因應社會大眾的需求，人文主義學者轉變心態，以方言文學進行創作，於是歐洲文學創作漸以方言文學為主流。至文藝復興後期，各國知名的方言文學作品不斷出現，內容題材多以該國歷史或民族英雄事蹟為主，不但可提升愛國情操，更有助於在語言文字上的一統。例如在義大利，透過但丁、馬基維利等方言文學作品，佛羅倫斯方言逐漸成為義大利民族的共通語言。與此同時，民族國家隨之興起，國王為了加強內部的團結以及培養國民的愛國心，進一步統一本國的語言文字，並大力提倡方言文學創作。而大學教授亦順應時勢，改以本國語言授課，並修訂本國語文的文法、字典，進而以本國文字翻譯古典著作，使一般人易於閱讀。與文藝復興運動初期不同的是，學者不再狂熱研讀古希臘文和古拉丁文，因此史家通常將16世紀末作為文藝復興結束的時間點。<br>【改寫自：高亞偉，《世界通史上冊》（臺北：文太印刷，1992），頁291～294】,teachers_book,文藝復興,文化,"[方言文學, 文藝復興, 拉丁文, 人文主義學者, 民族國家]",V.3/Ch.1/古代文化與基督教傳統,方言文學的發展,,,
1042,但丁出生於佛羅倫斯一個政經背景條件優厚的貴族家庭。他早年在文法與修辭上下了許多工夫，對詩歌的創作深感興趣，慢慢形成自己的風格。1290年後，但丁開始研讀古希臘、羅馬作品，創作上也開始產生變化。在政治上，但丁支持佛羅倫斯圭耳弗黨，因黨內的紛爭而遭放逐後，開始在義大利各地漫遊。在1308～1321年間，他完成著名的《神曲》。《神曲》擺脫過去拉丁文的束縛，以義大利本國語文創作，為義大利文學早期發展的轉捩點，對歐洲新時代文學發展具影響力。書籍內容展現他對義大利歷史的留戀以及未來發展的憧憬，同時批判了當代社會現實中醜陋與黑暗的一面。1321年9月13日，罹患瘧疾的但丁在拉文納與世長辭，義大利稱他為至高詩人，是文藝復興運動的先驅。<br>【改寫自：尤義賓主編，《世界通史》（新北：中經社文化，2005），頁178～179】,teachers_book,文藝復興,文化,"[但丁, 神曲, 佛羅倫斯, 拉丁文, 文藝復興]",V.3/Ch.1/古代文化與基督教傳統,但丁與《神曲》,,,
1043,出生於佛羅倫斯的佩脫拉克，從小深受古典文化教育洗禮，以詩文著稱，有「桂冠詩人」之稱。因為跟著父親一同流亡法國，佩脫拉克一輩子中有40多年都是在旅途中度過。在法國期間，他於普羅旺斯遇見一位女子蘿拉，並傾心於她。蘿拉為騎士之妻，1348年死於黑死病。因對於蘿拉的愛慕，佩脫拉克以義大利方言創作了366首抒情詩，即為著名的《歌集》。《歌集》中主要描述蘿拉美麗的一切以及佩脫拉克的愛慕之情，歌頌現實人生的愛情與歡樂，對現世幸福生活的追求。佩脫拉克文學作品中，除了少數像《阿非利加》的拉丁文詩集外，絕大部分皆以義大利語寫作，影響西方近代詩歌的創作甚鉅。<br>【改寫自：喬昭印主編，《世界文化史》（上海：華東師範大學出版社，2005），頁331】,teachers_book,文藝復興,文化,"[佩脫拉克, 歌集, 佛羅倫斯, 桂冠詩人, 義大利方言]",V.3/Ch.1/古代文化與基督教傳統,佩脫拉克與《歌集》,,,
1044,薄伽丘是私生子，他的父親為佛羅倫斯的富商，年輕時曾當過銀行職員，然而，對經商毫無興趣的他，喜歡研究古典文學。他崇拜佩脫拉克，曾以拉丁文書寫古學論著與詩歌，甚至模仿《天方夜譚》的體裁，以義大利文創作《十日談》。《十日談》包含一百個短篇故事，描述為了躲避黑死病七女三男避居山裡十天，在十天中每人每天各講一則故事，故事中諷刺和揶揄當時基督教會傳統、,teachers_book,文藝復興,文化,"[薄伽丘, 十日談, 佛羅倫斯, 古典文學, 黑死病]",V.3/Ch.1/古代文化與基督教傳統,薄伽丘與《十日談》,,,
1045,題材<br>中古後期: 以宗教信仰為主，壁畫內容多為使徒行道圖，而雕刻則以耶穌聖像、聖母瑪利亞像最為常見<br>文藝復興: 跳脫中古的宗教傳統，凡是風景、人物、古希臘、羅馬的神祇皆可入畫<br>風格<br>中古後期: 在基督教禮教原則下，只能顯露面部，身體其他部分不能暴露<br>文藝復興: 畫作或雕刻中常見裸體人像<br>教堂<br>中古後期: 具高聳的尖塔與鐘樓的「哥德式」建築<br>文藝復興: 教堂以「羅馬式」石柱與圓形屋頂為建築特色，如羅馬聖彼得教堂<br>住宅<br>中古後期: 教堂是「以神為中心」的思想下最好的建築<br>文藝復興: 在「以人為中心」的影響下，現世生活受到關注，許多王侯富豪建築舒適的府第、別墅，羅浮宮便是當時的典範<br>藝術<br>中古後期: 雕刻與繪畫依附在建築下，並未成為獨立的藝術<br>文藝復興: 藝術家出售其作品，提供王侯富豪及政府擺設，繪畫與雕刻因而脫離建築，成為獨立發展的藝術<br>歐洲藝術在文藝復興期間，已由服務「神」轉變為服務「人」<br>【改寫自：高亞偉，《世界通史上冊》（臺北：文大印刷，1992），頁288～289】,teachers_book,文藝復興,文化,"[文藝復興, 藝術, 哥德式, 羅馬式, 以人為中心]",V.3/Ch.1/古代文化與基督教傳統,文藝復興影響下歐洲藝術的轉變,,,
1046,生平簡介<br>米開朗基羅出生於佛羅倫斯附近的卡普雷塞，自幼愛好美術，13歲時成為畫家多梅尼科・基爾蘭達約的學徒。1490～1492年之間，米開朗基羅進入梅第奇家族成立的人文學院，受到人文主義的薰陶，並在貝爾托爾多・迪・喬萬尼指導下學習雕塑。他曾雕塑《聖殤》、《大衛像》，為教宗儒略二世設計陵墓，為梵諦岡西斯汀禮拜堂繪製天頂畫，為梵諦岡彼得大教堂設計圓頂等，兼雕刻家、畫家、建築師和詩人於一身。1564年，米開朗基羅逝世，葬於佛羅倫斯<br>雕塑作品<br>1. 《聖殤》刻畫聖母懷抱被釘死的基督的情景，聖母面容年輕、悲痛萬分，米開朗基羅刻意將聖母刻畫成少女，以青春與高貴的形象象徵人類追求美好事物的理想<br>2. 《大衛》取材自《舊約聖經》所記載的古以色列國王大衛，刻畫大衛即將投石對抗巨人的瞬間，堅定的神情與機智、勇敢的英雄氣概，成為佛羅倫斯自由的象徵<br>繪畫作品<br>1. 《創世紀》是西斯汀禮拜堂的天頂畫，表現《舊約聖經》中「創世紀」的恢弘場面，人體造型結實而渾厚，其中最著名的場景為《創造亞當》<br>2. 《最後的審判》是西斯汀禮拜堂後方的大壁畫，人體造型以強烈的扭曲、誇張營造戲劇性的力感和動感，預示了矯飾主義風格的誕生<br>建築作品<br>見25、26補給站<br>【改寫自：蔡芯圩、陳怡安，《用年表讀通西洋藝術史》（臺北：商周，2015），頁149～151；H.W.Janson著，《西洋藝術史—文藝復興藝術》（臺北：幼獅文化，1988），頁85】,teachers_book,文藝復興,文化,"[米開朗基羅, 佛羅倫斯, 聖殤, 大衛像, 西斯汀禮拜堂]",V.3/Ch.1/古代文化與基督教傳統,米開朗基羅,,,
1047,生平簡介<br>拉斐爾出生於義大利烏爾比諾城的藝術世家，從小因父親是宮廷畫師而受到薰陶，後來進入佩魯吉諾的畫室學習繪畫，二十多歲時開始嶄露頭角，並迅速與達文西、米開朗基羅齊名。1520年，拉斐爾因病逝世，此時他才37歲，卻留下了多達三百多幅的繪畫作品<br>代表作品<br>1. 聖母畫：拉斐爾擅長聖母畫，如《草地上的聖母》、《花園中的聖母》、《西斯廷聖母》等，這些聖母往往宛如美麗、溫柔、充滿母愛的世俗女性，如《西斯廷聖母》中所描繪的聖母，懷抱耶穌從雲端緩緩前來，面容端莊安詳、秀麗文靜，表現出一個平凡而偉大的母親形象<br>2. 雅典學院：見27、28補給站<br>【改寫自：喬昭印主編，《世界文化史》（上海：華東師範大學出版社，2005），頁337】,teachers_book,文藝復興,文化,"[拉斐爾, 聖母畫, 達文西, 米開朗基羅, 雅典學院]",V.3/Ch.1/古代文化與基督教傳統,拉斐爾,,,
1048,畫中女子切奇利亞・加萊拉尼並非出身自高貴的家族，卻因美麗、學識和才情而在社交圈中廣為人知，並在16歲左右成為米蘭公爵盧多維科的情人。達文西為切奇利亞作畫時，她大約20歲。達文西採用3/4側面的角度，呈現切奇利亞的表情與眼神走向，並使用「漸隱法」讓她的色調和諧地過渡到背景中，呈現朦朧的效果。切奇利亞的神情雖然溫和而高雅，但達文西特別突顯她的手勢，使之看來強而有力，以致可以按捺懷中騷亂的銀貂，由此可以想見切奇利亞可能個性堅毅。銀貂在此畫中具有多重的涵義：象徵貞潔與純真；在希臘語中的發音近似加萊拉尼，暗示她的身分；盧多維科公爵的盾形紋章以銀貂為象徵物，表明切奇利亞與他的關係。<br>【改寫自：閣林工作室編著，《達文西》（新北：明天國際圖書，2010年），頁5、31、35、81～83蔡芯圩、陳怡安，《用年表讀通西洋藝術史》（臺北：商周，2015），頁147】,teachers_book,文藝復興,文化,"[達文西, 抱銀貂的女子, 切奇利亞・加萊拉尼, 漸隱法, 盧多維科]",V.3/Ch.1/古代文化與基督教傳統,達文西的《抱銀貂的女子》,,,
1049,十六世紀初新教帶來的衝擊，以及西班牙雇傭軍對羅馬的劫掠，對羅馬教廷造成極大的壓力。羅馬教廷除了召開特倫特大公會議重申教會的權威，也持續自1506年開始的聖彼得大教堂重建工程，使之成為教廷重要的精神象徵。1546年，教宗任命米開朗基羅為聖彼得大教堂的總設計師。他簡化教堂的內部，使之形成一個接近等邊十字架的方型結構，而教堂圓頂的設計構想，則是從聖母百花大教堂的圓頂汲取靈感。聖彼得大教堂的圓頂輪廓飽滿，而外部的12根羅曼式肋拱、上方瘦長的燈樓與下方一排成對的圓柱，則強化了上升的意象。雖然聖彼得大教堂大部分的圓頂在米開朗基羅死後才完工，但大致上還是依他的設計來建造。<br>【改寫自：蔡芯圩、陳怡安，《用年表讀通西洋藝術史》（臺北：商周，2015），頁149～151；H.W.Janson著，《西洋藝術史—文藝復興藝術》（臺北：幼獅文化，1988），頁85】,teachers_book,文藝復興,文化,"[聖彼得大教堂, 米開朗基羅, 羅馬教廷, 圓頂, 聖母百花大教堂]",V.3/Ch.1/古代文化與基督教傳統,聖彼得大教堂圓頂,,,
1050,1508～1510年間，當米開朗基羅正在為西斯汀禮拜堂繪製天頂畫時，拉斐爾受到羅馬教宗朱里亞斯二世的邀請，擔任梵蒂岡宮殿壁畫的主創，其中最為著名的是簽署廳中的《雅典學院》。《雅典學院》以古希臘哲學家柏拉圖興辦雅典學院為題材，描繪古希臘哲學家、科學家、藝術家共聚一堂的場景，畫面中心橫列的一排人物，以柏拉圖、亞里斯多德為中心，建築物的透視線由上而下地集中在兩人之間，更加凸顯由遠方走向觀者的兩人的重要性。柏拉圖手指向天，象徵對形而上的真理的探求，亞里斯多德手掌朝下，意味對現實世界的觀察與研究。其他人物包括蘇格拉底、畢達哥拉斯、歐幾里德、伊比鳩魯、托勒密等，貫串多達52個不同的古今人物，形象栩栩如生，多而不亂，既能凸顯人物的個性，又能使總體和諧而統一。<br>【改寫自：喬昭印主編，《世界文化史》（上海：華東師範大學出版社，2005），頁337】,teachers_book,文藝復興,文化,"[拉斐爾, 雅典學院, 柏拉圖, 亞里斯多德, 透視線]",V.3/Ch.1/古代文化與基督教傳統,拉斐爾的《雅典學院》,,,
1051,時間<br>義大利文藝復興: 14～16世紀<br>北方文藝復興: 15世紀中葉～16世紀<br>地區<br>義大利文藝復興: 義大利北部城市<br>北方文藝復興: 阿爾卑斯山以北地區（荷、英、法等地）<br>背景<br>義大利文藝復興: 商業復甦、城市興起、王權的強化、羅馬教廷權威衰微、人文主義<br>北方文藝復興: <br>代表人物<br>義大利文藝復興: 佩脫拉克、達文西、米開朗基羅、拉斐爾<br>北方文藝復興: 伊拉斯莫斯、摩爾、蒙田<br>思想<br>義大利文藝復興: 世俗人文主義<br>北方文藝復興: 基督教人文主義,teachers_book,文藝復興,文化,"[義大利文藝復興, 北方文藝復興, 世俗人文主義, 基督教人文主義, 伊拉斯莫斯]",V.3/Ch.1/古代文化與基督教傳統,義大利文藝復興與北方文藝復興的比較,,,
1052,伊拉斯莫斯在1509年返回英國的途中，花了七天的時間創作《愚人頌》，這部作品文筆輕鬆，言語調侃。在作品的開端，伊拉斯莫斯為愚人說話，主張率直、天真及任意而為才能獲得幸福，唯有縱情、狂放才能帶來快樂。接著，伊拉斯莫斯開始描述種種醜惡的做作現象，他諷刺那些表面上追求正直與禁慾的教會人士和封建貴族，實際上卻是另一套作為。藉由這些諷刺與象徵，伊拉斯莫斯希望人們能夠過上無拘無束的自由生活，做一個快樂幸福的愚人。這種讚揚人性自由的態度，充滿人文主義的精神。這本書在當時發揮巨大的影響力，是一部不可多得的文學作品。《愚人頌》問世後廣為流傳，前前後後被翻印了27次之多，而伊拉斯莫斯的名字也因此傳遍整個歐洲，廣為人知。<br>【改寫自：《圖說天下・世界歷史系列》編委會編，《文藝復興——中世紀的覺醒》（長春：吉林出版，2018年），頁91～92】,teachers_book,文藝復興,文化,"[伊拉斯莫斯, 愚人頌, 人文主義, 教會人士, 人性自由]",V.3/Ch.1/古代文化與基督教傳統,伊拉斯莫斯的《愚人頌》,,,
1053,1515年，倫敦副執政官湯瑪斯・摩爾出使比利時法蘭德斯地區，協調貿易衝突。期間他以拉丁文創作《烏托邦》（Utopia）一書，並於1516年出版。《烏托邦》一詞源於希臘語，具有雙重意涵，既是完美的地方，也是不存在的地方。此書以對話形式呈現英國圈地運動中勞動者淪為無產者的下場，反映「羊吃人」的社會悲劇。摩爾塑造了一個理想的烏托邦世界，社會上人人勞動，而勞動創造的財富按照各自的需求分配，沒有商品交換、黃金白銀的概念。政治上人人平等，管理者的職責僅是組織生產，沒有任何特權。摩爾的作品中有不少時代侷限，如仍有奴隸存在，也沒有說明實現這一理想的具體作法，但他刻畫出一個平等社會的輪廓，啟發了後世烏托邦社會主義的思想。<br>【改寫自：《圖說天下・世界歷史系列》編委會編，《文藝復興——中世紀的覺醒》（長春：吉林出版，2018年），頁107】,teachers_book,文藝復興,政治,"[摩爾, 烏托邦, 圈地運動, 羊吃人, 社會主義]",V.3/Ch.1/古代文化與基督教傳統,摩爾的《烏托邦》,,,
1054,"斯多噶學派（Stoics）的始祖芝諾（Zeno）曾提倡「世界國家」（world-state, cosmopolis），即「自然法」社群的觀念，這針對「城邦政治」的較偏狹的理念性格是尖銳的對比及有力的批判，但是作為一種可以「應世」的成熟政治思想還有一段距離。雖然有人認為亞歷山大大帝的功業可看成是芝諾的「烏托邦式」著作《國家篇》（Politeia）中所存有的 world-state 憧憬的實現，但是由於馬其頓帝國國祚短暫，芝諾之理念缺少繼續發展而成為帝國意識形態的機會。而羅馬的代興卻提供了「反城邦政治思想」發展的舞臺：在一個「普世帝國」的歷史結構下，何謂「政治」？何謂「人生之意義」？<br>斯多噶學派的自然法從一種形上哲學觀念變成具體法律體系，就是一個具體化「反城邦政治思想」的重要發展。它對政治思想的貢獻有以下幾項：首先，它建立了一個以法律為基礎的正義觀；再者，它揭櫫了一個新的、以法律為中心的政治生活形式———以法律作為政治共同體建構的核心概念；最後，它將政治主權觀念作了一個明確的交代。依次說明於下。在第六世紀（528AD）時，羅馬的查士丁尼大帝（Emperor Justinian）敕令編修了羅馬法歷史上最重要的法律文獻：《民法大全》（Corpus Juris Civilis），它包含了〈原理〉（Institutes）、〈摘要〉（Digest）及〈法典〉（Codes）三部分。這是集合了第六世紀的法學家們，企圖恢復與保存第二世紀以來偉大羅馬法學的一個龐大工程：其中包括了著名的西塞羅（Cicero）、蓋烏斯（Gaius）、烏爾比安（Ulpian）、特里芬尼努斯（Tryphoninus）與弗洛倫蒂努斯（Florentinus）等人的法學思想及前此以來的羅馬法法典。……這些法學文獻中所透露出的一個清楚訊息是：所謂正義是與法律連結在一起的。這樣的一種正義觀明顯與城邦哲學傳統不同。……對帝國的羅馬法學家而言，柏拉圖式的道德建構與亞里斯多德式的政體建構都已不再是這個新的政治形式——普世帝國——中的適當主題，因為在面對以千萬計的帝國臣民時，主政者的當務之急毋寧是維持一個秩序，使得不同的民族與文化能在同一個「帝國統治權力」（imperium）之下共存。此時，正如自然法支撐起宇宙的秩序，帝國亦需一部普遍的法律使其成為一種（政治）秩序之形式。在這種形式下，法律就一方面成為「正義」（justitia）的標準，而另一方面成為 imperium 的同義詞。<br>就第一個方面而言，可看成是羅馬法對政治思想的莫大貢獻：將正義「法律化」，即是將正義「非個人化」（impersonalized），使希臘的 dikaios（just, right）等同於羅馬的 jus，而這個結果即是 justitia。當然，這個 jus 的最高來源乃是「自然法」（jus naturale），所以就實質言，羅馬人有用法學取代希臘的道德哲學的傾向。而當帝國的法學家需要汲取若干法律思想的資源以建構完整的帝國法律體系時，此時在哲學本質上蘊含「法」的體系性思想的斯多噶學派自然成為最佳的伙伴。帝國統治「天下」是不分彼此的，帝國是唯一的政治結構，故曰「普世帝國」——它是所謂的 universitas hominum（人類一家）。而 universitas hominum 的理想必需立足於 homonoia 與 concordia（編者註：「和諧一致」與「協和」）；這兩個概念的基本條件應該就是「書同文，車同軌」的「大一同」，否則無法解消歧異。換言之，帝國需要一個單一的規範以肆應於其「單一普世」之範疇，統轄其下不同地域與文化之臣民：一部「萬民法」（jus gentium）是呼之欲出的制度。如果帝國需要萬民法以作為差異「衡平」（aequitas）之用，則深具「普世」性格的哲學思想自然提供了認識論上的現成成果。<br>【引用自：陳思賢，〈近代自由主義政治的古典前驅：希臘化時代反城邦政治與自然法的興起〉，《政治科學論叢》第10期（臺北：政治大學，1999），頁217～219】",teachers_book,羅馬帝國,政治,"[斯多噶學派, 自然法, 羅馬法, 普世帝國, 民法大全]",V.3/Ch.1/古代文化與基督教傳統,斯多噶學派對羅馬法的影響,,,
1055,……相對於作為「教義」（dogma）的基督教，伊拉斯莫斯更重視作為「宗教」（religion）的基督教的意義。湯普森（Craig R. Thompson）指出，這種宗教「是指基督教信仰與基督徒的生活實踐，即基督徒的虔誠與道德。（基督徒）根據福音書的準則而生活在塵世中，其所根據的，就是他所熱衷於稱呼的基督哲學。」作為伊拉斯莫斯基督教人文主義思想的核心主題，「基督哲學」（Philosophia Christi）將幫助我們理解伊拉斯莫斯在自由意志論戰中表現出的連續性思想特質：「基督哲學」這一概念的本義是指基督本人所教授的哲學，也就是福音書中所體現出的基督的道德與信仰的教導，廣義則是指以基督為中心（Christ-centered），重建信仰的虔誠本質與道德實踐的新型神學。在〈信仰之考察〉中，伊拉斯莫斯將《使徒信經》作為基督徒共同體的共識基礎，而基督的復活及拯救事件則被他視為《使徒信經》的中心。同樣地，這一事件亦是基督哲學的核心，也是伊拉斯莫斯所認同的整個基督教教義的基礎。<br>那麼，伊拉斯莫斯提出基督哲學的問題意識是什麼？縱觀伊拉斯莫斯的寫作生涯，他始終關心這一問題：「誰是真正的基督徒？」在中世紀晚期信仰困難重重的危機中，如何重建基督徒的信仰，成為人文主義者和改革者共同的思考。伊拉斯莫斯認為，恢復個體的虔誠，是建構基督哲學與重振信仰純正性的基礎，而虔誠的標準在於，「在內心深處信奉基督，並通過秉持基督精神行事來表現這一點」。在這裡，伊拉斯莫斯所倡導的是一種內在性的虔誠，它要求人在靈魂中開展一場革命（Metanoia），也就是從外在的皈依轉變為內在的皈依，從而重建內心的虔誠本質，並排斥依附於外部儀式的虔誠的表象與行為。即使需要奉行外部禮儀，也應在精神層面理解禮儀的意義之後再行動，重要的是禮儀所象徵的本質，而非表象。對人而言，「只需帶上虔誠與開放的心靈，擁有簡單與純淨的信仰。只需溫順謙和，你就已在這哲學中進益良多。」<br>伊拉斯莫斯指出，在恢復了信仰的虔誠起點後，基督徒生活的目標應朝向基督。具體而言，基督徒應該遵照四部福音書中的基督的道德教導，盡力效仿基督的德性，從而在生活中實現道德的提升，以獲得最高的智慧。<br>這一目標的實現需要分為兩步：第一，恢復原初本性；第二，在此基礎上效仿基督。伊拉斯莫斯認為，重建信仰必須建立在人性的道德基礎上，因而實現基督哲學的首要的且根本的一步就是人性的恢復。他如此發問：「在基督哲學中，還有什麼——他自己將之稱為重生（renascentia）——比人良善本性的恢復更為重要？」儘管古典的哲學同樣提倡回歸或追求人的善良本性，但對伊拉斯莫斯而言，這種原始本性的完整形態只能體現在作為「原人」的基督之中。基督哲學與以斯多噶學派（Stoics）、蘇格拉底和亞里斯多德等為代表的世俗哲學，在其對人性本質的理解上具有共性，但世俗哲學強調的是屬世的美德及其對靈魂的培育作用，而這種屬世美德必須回歸作為美德典範的基督，方能得到完善。<br>恢復人的原初本性對於人的信仰並不足夠，伊拉斯莫斯認為我們還需要在此基礎上通過對基督的仿效而實現內心的轉化。這一理論在保羅書信中就已經得到強調，而後通過教父哲學的闡釋而被深植於基督教的神學語境之中，形成了觀念傳統。中世紀晚期，「效仿基督」（Imitatio Christi）成為在北方盛行的現代虔誠派靈性運動的主題，伊拉斯莫斯在清除了其中的神秘主義色彩之後，將「效仿基督」的理念與人文主義所推崇的美德觀念相結合，從而要求在道德生活與信仰生活的雙重維度中效仿基督的典範。伊拉斯莫斯提出，基督哲學在生活實踐基礎上的接受可能性，源於基督哲學與人性之間特殊的一致性。這種一致性的保障就是作為「原人」的基督耶穌，換言之，基督哲學在基督復活事件的中保和恩典的作用下，得以對普遍人性產生效用，而伊拉斯莫斯為人所保留的自由意志，也使效仿基督在道德實踐層面得以成立：意志的自由抉擇使人有選擇效仿基督的可能，而在恩典的決定性作用下，這種可能性會在現實層面實現，並激勵人做出模仿基督典範的道德行為。<br>【引用自：許若容，〈伊拉斯莫斯在自由意志論戰中的連續性思想與基督教人文主義精神〉，《道風：基督教文化評論》第52期（香港：漢語基督教文化研究所，2020），頁341～344】,teachers_book,文藝復興,文化,"[伊拉斯莫斯, 基督哲學, 人文主義, 效仿基督, 自由意志]",V.3/Ch.1/古代文化與基督教傳統,伊拉斯莫斯的基督哲學,,,
1056,「宗教改革」（The Reformation）一詞包含了多種意義：<br><br>| 提出者 | 看法 |<br>| :--- | :--- |<br>| 東正教傳統者 | 認為宗教改革是使基督教信仰回復原本單純與直接的狀態，除去人與上帝之間由宗教所造成的一切隔閡 |<br>| Oberman 和 Kittelson | 認為宗教改革是一場「革命」，Oberman 認為它是「神學性的」（Theological），Kittelson 認為它是「意外性的」（Accidental） |<br>| Hendrix | 認為宗教改革運動是「再基督教化」（Re-Christianization） |<br>| Stevenson 和 Olson | 兩者均正面地評論宗教改革為第三次的教會「大分裂」 |<br>| 天主教穆啟蒙 | 批判宗教改革運動，認為它沒有發生的必要，是馬丁路德「掘開了教會分裂的洪流，給教會留下了四百多年來的遺憾」的分裂事件，其間更摻雜政教勾結的問題 |<br>| 部分歷史學家 | 認為宗教改革運動是一個複合名稱，由多種不同元素的改革運動組合而成 |<br><br>【引用自：鍾振華，〈對宗教改革的評價〉，http://www.chinesetheology.com/ChungCW1/EvaluationOnReformation.htm#_ftn1】,teachers_book,宗教改革,文化,"[宗教改革, The Reformation, Oberman, 大分裂, 馬丁路德]",V.3/Ch.2/個人、自由、理性,宗教改革的意義,,,
1057,在伊拉斯莫斯生活的年代，宗教主宰著人們的精神生活和物質生活。但伊拉斯莫斯認為，宗教中已經過時的東西應該被廢除，許多積習、儀式、傳統和觀念似乎已失去應有的精神意義，人們在追隨這些形式的過程時，並不理解其中的意涵，並懷有錯誤的情感。這些儀式與傳統領域表現出來的景況，讓伊拉斯莫斯感到愚蠢與厭惡，並在他的作品、書信——尤其是《對話集》——中展露無遺。他批判中古時期的神學和哲學，期待創造一個混合古典主義與《聖經》文化的基督教文化，讓古典主義的倫理符合其基督教的理想。他所介紹的古典精神試圖反映十六世紀基督教徒的心靈，希望引起廣大民眾的迴響。在人文主義進行一百多年後的時代裡，他新穎的思想使其成為「基督教人文主義」的代表。<br><br>【改寫自：約翰·赫伊津哈著，《伊拉斯莫斯傳：伊拉斯莫斯與宗教改革》（廣西：廣西師範大學，2008年），頁104～106】,teachers_book,宗教改革,文化,"[伊拉斯莫斯, 基督教人文主義, 古典主義, 對話集, 神學]",V.3/Ch.2/個人、自由、理性,伊拉斯莫斯的理念,,,
1058,| | |<br>| :--- | :--- |<br>| **學經歷** | 1483年馬丁路德出生於農民家庭，早年曾受過正規的學校教育。1501年5月，其遵父命進入愛爾福特大學法學院學習律師業務，之後改變心意進入修會成為隱修士，並獲得《聖經》學士學位及神學博士學位。後來，他在威登堡大學開設《聖經》學常設講座，兼管教會工作 |<br>| **開啟宗教改革** | **背景** | 天主教會大量販售「贖罪券」，藉以搜刮錢財。1517年10月31日，馬丁路德在威登堡大學教堂門前貼出《九十五條論綱》，主要是針對教會販售贖罪券這件事進行討論 |<br>| | **影響** | 《九十五條論綱》不僅觸犯多米尼加修會，而且觸犯了大主教本人，因此天主教會內部把這一場學術討論擴大為對異端思想的討伐。馬丁路德的行動不但表達日耳曼人民不願受到羅馬教廷的榨取與勒索，也對不得人心的教會造成強力的打擊 |<br><br>【改寫自：張綏，《中世紀基督教會史》（臺北：淑馨，1993年），頁216～221】,teachers_book,宗教改革,文化,"[馬丁路德, 贖罪券, 九十五條論綱, 威登堡大學, 羅馬教廷]",V.3/Ch.2/個人、自由、理性,開啟宗教改革的馬丁路德,,,
1059,1514年，馬丁·路德形成他的神學思想核心——「因信稱義」——的基本內涵：靈魂得到拯救的人在上帝面前被稱為義，這個義不在於本人自己的善行所積下的功德，而在於上帝的恩典和人對上帝的篤誠信仰。然而，依照天主教會奉為正統理論的解釋，稱義是人性的一種真正改變，是因分享了神的義而「從罪人變為義人」。稱義既是一種行為，又是一個過程，人的本性改變是逐步進行的。由於馬丁·路德在稱義的問題上與天主教會的傳統神學理論產生矛盾，進而促使他在信仰的觀念上與天主教的傳統理論發生分歧。<br><br>【改寫自：張綏，《中世紀基督教會史》（臺北：淑馨，1993年），頁217】,teachers_book,宗教改革,文化,"[因信稱義, 馬丁·路德, 神學思想, 上帝的恩典, 天主教會]",V.3/Ch.2/個人、自由、理性,因信稱義,,,
1060,喀爾文脫離天主教之後，於1536年出版《基督教的制度》，這本書有系統地闡述神學，具有深遠的影響力。與馬丁·路德不同的是，喀爾文著重神的主權，而神意是堅固的。他著名的「預選論」認為：神依照自己的意願去創造世界，並以自己的形象來創造人，但人的祖先亞當、夏娃禁不起魔鬼的誘惑，背叛了神的戒律，所以人皆有罪，有罪的人能否得救全憑神的預定。能不能得救並非人所能預知，但是透過受洗與聖餐、正直的德行，且公開為神做見證下，可以成為依循的方式。在政教關係上，馬丁·路德認為最高權威是政府，但喀爾文認為代表神的教堂和牧師才是至高無上的。<br><br>【改寫自：鄧元忠，《西洋近代文化史》（臺北：五南，1990年），頁11～12】,teachers_book,宗教改革,文化,"[喀爾文, 基督教的制度, 預選論, 神的主權, 政教關係]",V.3/Ch.2/個人、自由、理性,喀爾文的理念,,,
1061,英王亨利八世表面上是因為離婚問題進行宗教改革，實際上是因為無法容忍羅馬教廷對國內政治的干涉，而民族意識漸興下的英國亦無法容忍羅馬的教皇干預其宗教事務。1533年，亨利八世與羅馬教皇決裂，明令英格蘭教會不得向教皇繳納貢賦。1534年「王權至上法」頒布，英格蘭教會的最高領袖為英格蘭國王，其得以任命教會各種教職以及決定教義；宗教法庭改為王室法庭，由國王任命的官吏來審判教徒、鎮壓異端；教會未經國王同意不得召開宗教會議，且不能制定新教規，現行教規須由國王任命的委員會通過，宗教教規與國家法令相牴觸者則一律廢除。這場改革不但否定羅馬教皇在英格蘭教會的最高權威，更確立英王為英格蘭教會的最高領袖，讓英格蘭教會得以脫離羅馬教廷而獨立，轉而變成國家機構的一部分。<br><br>【改寫自：馬嘯原，《西方政治制度史》（北京：高等教育出版社，2000年），頁86～87】,teachers_book,英國,政治,"[亨利八世, 王權至上法, 羅馬教廷, 英格蘭教會, 民族意識]",V.3/Ch.2/個人、自由、理性,英格蘭的宗教改革,,,
1062,馬丁·路德以「《聖經》是教會最高的權威」做為推動宗教改革運動的原因，在於教會有兩個現象：其一、禁止信徒閱讀《聖經》。當時所有《聖經》的出版品都是用拉丁文或是希臘文印行，想要閱讀《聖經》就必須進入修道院修習希臘文與拉丁文。在修道院中，通常要參與服事教會的事工，在此情況下，很容易被神職人員灌輸服從教皇的觀念，再轉化成為信仰。其二、教皇的話比《聖經》更具權威性，任何爭議的事務必須依教皇的決定為主。即使教皇的決定違背《聖經》義理，也須以教皇的裁決為基準。當時歐洲權貴為了保障家族的權勢與財產，通常會要求自己的孩子從軍或成為神職人員。前者可以在軍政上取得優勢，後者則是藉由掌控宗教資源保障自己的財產，這也是教會腐敗與墮落的主要因素之一。馬丁·路德為改革積弊，主張「《聖經》是教會最高的權威」、「人人皆是教士」。為了幫助教會「回到《聖經》來」，他以德文翻譯《聖經》，讓當時民眾皆能讀懂、理解《聖經》，不再受教會掌控，打破教會的禁令，將宗教改革推展開來。<br><br>【改寫自：牧會筆記：「回到聖經來」宗教改革給我們的信念，http://chungi.biblekm.com.tw/f2notes/index.php?load=read&id=61】,teachers_book,宗教改革,文化,"[馬丁·路德, 聖經, 人人皆是教士, 教皇, 德文翻譯]",V.3/Ch.2/個人、自由、理性,返回《聖經》，人人皆是教士,,,
1063,在認定異端時依據的就是「信經」<br>異端特徵<br>基督教所謂的異端有十項特徵：<br>1.  不信上帝是獨一、自有永有、創造宇宙、掌管宇宙、無所不在、無所不能的真神。<br>2.  不信上帝為三位一體聖父、聖子、聖靈的上帝。<br>3.  不信耶穌基督為道成肉身，為童貞女所生。<br>4.  不信耶穌基督為完成救贖拯救人類、被釘十字架、死後第三天復活、四十日後升天、在上帝右邊為信者代求、將必再來並進行最後審判。<br>5.  不信聖靈及其工作。<br>6.  不信《聖經》是上帝所默示的、或是在《聖經》裡增刪詞字、在《聖經》之外增加其它文物。<br>7.  不信因信稱義、主的救恩、還主張要靠守律法、行功德、好行為，才能得救。<br>8.  不信基督是教會的頭、以人意設立教會首領、隨人意定教會權柄。<br>9.  信仰不純正、摻雜異教信仰。將他宗教的教義摻雜混為一體，這也是一種異端。<br>10. 違背了使徒信經中的信仰告白。<br><br>【引用自：臺灣基督長老教會，〈淺談基督教異端〉，http://www.pct.org.tw/article_apoc.aspx?strBlockID=B00007&strContentID=C2010031000031&strDesc=&strCTID=CT0013】,teachers_book,基督教,文化,"[異端, 信經, 三位一體, 耶穌基督, 因信稱義]",V.3/Ch.2/個人、自由、理性,基督教異端的認定,,,
1064,"以下內容摘自洛克《寬容書簡》：<br>「對我而言，國家就只是一群人為了獲得、保存、發展其自身的利益而組成的社會團體。<br>我所謂的公民利益包括生命、自由、健康、身體的安逸以及對身外之物的擁有，例如錢、土地、房子等等。<br>法官的責任是無私地執行公平的法律，讓所有人——尤其是自己的老百姓，以正當手段得來並屬於他的事物，都能得保安全無虞。公平與正義的法律存在的目的是要保存這些東西，如果有人打算違法，法律就會剝奪或減少此人原本可以享受的公民益處與財貨，他因此會對此種懲罰心生恐惧。因為沒有人願意承受失去他所擁有的事物，更不願失去自由與生命，所以才由法官身負全體人民的力量來執行懲罰，破壞這些犯罪者的權利。<br>法官的審斷只及於上述事項，公民權力、權利、控制都應該限定在守護這些事情上，所以不能也不應該延伸到靈魂的拯救上；以下的考量應該詳細證明：<br>第一，靈魂的狀況不單是法官的事務，也是所有人的事務。我認為，上帝並沒有責成法官來關注（別人的）靈魂狀況；在這件事上，上帝並未曾給某個人更大的權力，也沒有強迫任何人去信奉他的宗教。人民也沒有同意法官有這樣的權力，因為沒有人會盲目地將自己救贖的狀況交給別人——無論是君主還是百姓——來決定，規定自己要遵從什麼樣的宗教或儀式。只要可以選擇，沒有人會在信仰上屈從於別人的權威。真正的宗教的生命與力量，在於對內在心智的完全說服；如果沒有相信，就沒有宗教。不管我們嘴裡說什麼，不管我們採用什麼宗教儀式，如果我們內心沒有真心相信自己所講的，相信那些儀式是上帝會喜歡的，那麼這些話，這些儀式，反而都是救贖的障礙。我們因此非但不能藉由宗教活動而去除我們的罪，在向我們尊敬的全能上帝獻上令祂厭惡的禮拜時，我們反而是增加了虛偽與蔑視神聖主宰的罪惡。<br>第二，靈魂的狀況與照料不是法官的職責，因為法官的力量只包含外在的力量，但真正且具救贖的宗教一定包含心智的內在說服，否則上帝也無法接受。心智的說服是自然而然的理解方式，任何外在力量都不能強迫，讓他相信。如果一個人已經依據事物樣態而在內心形成一種判斷，無論你是用沒收家產、收監坐牢、還是施以折磨的方法，其效果都無法讓他改變判斷。」<br>簡單而言，洛克認為，國家不能介入信仰這個領域， çünkü第一，政府的成立目的，在於保障人身財產，而不在靈魂領域。第二，信仰是心智的活動後最終的結果，國家既無法介入，而用外在脅迫的手段也無法真正逼使人們改變信仰。<br><br>【翻譯自：洛克《寬容書簡》（John Locke, ‘A Letter Concerning Tolerance’, in John Locke, edited by Ian Shapiro, Two Treatises of Government and A Letter Concerning Toleration, New Haven: Yale University Press, 2003, pp.218-219）】",teachers_book,啟蒙運動,政治,"[洛克, 寬容書簡, 公民利益, 靈魂, 信仰]",V.3/Ch.2/個人、自由、理性,洛克的宗教寬容理念,,,
1065,新教改革刺激了天主教會，其領導者開始進入一段內省與激烈的改革時期。雖然教會的改革並沒有阻擋歐洲宗教的分化，卻讓羅馬天主教在性靈上重新復甦而充滿活力。在天主教的改革上，教會召開特倫特大公會議（1545～1563年），主要是針對「長久以來加諸基督教信徒身上，甚至讓他們無法承受之罪惡」進行討論。在教義以及制度上，會期中辯論和澄清有關原罪和赦罪、《聖經》的角色，以及聖禮的性質和數量等方面的天主教正統立場。此外，會議中也糾正了神職人員濫用職權的作為。特倫特大公會議再次重新確認傳統天主教會的立場，並澄清教理、提高神職人員的標準、提升教會組織的效率，透過強調屬靈教導的重要性，因應新教所帶來的挑戰。<br><br>【改寫自：布萊恩威爾森（Brian Wilson）著、傅湘雯譯，《基督宗教的世界》（臺北：貓頭鷹，1999年），頁88～89】,teachers_book,宗教改革,文化,"[天主教會, 特倫特大公會議, 教義, 神職人員, 新教]",V.3/Ch.2/個人、自由、理性,天主教的改革運動,,,
1066,緣起<br>1521年因重傷退役的西班牙軍官羅耀拉，在療傷期間接受基督教信仰，並成為虔誠信徒。隨後，羅耀拉在西班牙與巴黎兩地研讀神學，期間結交六位志同道合的好友並組成耶穌會。1540年，教宗保祿三世正式批准此組織<br>特色<br>1. 「入世」精神是耶穌會的特色，教士生活和一般人一樣沒什麼不同，除了宣揚教義之外，亦救濟貧困<br>2. 為了使耶穌會成為傳教士的典範，加入耶穌會的必要條件之一是學識豐富<br>3. 原則上，這些傳教士屬於羅馬教會，所以耶穌會的真正領袖是教宗，必須絕對服從教宗<br>影響<br>1. 教育上，耶穌會在各國創辦許多學校，招收權貴與富商，這些學生日後在政治上發揮不小的影響力<br>2. 耶穌會在海外傳教上也頗有斬獲，從印度、遠東，甚至於南美的巴西與非洲的剛果地區皆有傳教士宣教，在當地造成一定的影響力<br><br>【改寫自：胡祖慶編譯，《西方政治外交史》（臺北：五南，1994年），頁239～241】,teachers_book,宗教改革,文化,"[耶穌會, 羅耀拉, 教宗, 傳教士, 入世]",V.3/Ch.2/個人、自由、理性,耶穌會,,,
1067,背景<br>1. 十三世紀以後，哈布斯堡王朝下的神聖羅馬帝國皇權日漸衰微<br>2. 地方諸侯利用宗教上的糾紛據地稱雄<br>導火線<br>擲出窗外事件：1526年，神聖羅馬帝國併吞波西米亞。1617年，哈布斯堡王朝封斐迪南為波西米亞國王，其為舊教狂熱者，迫害波西米亞新教徒，導致人民起義，並將國王的兩名使者扔出窗外，開啟了三十年戰爭的序幕<br>過程<br>1618～1624年<br>波西米亞與神聖羅馬帝國的鬥爭期，以波西米亞失敗告終<br>1625～1629年<br>戰爭擴大，荷蘭與丹麥聯合對抗哈布斯堡聯盟，最後丹麥被擊敗，神聖羅馬帝國勢力擴展至波羅的海<br>1630～1635年<br>為爭奪波羅的海，瑞典與法國聯手對抗神聖羅馬帝國與西班牙的軍隊，以瑞典失敗告終<br>1636～1648年<br>此時全歐進入混戰階段，法國出兵再度與瑞典聯手打敗神聖羅馬帝國與西班牙聯軍。隨後，瑞典與丹麥開戰獲勝。1645年，法、瑞占領神聖羅馬帝國南部，迫使帝國於1648年簽訂《西伐利亞和約》，戰事告終<br>影響<br>1. 哈布斯堡王朝在戰後領地大失而勢衰，削弱對神聖羅馬帝國各邦的控制力，致使日耳曼地區分崩離析<br>2. 法國崛起成為歐洲霸主<br>3. 瑞士與荷蘭獨立，荷蘭成為海上新勢力<br><br>【改寫自：任德山編著，《圖說歐洲史》（新北：人類智庫數位科技，2014年），頁197～199】,teachers_book,宗教改革,政治,"[三十年戰爭, 哈布斯堡王朝, 神聖羅馬帝國, 擲出窗外事件, 西伐利亞和約]",V.3/Ch.2/個人、自由、理性,三十年戰爭過程與影響,,,
1068,馬丁·路德對於翻譯《聖經》有極大的貢獻。路德在翻譯經文時，態度認真、嚴謹，反覆校對、力求無誤，甚至組成一個委員會，透過定期會面與討論，凝聚對於翻譯的共識。其次，路德提出一套翻譯的原則與技巧，如可以改變原文詞序、可以適度增補語助詞、連接詞等。他雖然力求合乎原文，但在「務求凸顯原文精義」的考量下，還是會適度增減文字，而非死板地從字面翻譯。例如路德在翻譯「羅馬書」三章28節時，增加一個「僅」字，引發羅馬教廷的反彈，追隨教宗的信徒們也群起圍攻。路德表示，「羅馬書」三章中確實沒有「僅」字，但若要強調「稱義『僅』因著信」，就必須加上一字凸顯語意。此外，路德也極為重視聽覺上的美感，因此他的翻譯除了精準、易懂之外，還兼具音韻之美。由於路德在翻譯《聖經》的過程中，賦予不少德語詞彙新的釋義，使一些慣用語為全國所接受，也為日後統一的書面德語奠定基礎。<br><br>【改寫自：尤濤，〈略論馬丁·路德翻譯《聖經》的偉績〉，《文學教育》，2016年；基督教論壇報，https://www.ct.org.tw/1308410#ixzz6EGOzhZiF】,teachers_book,宗教改革,文化,"[馬丁·路德, 翻譯, 聖經, 羅馬書, 德語]",V.3/Ch.2/個人、自由、理性,馬丁·路德翻譯《聖經》,,,
1069,中古科學理念<br>1. 中古時期受基督教信仰的影響，科學都是依據《聖經》而來，多半是觀念性的概念<br>2. 若是科學違反了教義，就算是基督教派，也會被當作異端而遭到排擠<br>希臘科學與中古神學<br>違背神學<br>十二世紀時，伊斯蘭世界將古希臘的知識傳入歐洲，由於古希臘權威亞里斯多德的作品與《聖經》內容大相逕庭，讓羅馬教會遭受衝擊，進而查禁亞里斯多德的著作<br>融合神學<br>1. 一些神學家努力將亞里斯多德學說轉為基督教神學的基礎，除了採用他的天動說之外，還將其力學、生命論、以及形而上學等理念，轉化為擁護基督教教義的論點<br>2. 在神學家的努力之下，1255年亞里斯多德的書獲得解禁，其學說不僅成為中古教會信仰的基礎，更在當代發揮巨大的影響力<br><br>【改寫自：橋本浩著，《圖解科學史》（臺北：易博士，2006年），頁80】,teachers_book,中世紀,文化,"[亞里斯多德, 中古時期, 基督教, 神學, 天動說]",V.3/Ch.2/個人、自由、理性,亞里斯多德對中古教會的影響,,,
1070,中古時期的教會依循西元前二世紀克勞蒂阿斯·托勒密所提的地球中心說，為當代的天文學基礎。托勒密在解釋此一現象時曾提及，科學必須採信由觀察所得的結果，進而組成最簡單的假設。哥白尼認為，太陽中心說的理論比托勒密的說法更能簡單解釋所看到的現象，於是在1500年以參加大赦慶典為由，在羅馬發表演說，提出地球轉動的假說。然而，這樣的論點讓他在祈禱時感到困擾，決意再深入研究。隨後，他在赫斯堡地區潛心研究六年，檢視托勒密所觀察的大部分資料後，認為所有的觀察都符合太陽中心說。1514年，他將研究結果記載在小評一書中，提及「所有的行星繞著太陽運轉，故太陽是宇宙中心」。1539年，一位25歲的數學家喬治·瑞笛卡斯在研讀哥白尼的小評後，為其理論所著迷，希望將該書出版，卻遭哥白尼拒絕。經過不斷地請求，行將就木的哥白尼終於答應將他的論文印刷付梓。1543年春天，哥白尼的《天體運行論》第一冊出版。同年5月24日，當時因病臥床的哥白尼收到此書，見到書籍封面後，含笑而終。<br><br>【改寫自：威爾杜蘭，《宗教改革之餘響》（臺北：幼獅文化，1995年），頁318～324】,teachers_book,科學革命,文化,"[哥白尼, 托勒密, 地球中心說, 太陽中心說, 天體運行論]",V.3/Ch.2/個人、自由、理性,哥白尼研究歷程,,,
1071,哥白尼重新提出日心說以來，陸續經由布拉赫（Brahe）、克卜勒、伽利略等人加以佐證。其中的克卜勒，從小因染上天花導致手指受創，但他天資聰穎，後來獲得獎學金，進入大學研讀神學與數學。克卜勒出色的數學天分，使他受到當代丹麥天文學家布拉赫的邀請，前往布拉格擔任他的助理。他整理布拉赫的觀測紀錄，發現無論如何，都無法用哥白尼以圓形建立的體系說明布拉赫的數據，進而將行星運行的軌道修正為橢圓形。後來他陸續發表「克卜勒三大定律」，影響後世深遠。克卜勒除了著有《新天文學》、《宇宙和諧論》之外，也自製了克卜勒望遠鏡，利用鏡片的組合使影像呈現倒立，並可在虛像的位置插上刻度，是伽利略望遠鏡的改良品，對天文學方面貢獻良多。<br><br>【改寫自：廖瑞雯、王嵐等著，《科學發明家100》（臺北：太雅，1993），頁52～53】,teachers_book,科學革命,文化,"[克卜勒, 布拉赫, 哥白尼, 橢圓形, 克卜勒三大定律]",V.3/Ch.2/個人、自由、理性,克卜勒,,,
1072,伽利略出生於義大利的比薩，雖然曾一度為了父親的心願就讀醫學，但最後還是轉往他感興趣的數學。當時一般大學仍受亞里斯多德的學說所支配，但伽利略認為與其相信前人的著作，不如進行實地觀察、研究，因而強調實驗的重要性。他最有名的實驗就是在比薩斜塔上拋出不同重量的物體，證明同時落地。十七世紀初第一架望遠鏡發明後，伽利略隨即進行改良，因而得以觀察到月亮表面凹凸不平、太陽黑子、木星擁有四顆衛星等現象。他將發現彙集出版《星空使者》一書，受到極大關注。1632年出版《對話》一書，以人物對話的方式，論證托勒密體系與哥白尼體系的差異，結論形同公開支持哥白尼的學說。教會除了禁止出版該著述外，並判伽利略終身監禁。1642年伽利略逝世後，仍持續遭到教會的迫害，遺體在往後的一百年仍置於該教會的地下室裡，不准建墓安葬。直至1983年，教會才公開承認伽利略的審判是錯誤的。1992年，教宗若望·保祿二世宣布恢復伽利略的名譽。<br><br>【改寫自：廖瑞雯、王嵐等，《科學發明家100》（臺北：太雅，1993），頁50～51】,teachers_book,科學革命,文化,"[伽利略, 亞里斯多德, 望遠鏡, 哥白尼, 教會]",V.3/Ch.2/個人、自由、理性,伽利略的貢獻,,,
1073,牛頓是英國第一位被封爵的科學家，對於科學有多方面的貢獻，例如：數學方面，他和萊布尼茲差不多同時發明微積分；光學方面，他利用分光鏡證明太陽的白光是由七色光混合而成的。牛頓將自己的發現和證明記錄成書，為後世留下《自然哲學的數學原理》和《光學》兩本科學巨著。其中，「萬有引力定律」可以有效地解釋在「人類可感知的範圍」內的許多物理現象，具有優秀的普遍解釋力和應用性，使牛頓在歷史上被賦予崇高的地位。<br>「萬有引力定律」是：所有物體通過引力相互吸引，引力的大小與兩物體之間的距離平方成反比，與兩物體的質量乘積成正比。此定律為克卜勒發現的行星運動三大定律提出有效的解釋。牛頓指出，行星離太陽愈近時，受到的引力愈大，運行速度就會加快，行星離太陽漸遠時，運行速度就會減慢。後來其他科學家也服膺反比定律，如法國科學家庫侖依照反比定律訂出「庫侖定律」，說明電力的大小與兩個點電荷的電量成正比，與兩個點電荷之間的距離平方成反比。<br>除了科學家之外，近代哲學家也深受牛頓力學的影響，而牛頓力學蘊含部分關於宇宙規律的描述，也動搖了人們的宇宙觀。自十八世紀開始，部分啟蒙思想家以牛頓物理學取代神學，認為人們不需要假設存有上帝的意志，就可以對宇宙的運行作出圓滿的解釋。據說，拿破崙曾問法國科學家拉普拉斯，為什麼在其著作中不給上帝保留一個位置，拉普拉斯回答：不需要。因為牛頓力學已經能代勞，所以人們不需要騰空一個位置予上帝。<br><br>【改寫自：哲學團隊，〈牛頓「因牛頓力學已經能代勞，人們不需要騰空一個位置予上帝〉，「香港01」，https://www.hk01.com】,teachers_book,科學革命,文化,"[牛頓, 萬有引力定律, 自然哲學的數學原理, 啟蒙思想家, 拉普拉斯]",V.3/Ch.2/個人、自由、理性,牛頓「萬有引力定律」的影響,,,
1074,英格蘭人培根於1620年出版《新工具》一書。當時哲學家慣稱亞里斯多德「邏輯六書」為「工具」（Organum），由書名即可知培根打算「汰舊換新」，他也表示：「本書只打算指引新路……古人尊榮依然無損無減。」然而一旦走上新路，培根認為大家都會發現：「從此只有一路可走，科學、藝術、一切知識都必須澈底重建在正確的基礎上。」培根、伽利略、笛卡兒等學者都有相同理念，認為只要以觀察取代書本，一定會獲得以下結論：自然並非是個自有生命、氣息、意欲、志向的有機體，而是一座如同機械般的大鐘。上帝是鐘匠，打開連動機制，讓自然轉動，之後不再干涉。若是如此，自然的運作之謎應該就與機械的運作一樣可以輕易理解。笛卡兒在《哲學原理》中提到：「鐘以一定數量齒輪製成，就能指出時間，如同樹從特定種子生長，就能結出該種果實。」<br><br>【改寫自：伊安·摩里士，《西方憑什麼》（臺北：雅言文化，2015），頁375～376】,teachers_book,科學革命,文化,"[培根, 新工具, 笛卡兒, 觀察, 機械]",V.3/Ch.2/個人、自由、理性,透過觀察建立通則,,,
1075,| | |<br>| :--- | :--- |<br>| **主張** | 培根的歸納法主張透過記錄一系列實驗所獲得的結果，根據結果再進行假設，經過不同的試驗來驗證假設，最後便能得到一個普遍的原則或定律 |<br>| **步驟** | 1. 在所有已經知道的事例中，觀察研究某一特定現象發生的情況<br>2. 在某些事例中觀察研究此特定現象不曾發生的情況<br>3. 觀察研究此特定現象在各種事例中出現程度上的差異<br>4. 重新全盤再檢驗以上的3種情況可以發現，某因素的存在會造成此種特定現象產生，然而，去除某因素後，此種特定現象便不會產生；因而此因素存在與該特定現象出現的程度成正比，所以此因素為此特定現象的原因 |<br>| **影響** | 培根亦主張理論與實踐應合一，用實驗觀察和歸納的方法來研究問題。而牛頓的萬有引力定律便是受此種研究方法的影響而產生 |<br><br>【改寫自：鄧元忠，《西洋近代文化史》（臺北：五南圖書，1990），頁36；王曾才，《西洋近世史》（新北：正中書局，1989），頁265】,teachers_book,科學革命,文化,"[培根, 歸納法, 實驗, 假設, 牛頓]",V.3/Ch.2/個人、自由、理性,培根的歸納法,,,
1076,笛卡兒對於後世的數學與哲學貢獻良多。在數學上，他利用綜合代數與幾何創造出解析幾何學，提供近代物理中基本數學的研究法。在科學方法上，他的《方法論》於1637年問世，內容主張要有系統的懷疑一切可疑的事物，留下「我思故我在」的名言。在哲學上，他提出二元論，也就是後世所稱的「笛卡兒二元論」。在此論點中，造物者在宇宙間創造了兩個實體：一為「思維的本體」，也就是指心、精神、意識和主觀經驗；另一為「延伸的本體」，也就是指心以外的所有事物，屬於客觀的概念。<br><br>【改寫自：王曾才，《西洋近世史》（新北：正中書局，1989），頁266～267】,teachers_book,科學革命,文化,"[笛卡兒, 方法論, 我思故我在, 二元論, 解析幾何學]",V.3/Ch.2/個人、自由、理性,笛卡兒的哲學思想,,,
1077,| | 思想家 | 重要思想內涵 |<br>| :--- | :--- | :--- |<br>| **政治或哲學** | **英國**<br>洛克 | 著有《政府論二講》：<br>1. 倡導憲政、反對專制<br>2. 主張天賦人權、主權在民 |<br>| | **法國**<br>伏爾泰 | 著有《英國書簡》、《牛頓哲學原理》：<br>把培根的歸納法、洛克的政治理論與牛頓的物理學普及化<br>著有《哲學通信》明確闡述其思想：<br>1. 政治上主張開明專制<br>2. 宗教上批判天主教、反對宗教迫害、主張自然神論<br>3. 重視個人言論自由 |<br>| | **法國**<br>孟德斯鳩 | 《波斯人信札》：藉由兩名來訪的波斯人看法，對法國及歐洲的社會與制度進行批判<br>《論法的精神》：主張三權分立 |<br>| | **法國**<br>盧梭 | 1. 《社會契約論》：主張國家成立後，主權屬於人民全體；契約是人民之間的協定，個人在接受社會契約後，便將個人意志併入「普遍意志」<br>2. 《懺悔錄》：盧梭的真實自傳，他貶抑理性的價值，轉而強調自然、重視情感 |<br>| **百科全書** | **法國**<br>狄德羅 | 編纂《百科全書》，將當時的科學、技術與歷史知識作有系統的整理，宣揚理性與人道主義，並嚴厲批判當時的政治與社會制度 |,teachers_book,啟蒙運動,政治,"[洛克, 伏爾泰, 孟德斯鳩, 盧梭, 狄德羅]",V.3/Ch.2/個人、自由、理性,啟蒙哲士理念回顧,,,
1078,1784年啟蒙運動發展至巔峰時，康德將其定義為人類從自我設限的牢籠裡掙脫出來的活動，並將此活動冠上「勇於認知」（Sapere aude）一詞：即去冒險發現、使用批判的權利、從事自己處理自己的孤獨生活。和其他啟蒙思想家一樣，康德歸納統合其他人長久以來的論調，將啟蒙運動看成是人類要求自己被當成負有責任之成人。這種想法也是當時許多啟蒙思想家的一般共識，基於此共識，啟蒙運動成為西方世界在心靈發展上的一個重大事件。<br><br>【改寫自：彼得·蓋伊著，《啟蒙運動（上）：現代異教精神的崛起》（新北：國立編譯館、立緒文化，2008），頁24～25】,teachers_book,啟蒙運動,文化,"[康德, 啟蒙運動, 勇於認知, 批判的權利, 心靈發展]",V.3/Ch.2/個人、自由、理性,康德對啟蒙運動的定義,,,
1079,咖啡館和沙龍是十八世紀社會生活的主要特色。沙龍裡會有一位雍容華貴且睿智的女主人，也是一位高度文化修養的貴婦。這些貴婦會邀請當代的作家、學者、政治家、藝術家，或者是頗具盛名的外籍傑出人士到私邸聚會，在賓客之間，她們不介入談話爭論中，讓與會者能盡興地發表己見。討論的內容除了文學藝術之外，還涉及各種政治與社會上的問題，形成當代思想重要的傳播地；咖啡館在十八世紀迅速發展，因為是公共空間，人們可以在輕鬆的氣氛中無拘無束地高談闊論與激烈爭吵。此處是文人作家、藝術家、市民、勞動者及小販匯集之地，也是小道消息的傳播處。咖啡館除了可以閒聊、消遣、交換訊息外，思想激進者也常藉此地聚會討論，成為文化散播的重要渠道之一。<br><br>【改寫自：吳圳義，《近代法國思想文化史——從文藝復興到啟蒙運動》（臺北：三民，2006），頁231、234】,teachers_book,啟蒙運動,社會,"[沙龍, 咖啡館, 女主人, 思想, 文化散播]",V.3/Ch.2/個人、自由、理性,法國文化傳播中心——沙龍與咖啡館,,,
1080,狄德羅《百科全書》與此前字典型式的參考書，最大的不同在於它改變了分類的範疇。將事物或知識歸類其實是一種權力的運作，在知識之樹上和弱勢學門相關聯的學科很可能會「枯萎」。為了避免世界因分類範疇界線崩解而陷入混亂，確立並守衛這些界線變得極為重要。狄德羅和達朗貝便是冒著觸犯禁忌的風險，在知識的分類上重新確立「已知」與「未知」之間的界線，從而刪除了許多以往被視為神聖的學問。此外，狄德羅和達朗貝也宣稱，他們的作品是對「人類知識的秩序與連結」的系統解釋，而非僅僅是按字母順序編排的字典或摘要。<br>在百科全書之前，培根等人的著作中已出現知識之樹的形象。狄德羅借用培根的分類概念，依照專業領域挑選詞條，再依由A到Z的字母順序編排。其中，神學被歸類在哲學的分支下，而且是位在離主幹遙遠的一個小分支上，和迷信、占卜和黑魔法等一連串可疑的項目在一起。透過修剪培根的知識之樹，狄德羅和達朗貝將天啟臣屬於理性哲學之下，以哲學取代神學成為諸學科之首，教士對知識的掌控權因而轉移到啟蒙哲士手中，啟蒙哲士成為新的分類範疇界線的守護者。這個策略的成功，使啟蒙哲士取得了主導知識的權力與崇高的歷史地位。<br><br>【改寫自：謝柏暉，〈探求失落的心靈空間〉，《歷史教育》第11期（臺北：國立臺灣師範大學歷史學系，2007），頁242～243】,teachers_book,啟蒙運動,文化,"[狄德羅, 百科全書, 知識分類, 啟蒙哲士, 知識之樹]",V.3/Ch.2/個人、自由、理性,《百科全書》與知識分類的含意,,,
1081,| | |<br>| :--- | :--- |<br>| **全名** | 《百科全書》全名為《百科全書，或科學、藝術和工藝詳解辭典》 |<br>| **緣起** | 一開始出版商只是想將英國的科技大辭典部分翻譯成法文，於是聘請狄德羅和達朗貝為主編 |<br>| **編纂時間** | 1751～1780年，耗費近三十年的時間才完成 |<br>| **內容** | 內容共32卷（前書於1751～1772年間陸續完成，後來加上續編補遺和索引，1780年問世），以詞條形式呈現，收編當時已知的所有知識，包括政治、經濟、科技、哲學、宗教、文學、藝術、習俗等 |<br>| **撰稿者** | 法國啟蒙思想家紛紛參與這場編寫盛會，撰稿者多達一百六十餘位。每位撰寫人以自然科學和社會科學的理性模式，對當時的一切進行全面的革新與批判 |<br>| **貢獻** | 《百科全書》是狄德羅在人類文化上最大的貢獻。這部偉大的巨著，不僅是一套包含各領域的工具書，編撰者希望透過這樣的作品改變一般人的思考方式，進一步引發人類的心靈革命 |<br><br>【改寫自：吳圳義，《近代法國思想文化史——從文藝復興到啟蒙運動》（臺北：三民，2006），頁242～243】,teachers_book,啟蒙運動,文化,"[狄德羅, 百科全書, 達朗貝, 啟蒙思想家, 心靈革命]",V.3/Ch.2/個人、自由、理性,狄德羅與《百科全書》,,,
1082,| 理念 | 影響 |<br>| :--- | :--- |<br>| **宗教思想革命**<br>文章主要分為三類：記憶（與歷史相關的主題）、理性（哲學）和想像（詩歌）。頗具爭議的是，書中將宗教視作哲學之中的一部分，這樣突破的觀念引發爭論，顛覆幾世紀以來宗教在歐洲人生活與思想的地位 | 法國當局曾試圖禁止出版書中的某些文章，甚至恐嚇編輯。然而，《百科全書》卻依舊成為當時影響最大、也是廣為人所查閱的作品 |<br>| **科學與理性**<br>《百科全書》介紹許多十八世紀科學家及其先驅者的諸多發明研究並大力推廣 | 在歐洲一些較為古老的天主教大學之中，許多教師和學者都對《百科全書》嶄新的科學思維方式有所保留，但有不少人仍將它們運用到了教學當中，推動思想的傳播 |<br>| **平等與自由**<br>《百科全書》撰寫者提倡自由主義與平等的思想，強調主權在民、宗教寬容、出版自由、理性優於教條以及宗教啟示等價值 | 一些啟蒙運動時期政治哲學，包括自由主義在內，也逐漸影響世界其他地區，這些地區依照啟蒙的理念建立法律體系，保障公民應有的權利 |<br><br>【改寫自：狄德羅刊印《百科全書》——匯集世界各地的知識，http://www.orangenews.hk/culture/system/2019/12/09/010133858.shtml】,teachers_book,啟蒙運動,文化,"[百科全書, 宗教思想革命, 科學與理性, 平等與自由, 自由主義]",V.3/Ch.2/個人、自由、理性,《百科全書》理念與影響,,,
1083,| | |<br>| :--- | :--- |<br>| **宗教上** | 提倡自然神論，排斥傳統神學觀念，強調神為抽象存在，不屬於物質世界，而行動受限於自然律 |<br>| **政治上** | 來自英國洛克的天賦人權觀念，強調人天生有生命、財產、自由與平等，以及追求幸福等神聖不可侵犯的自然權利，人們由此訂約而成立國家，為民主政治的思想先驅 |<br>| **社會上** | 將「科學至上主義」推廣應用於大眾生活中，自然科學逐漸出現與支配社會生活，人們認同科學萬能的價值觀愈趨普遍 |<br>| **歷史上** | 思想家認同「進步主義」，相信在自然科學日益進步下，世界會更美好，未來便會從罪惡、無知與迷信中解脫 |<br>| **人生觀** | 在理性訴求下，生活上注重合理的方式，治學上則重視科學方法。而在對人生充滿信心及希望下，努力追求進步 |<br>| **道德上** | 受「理性主義」道德觀念影響，人們以理性為標準論斷善惡、是非，希望走向完美的境界 |<br><br>【改寫自：卓心美編著，《智慧的河流——談西洋哲學的發展》（臺北：三民，2003），頁118～119】,teachers_book,啟蒙運動,文化,"[自然神論, 天賦人權, 科學至上主義, 進步主義, 理性主義]",V.3/Ch.2/個人、自由、理性,啟蒙運動理念,,,
1084,人類「理性」的自我覺醒便是啟蒙運動的主要精神。從十五世紀到十七世紀，此思想脈絡歷經文藝復興、宗教改革以及科學革命，在自然科學技術領域獲得成就並成長茁壯，最後於啟蒙運動中發揚光大。就宗教態度上，受到「自然神論」（Deism）影響，啟蒙運動者像是伏爾泰與狄德羅等，反對宗教迷信以及教會對人的控制。自然神論主張要正確理解神與宗教的概念必須透過理性，反對不合理性的超自然與神啟宗教。在科學上，牛頓的萬有引力學說提出一套自然界或宇宙的普遍法則，人們於是對於自身的能力產生了自信。<br>這個時代的人們在理性下，普遍相信「進步」的觀念。就「量」來說，人們相信可以無限制的擴充人類的知識範圍，而進步的根源與統一力量就是理性。就「質」而言，他們相信無論是人性或自然中也存在著理性，順著理性的發展，人類社會會與自然憑著「可完善性」（perfectibilité）會不斷的進步而且日漸完善。所以啟蒙時期又有「理性的世紀」（The Age of Reason）之稱。<br><br>【引用自：國家教育研究院，http://terms.naer.edu.tw/detail/1310418/?index=7】,teachers_book,啟蒙運動,文化,"[理性, 進步, 自然神論, 伏爾泰, 牛頓]",V.3/Ch.2/個人、自由、理性,啟蒙運動中的理性與進步,,,
1085,啟蒙思想家對奴隸制度的批判，在情感上的同情大於系統性的論述，他們的宣言不夠精確，往往被奴隸制的支持者刻意的曲解及攻擊。即使如此，這些思想家對於改變人們對奴隸的看法仍然有不少的貢獻。這些反對奴隸制的觀點，在一些有良知的法官或福音教派之士的推動下，在十八世紀末形成一股廢奴主義的潮流。走在最前端的英國，由國會議員威伯福斯發起。這些廢奴主義者主張，一個文明國家不應該進行奴隸貿易，它違反了上帝的旨意。在一連串的抗爭下，英國政府於1807年3月25日，通過禁止大英帝國境內進行奴隸貿易的法律，1834年廢除了奴隸制度。隨後，各國紛起效尤，1848年法國在其殖民地禁止奴隸制度，美國在南北戰爭後，1865年宣布奴隸制度非法。而葡萄牙、西班牙分別跟進。最後，1888年南美洲的巴西西廢除了奴隸制度。<br><br>【改寫自：彼得．蓋伊著，《啟蒙運動（下）：自由之科學》（新北：國立編譯館、立緒文化，2008），頁485；BBC中文網，〈回顧：英國廢除奴隸貿易200周年〉，http://news.bbc.co.uk/chinese/trad/hi/newsid_6490000/newsid_6492200/6492297.stm】,teachers_book,啟蒙運動,社會,"[奴隸制度, 啟蒙思想家, 廢奴主義, 威伯福斯, 英國]",V.3/Ch.2/個人、自由、理性,歐洲廢除奴隸制,,,
1086,潘恩於1774年前往北美，1776年發表支持美國獨立的《常識》。他認為美國獨立是這塊土地上的人民天賦人權的展現，他們有權決定自己的命運。美國獨立是一種簡單的事實和常識——因為北美人民無須再繼續接受英國君主政權的統治，欲解決英、美之間的危機最好的方式便是美國獨立。既然美國獨立是「遲早要發生且必然的趨勢」，北美的人民應該和英國決裂，並起而反抗獨立建國。潘恩用一種常識化、口語化及淺顯易懂的文字，來表述自由主義的天賦人權思想，讓大眾易於理解和接受。這本《常識》在短短的三個月內便售出十萬冊，銷售本數在當時僅次於《聖經》，為影響力最大、傳播範圍最廣的一本書。<br><br>【改寫自：如沒有潘恩，自由的美國將難以想像——臺灣版《常識》譯本序，https://caochangqing.com/big5/newsdisp.php?News_ID=1610】,teachers_book,美國,政治,"[潘恩, 常識, 美國獨立, 天賦人權, 自由主義]",V.3/Ch.2/個人、自由、理性,潘恩的《常識》與美國獨立,,,
1087,| | |<br>| :--- | :--- |<br>| **時間** | 1642～1649年 |<br>| **背景** | 斯圖亞特王朝企圖恢復天主教並深信君權神授，與國會發生多次衝突 |<br>| **導火線** | 1. 因宗教問題引發蘇格蘭叛變，查理一世為籌措軍費重新召開國會，國會趁機提出「大諫章」，並將查理一世的親信大臣逮捕處死<br>2. 查理一世領兵前往國會逮捕五位領袖議員，國會號召民兵相抗，內戰因而展開 |<br>| **雙方陣營** | 擁護國王 封建貴族、地主，稱為騎士黨，主要分布在英國北部和西部<br>擁護國會 城市居民、清教徒，稱為圓顱黨，主要分布在東部、南部和倫敦 |<br>| **結果** | 查理一世兵敗被俘，清教徒領袖克倫威爾成立審判庭，1649年處死查理一世，使王權遭受打擊 |<br><br>【改寫自：約翰．赫斯特著、席玉蘋譯，《你一定愛讀的極簡歐洲史》（臺北：大是文化，2010），頁158～160；黃台香，《主權在民：英國革命》（臺北：莎士比亞文化，2009），頁11～19】,teachers_book,英國,政治,"[斯圖亞特王朝, 查理一世, 國會, 克倫威爾, 圓顱黨]",V.3/Ch.2/個人、自由、理性,清教徒革命,,,
1088,| | |<br>| :--- | :--- |<br>| **時間** | 1688～1689年 |<br>| **背景** | 詹姆士二世違背禁止天主教徒擔任公職的法律，大量委任天主教徒在軍隊、政府部門、教會、大學等擔任要職 |<br>| **導火線** | 詹姆士二世先後發布兩個「信仰自由宣言」，給予包括天主教徒在內的所有非國教徒信教自由，引起英格蘭國教主教們的反對 |<br>| **過程** | 1. 1688年6月20日，詹姆士二世得子。國會中的惠格黨人與部分托利黨人為避免信奉天主教的詹姆士二世傳位給剛出生的兒子，遂廢黜詹姆士二世，並邀請詹姆士二世的長女瑪麗及其夫婿荷蘭執政奧蘭治親王威廉來英國<br>2. 威廉一行人登陸英國後，詹姆士二世企圖逃亡卻遭截獲送回，威廉則授意讓他出逃法國；1688年12月，威廉兵不血刃進入倫敦<br>3. 1689年1月在倫敦召開的議會上，宣布詹姆士二世遜位，由威廉和瑪麗共同統治英國，稱為威廉三世和瑪麗二世 |<br>| **結果** | 通過《權利法案》，國會成為國家最高的立法與監察機關，對王權的限制與規範大增，英國從此進入君主立憲時代 |<br><br>【改寫自：許介麟，《英國史綱》（臺北：三民，1981），頁119～120；黃台香，《主權在民：英國革命》（臺北：莎士比亞文化，2009），頁21～22】,teachers_book,英國,政治,"[詹姆士二世, 光榮革命, 威廉三世, 瑪麗二世, 權利法案]",V.3/Ch.2/個人、自由、理性,光榮革命,,,
1089,| | |<br>| :--- | :--- |<br>| **時間** | 1689年由威廉三世與瑪麗二世簽署通過 |<br>| **內容** | 1. 國王不得干涉法律<br>2. 沒有議會同意，國王不得徵稅<br>3. 人民有向國王請願的權利<br>4. 人民有配戴武器以自衛的權利<br>5. 人民有選舉議會議員的權利<br>6. 國王不得干涉議會的言論自由<br>7. 人民有不遭受殘酷與非正當懲罰的自由<br>8. 人民有在未審判的情況下不被課罰金的自由<br>9. 國王必須定期召開國會 |<br>| **意義** | 1. 《權利法案》是英國歷史上自《大憲章》以來最重要的法案，也被視為是《美國憲法》的前身<br>2. 1701年，英國議會又通過了《王位繼承法》，被看作是《權利法案》的補充，這兩個法案確立了英國「國會至上」原則，是邁向虛位君主制度的重要一步，國會逐漸成為國家的最高權力機關<br>3. 象徵一人統治一國的時代在這個島國正式結束 |<br><br>【改寫自：廖欽福，《憲法與人權》（臺北：元照，2009），頁32；《大國崛起》系列叢書編輯出版委員，《大國崛起—英國》（臺北：青林國際，2007），頁104】,teachers_book,英國,政治,"[權利法案, 威廉三世, 國會至上, 君主立憲, 大憲章]",V.3/Ch.2/個人、自由、理性,《權利法案》,,,
1090,| | |<br>| :--- | :--- |<br>| **背景** | 1. 北美殖民地的移民者，大多是在英國遭受政治或宗教迫害者，本來就對母國有疏離感<br>2. 因為距離英國遙遠，必須自行建立組織進行管理 |<br>| **自治議會** | 1619年，維吉尼亞首先成立議會，其他殖民地也陸續跟著成立。議會在不與英國法律牴觸下，具有頒布法律、徵稅、分配殖民地經費等權力 |<br>| **演變** | 議會後來成為為殖民地人民爭取權利、維護殖民地人民權益的機構 |<br><br>【改寫自：《大國崛起》系列叢書編輯出版委員，《大國崛起—美國》（臺北：青林國際，2007），頁17；黃台香，《新大陸升起星條旗：美國獨立》（臺北：莎士比亞文化，2009），頁7】,teachers_book,美國,政治,"[北美殖民地, 自治, 議會, 維吉尼亞, 母國]",V.3/Ch.2/個人、自由、理性,北美十三殖民地的自治傳統,,,
1091,| | |<br>| :--- | :--- |<br>| **內容** | 1765年3月通過，該法規定北美殖民地的報紙、契據、執照、文憑、紙牌與入場券等印刷品均需加貼印花，違者罰款或監禁 |<br>| **受波及者** | 包括律師、銀行家、印刷商、記者及地主等中產階級 |<br>| **抗議** | 1. 這是英國首次對北美殖民地徵收直接稅，因此引起當地人民反彈。自由之子、自由之女等秘密組織帶領群眾搗毀稅局，焚燒印花稅票，在稅吏身上塗柏油、黏羽毛，並且遊街示眾，稅吏也被迫辭職<br>2. 1765年10月，紐約召開反《印花稅法》大會，通過拒繳納印花稅等14項決議，並進行罷市、遊行、抵制英貨，導致英國對殖民地的出口額大降<br>3. 按英國的傳統，徵稅乃是一種財產的轉移，因此必須經由其本人或其代表的同意，而殖民地在英國既無代表，因此也就無權向殖民地徵稅，是所謂「無代表，不納稅」 |<br>| **結果** | 在殖民地人民抗爭與英國商人要求下，國會於1766年廢除《印花稅法》 |<br><br>【資料來源：王曾才，《西洋近世史》（臺北：正中書局，1995），頁318；郭毓斌，《圖解世界史近代卷（上）》（臺中：好讀，2007），頁257】,teachers_book,美國,政治,"[印花稅法, 北美殖民地, 直接稅, 無代表，不納稅, 自由之子]",V.3/Ch.2/個人、自由、理性,印花稅法,,,
1092,原因<br>為拯救經營不善的英國東印度公司，英國政府給予其售茶到殖民地的免稅權，引起殖民地茶商的不滿；而後英國政府又徵收茶稅，引起更大反彈<br>事件經過<br>1773年12月16日，英國東印度公司四艘滿載茶葉的商船抵達波士頓港口，一群自稱茶葉黨（自由之子）的人士偽裝成印第安人，潛入商船，將342箱茶葉傾倒入港口內，英國政府下令關閉波士頓港口，將戰船和軍隊駛入殖民地<br>結果<br>1. 1774年，英國頒布法案，削減人民的自治權，加強控制，民怨四起<br>2. 殖民地在費城舉行第一次大陸會議，否決宗主國英國的立法權，公開衝突日益擴大<br>意義<br>1. 被視為是美國獨立的導火線<br>2. 宣告茶葉時代的結束與咖啡時代的來臨。波士頓茶葉黨事件後，咖啡成為爭取獨立、自由、民主的重要象徵，當時波士頓的重要咖啡館，更成為革命分子策畫行動的重要大本營<br>【改寫自：黃台香，《新大陸升起星條旗：美國獨立》（臺北：莎士比亞文化，2009），頁9～10；林立樹，《美國通史》（臺北：五南，2001），頁54～56】,teachers_book,美國,政治,"[英國東印度公司, 茶稅, 自由之子, 大陸會議, 美國獨立]",V.3/Ch.2/個人、自由、理性,波士頓茶葉黨事件,,,
1093,起草<br>由五人小組委員會起草，但實際上主要由傑弗遜一人所主筆<br>頒布<br>1776年7月4日<br>內容<br>1. 第一部分：說明政府成立的目的，在於保障人民生命、自由和追求幸福的自然權利。若政府侵犯這些權利，人民就有理由起來推翻它<br>2. 第二部分：逐項條列說明英國在北美殖民地的所有「暴政」。就是這些暴政，侵犯了殖民地人民應有的自然權利，使殖民地不得不起來推翻英國的統治<br>3. 第三部分：指出北美殖民地人士已盡一切努力與英國友好但遭拒絕，因此不得已宣布「殖民地聯合，且有權成為自由與獨立的州」，鄭重宣布北美獨立<br>特色<br>1. 自然權利：即天賦人權，強調人生而平等，具有生存、自由和謀求幸福的基本權利<br>2. 社會契約：強調政府的成立乃是依據人民的共識（同意）而來<br>3. 革命權：強調當政府破壞基本人權或有負人民所託時，人民可將其推翻，另立新政府<br>意義<br>1. 宣言極富啟蒙學氣息，尤其是洛克與盧梭的思想躍然於字裡行間<br>2. 《獨立宣言》成為近代獨立革命尋求民主的重要文獻，並成為後來法國大革命的主要依據<br>3. 成為美國獨立的標誌，7月4日也成為美國的國慶日。每年象徵性地敲響費城的自由鐘；1876年，法國贈送美國自由女神雕像，以紀念獨立一百周年<br>【資料來源：林立樹，《美國通史》（臺北：五南，2001），頁69～70；郭毓斌，《圖解世界史近代卷（上）》（臺中：好讀，2007），頁262～263】,teachers_book,美國,政治,"[傑弗遜, 自然權利, 社會契約, 革命權, 洛克]",V.3/Ch.2/個人、自由、理性,《獨立宣言》,,,
1094,背景<br>美國立國之初成立邦聯政府，但只是鬆散的聯盟，各州各自為政，造成一系列政治經濟問題和社會混亂<br>制憲會議<br>時間：1787年5月～9月，費城<br>過程<br>1. 提出「維吉尼亞方案」，主張建立兩院制的立法機構，並賦予中央政府否決權，企圖以聯邦制取代邦聯制度<br>2. 各州代表激烈辯論，逐漸形成聯邦派與反聯邦派，最終雙方妥協，於1787年9月通過憲法<br>美國憲法<br>實施<br>1789年3月正式實施<br>精神<br>基於《獨立宣言》中「統治者來自被統治者同意」的理念，由人民選出的代表擬訂憲法<br>原則<br>循「分權」、「制衡」兩項原則草擬，採「嚴格」（狹義解釋）及「彈性」（廣義解釋）兩種方式解釋，以維繫政府運作<br>意義<br>1. 憲法為國家的最高法律<br>2. 確定由選舉產生的政府具有唯一的合法性<br>3. 確定國家權力三權分立的原則<br>4. 明訂國家體制為聯邦制，聯邦政府只擁有憲法所列舉的權利，其餘沒有說明的權利，歸各州或人民所有<br>5. 人人平等地擁有各項法律所保障的權利<br>6. 各州之間的法律地位完全平等<br>7. 國會採代議制<br>【改寫自：馬世力、陳光裕著，《一本就通：世界史》（臺北：聯經，2010），頁211～212；林立樹，《美國通史》（臺北：五南，2001），頁88～89】,teachers_book,美國,政治,"[邦聯政府, 制憲會議, 聯邦制, 分權, 三權分立]",V.3/Ch.2/個人、自由、理性,美國憲法的制定與實施,,,
1095,美國立國的成功，雖有其地理環境、歷史及國際處境的理由，但重要的是其聯邦主義制度。聯邦主義的落實在於統治權分屬中央與州政府：屬於中央的權力，諸如鑄幣、宣戰等；有些權力為州政府所保留，如控制州內貿易、設立選舉資格等。也有共享權力，包括支援教育、推動法令等。當州與中央在權力上有紛爭時，由聯邦法庭充任仲裁。此外，美國憲法規定，憲法及任何國家法律一經通過後，所有人民必須遵從，州議會不能更改它，也不能違反它。聯邦主義是美國在民主制度上的創建與貢獻，它能使一個多元的社會，在很多人認為不可能的條件下，成功的建立了一個國家，且國力自立國之後即蒸蒸日上，而達到後來領導世界的地位。<br>【改寫自：鄧元忠，《西洋近代文化史》（臺北：五南，1993），頁282～285】,teachers_book,美國,政治,"[聯邦主義, 中央政府, 州政府, 聯邦法庭, 美國憲法]",V.3/Ch.2/個人、自由、理性,聯邦主義,,,
1096,起源<br>十四世紀，法王腓力四世因與教宗增稅與教宗發生衝突，為了爭取人民支持，遂召開首次的三級會議<br>成員<br>教士、貴族和市民三個階級，一個階級一票<br>召開時機<br>國家遇到財政或政治上的困難時，才會不定期召開<br>中斷<br>隨著專制王權強化，三級會議權力被削弱，1614～1789年中斷了175年<br>重新召開<br>1. 法國大革命前夕，由於國家財政困難，路易十六於1789年5月在凡爾賽宮重新召開<br>2. 第三階級要求改為一人一票制的國民會議，路易十六表面妥協，卻暗中調派軍隊準備鎮壓，導致革命爆發<br>影響<br>三級會議在法國大革命時演變為國民會議和國民制憲議會，可說是近代歐洲民主議會制度的起源之一<br>【改寫自：劉金源著，《法國史：自由與浪漫的激情演繹》（臺北：三民，2004），頁56；黃台香，《自由女神帶領前進：法國大革命》（臺北：莎士比亞文化，2009），頁11～12】,teachers_book,法國,政治,"[三級會議, 腓力四世, 路易十六, 國民會議, 法國大革命]",V.3/Ch.2/個人、自由、理性,三級會議,,,
1097,巴士底監獄位於法國巴黎市區東部的塞納河畔，建於1369～1382年間，原為軍事城堡，目的是防禦百年戰爭時來犯的英軍，高約30公尺，有8個塔樓可架設大砲，內有一座軍火庫。1380～1422年間，這座城堡被改為王家監獄。自十六世紀亨利四世以後的歷任法王，均在此駐紮大量軍隊。由於巴士底監獄專門關押政治犯，被視為法國專制王權的象徵，如伏爾泰就曾兩度被關押在此，但有現代法國歷史學家認為，巴士底監獄已是當時全法國生活條件最好的監獄。1789年7月3日，巴黎人民驚然起義。14日攻占巴士底監獄，當天獄中只有七個囚犯，一位是犯了「放蕩罪」的貴族，兩位被認定為精神病患者，四位是偽造犯。然而，此事仍被視為民主自由勝利的象徵，是大革命的開端。1880年，為了紀念法蘭西第一共和國的建立，法國政府宣布將7月14日定為國慶日。<br>【改寫自：法 國 國 際 廣 播 電 台（RFI），〈巴 士 底 獄 遺 址〉，http://www.rfi.fr/tw/%E6%B3%95%E5%9C%8B%E6%B3%95%E8%98%AD%E8%A5%BF%20161110-%E5%B7%B4%E5%A3%AB%E5%BA%95%E7%8D%84%E9%81%BA%E5%9D%80%E7%9A%84%E5%BB%BA%E7%AF%89%E5%92%8C%E6%AD%B7%E5%8F%B2%E5%9B%9E%E9%A1%A7%E5%8F%B2%E5%9B%9E%E9%A1%A7】,teachers_book,法國,政治,"[巴士底監獄, 專制王權, 伏爾泰, 巴黎人民, 法蘭西第一共和國]",V.3/Ch.2/個人、自由、理性,巴士底監獄,,,
1098,制憲時間<br>國民會議於1791年7月至9月制定，經路易十六批准通過<br>特色<br>1. 確立三權分立的原則<br>2. 行政權由國王負責<br>3. 立法權由立法會議行使<br>4. 司法權由各級法院負責<br>5. 以《人權宣言》為憲法序言<br>內容<br>包含法國大革命以來所頒布的一切反封建法令<br>觀念<br>根據盧梭人民主權學說所制定，表現出主權在民的概念，並界定了勞動權、生存權、受教權等觀念<br>意義<br>1. 是法國第一部成文憲法，確立君主立憲制<br>2. 是法國從傳統的貴族社會跨入近代公民社會的法律標誌<br>【資料來源：羅芃、馮棠、孟華等，《法國文化史》（臺北：亞太，1998），頁225～228；王曾才，《西洋近世史》（臺北：正中書局，1995），頁356】,teachers_book,法國,政治,"[國民會議, 三權分立, 人權宣言, 盧梭, 君主立憲制]",V.3/Ch.2/個人、自由、理性,制定憲法,,,
1099,羅伯斯比出生於法律世家，成年後亦成為出色的律師。他曾於1789年出席三級會議與國民會議，並於隔年成為雅各賓俱樂部的主席。因為不滿路易十六企圖逃亡，羅伯斯比贊成處死國王——「路易應當死，因為共和必須生」。在內憂外患下，羅伯斯比主張政府所有政策必須依循「以理性領導人民，以恐怖對付人民的敵人」的原則，他指出：「如果和平時期民主政府的泉源是美德，那麼革命時期的泉源應該同時是美德和恐怖；沒有恐怖的美德無異於自取滅亡，而沒有美德的恐怖即顯軟弱無力。恐怖實與迅速、嚴厲、不打折扣的正義無異，等於是美德的發揮。恐怖並不是一個特殊原則，而是民主的普遍性原則應用到國家最迫切的情況中所造成的結果。」為了建立「美德共和國」，羅伯斯比以公安委員會剷除異己，數萬人遭到暗殺或處死，包括路易十六、羅蘭夫人、丹敦等人。因為對羅伯斯比而言，革命的美德就是下定決心掃除把罪惡帶給國家的反革命分子，使用恐怖手段來消滅敵人，不論作法多麼殘忍冷酷，都是美德的表現。<br>【改寫自：吳圳義著，《法國史》（臺北：三民，1995），頁29～32；傅啟學，《世界史綱（上）》（臺北：正中書局，2002），頁595～597；江金太，《剖析法國大革命》（臺北：森大圖書，1989），頁209～211】,teachers_book,法國,政治,"[羅伯斯比, 雅各賓俱樂部, 恐怖統治, 美德共和國, 公安委員會]",V.3/Ch.2/個人、自由、理性,羅伯斯比與恐怖統治,,,
1100,洛克的天賦人權<br>《人權宣言》<br>1. 人生而平等，享有自由、財產、安全和反抗壓迫的權利<br>2. 自由包括言論、著述和出版等，其行使以保證社會其他成員能享有同樣權利為限度<br>3. 財產不可侵犯，非因合法認定的公共需要，並經公平和事先的賠償，不受剝奪<br>4. 法律之前人人平等，任何人非在法定情況下並經法定程序，不受控告、逮捕或監禁<br>孟德斯鳩的三權分立<br>國民會議頒布憲法，改君主專制為君主立憲，確立法國為三權分立體制，行政權屬國王，立法權屬立法會議，司法權屬各級法院<br>伏爾泰的反教會專制<br>1. 確立宗教信仰自由，喀爾文教派不再被禁<br>2. 取消天主教的國教地位，教士改由國家支薪<br>盧梭的社會契約<br>《人權宣言》<br>1. 主權在民，任何團體或個人不能行使主權所未明白授予的權力<br>2. 法律為公共意志的表現，人民有權利親自或透過其代表參與立法程序<br>【改寫自：鄧元忠，《西洋近代文化史》（臺北：五南，1993），頁290～293；馮作民，《法國大革命》（臺北：燕京文化，1979），頁299～312】,teachers_book,啟蒙運動,文化,"[洛克, 孟德斯鳩, 伏爾泰, 盧梭, 人權宣言]",V.3/Ch.2/個人、自由、理性,法國大革命中所落實的啟蒙思想,,,
1101,1769年拿破崙出生於法屬科西嘉島，因為他日後的成就，雨果在《悲慘世界》中寫道：「科西嘉，一個使法蘭西變得相當偉大的小島。」拿破崙10歲就讀陸軍小學，後保送巴黎軍官學校。畢業後因擁護國民公會，鎮壓有功，開始嶄露頭角。1796年，拿破崙新婚第三天，出任義大利遠征軍總司令，征服薩丁尼亞，並翻山越嶺打敗奧地利，這些軍事成就震撼歐洲各國，法人也稱他為民族英雄。1798年，拿破崙奉命遠征埃及，遭英將納爾遜敗於埃及海外，隔年，他潛返法國發動政變，推翻督政府，成為第一執政。1804年，他加冕稱帝後，多次打敗反法同盟，使帝國進入全盛時期。但因為大陸封鎖政策帶來許多災難，征俄又大敗，加上素來與之為敵的英國也從中離間，拿破崙於1814年退位，並被放逐至厄爾巴島。翌年，他潛回法國建立百日王朝，卻兵敗於滑鐵盧，最後病逝於聖赫勒拿島。<br>【改寫自：黃台香，《帝國理想的追求與破滅：拿破崙帝國》（臺北：莎士比亞文化，2009），頁23～25；王晴天，《圖解歐洲史》（新北：典藏閣、采舍國際，2018），頁248～257】,teachers_book,法國,政治,"[拿破崙, 科西嘉島, 督政府, 反法同盟, 滑鐵盧]",V.3/Ch.2/個人、自由、理性,拿破崙的生平,,,
1102,拿破崙擔任第一執政期間，成立民法草案起草委員會，他曾多次出席會議參與討論，許多條款是由他確立的，最後於1804年頒布實施。《拿破崙法典》大部分的法條是根據法國大革命理性、平等與普遍主義的精神原則編訂。法典頒布後，隨即傳至法國征服與控制的地區，如比利時、盧森堡、日耳曼西部、義大利等地。由於法典系統完整，所以當時與後世的許多國家都將其當作範本，來制定本國的民法。連拿破崙自己都說：「我真正的光榮並非打了四十幾次的勝仗，滑鐵盧之戰抹去了關於這一切的記憶，但是有一樣東西是不會被人忘記的，它將永垂不朽——就是我的《民法典》。」<br>- 第一編 民事權利的享有，人格的保護，住所、監護、教養、父母子女間的關係，婚姻、配偶之間的關係，宣告婚姻無效或離婚而解除婚姻<br>- 第二編 對各種財產權（所有權、用益權和役使權）的規定<br>- 第三編 取得權利的各種方法，即繼承、贈予、結婚時授予妻子的財產和債務關係<br>- 1. 規定各種契約、法定及約定的抵押、訴訟時效和權利取得的法定期限<br>- 2. 規定各種契約、法定及約定的抵押、訴訟時效和權利取得的法定期限<br>【改寫自：郭毓斌，《圖解世界史近代卷（下）》（臺中：好讀，2007），頁42～43；黃台香，《帝國理想的追求與破滅：拿破崙帝國》（莎士比亞文化，2009），頁21～22】,teachers_book,法國,政治,"[拿破崙法典, 民法典, 法國大革命, 平等, 財產權]",V.3/Ch.2/個人、自由、理性,《拿破崙法典》,,,
1103,定義<br>拿破崙在1806～1814年期間為制裁英國而採取的經濟措施<br>背景<br>在法國大革命與拿破崙戰爭期間，英國曾幾次封鎖法國及其盟國，企圖消滅敵國的貿易與航運，削弱其戰鬥力。此舉引起敵對勢力的不滿，拿破崙利用這些情緒，一再宣傳英國是全歐真正的敵人，因此實施大陸封鎖政策，藉以反制與摧毀英國的出口貿易<br>經過<br>1. 1806年，拿破崙發布《柏林敕令》，法國所屬各國不可與英國進行貿易，並斷絕一切來往；沒收所有英貨與船隻<br>2. 1807年，英國以《樞密院令》規定中立國家船隻在進入法國控制的港口前，需先經過英國（用意在載運英貨）<br>3. 1807、1810年，拿破崙陸續發布《米蘭詔令》、《楓丹白露敕令》等，進一步強化對英國的封鎖<br>敗因<br>1. 英國一直保有制海權，其對歐陸實施的海上封鎖更為有效<br>2. 英國成功地與南美洲建立了貿易關係<br>3. 拿破崙無力強迫各地區都加入此關稅同盟，歐陸仍分為幾個經濟陣營，並且因爭奪物資而產生摩擦<br>結果<br>1. 該政策雖促進法國部分工業的成長，然其全國產業水準卻無法取代英國以滿足歐洲各國需求，使不少國家的經濟因而惡化，因此痛恨法國<br>2. 英國採取反封鎖措施，並以大規模的走私予以反制，讓該政策無法從經濟上達到拖垮英國國力的目的<br>【改寫自：R.R.Palmer等著，孫福生等譯，《現代世界史前篇：從歐洲興起到一八七○年》（臺北：麥格羅希爾，2016），頁459～464；馮作民，《拿破崙時代》（臺北：燕京文化，1979），頁341～475】,teachers_book,法國,經濟,"[大陸封鎖政策, 拿破崙, 英國, 柏林敕令, 制海權]",V.3/Ch.2/個人、自由、理性,大陸封鎖政策,,,
1104,時間<br>1812年<br>背景<br>1. 俄國違反大陸封鎖政策，於1810年起恢復與英國的商業與貿易<br>2. 拿破崙欲迎娶沙皇亞歷山大一世妹妹，遭到婉拒<br>3. 拿破崙與俄皇欲爭奪歐陸領導權而交惡<br>計畫<br>以一、兩次的大決戰殲滅俄軍，在短期內占領莫斯科，迫使俄國投降<br>經過<br>6月 拿破崙親率六十萬大軍進攻俄國，起初勢如破竹<br>8月 俄國採取退卻戰術並實行堅壁清野（焦土策略）<br>9月 法軍占領莫斯科，但俄軍已先行撤退，帶走城內所有糧食並放火燒城。拿破崙意識到情況不利，向沙皇提議議和，但未獲得答覆<br>10月 法軍深入俄境，導致補給線過長，此時俄國嚴寒的冬季影響法軍補給，俄軍則趁勢反攻，拿破崙軍隊在撤退途中不斷遭到俄軍攻擊，傷亡慘重<br>12月 拿破崙率領殘存的三萬士兵慘敗而歸，自稱敗給俄國的「冬天將軍」<br>影響<br>歐洲各國趁機組成第六次反法同盟，於萊比錫之役大敗拿破崙，後者於1814年宣布退位，被流放到厄爾巴島<br>紀念作品<br>1. 柴可夫斯基的「1812年序曲」<br>2. 托爾斯泰「戰爭與和平」<br>【改寫自：郭豫斌，《圖解世界史．近代史（下）》（臺中：好讀，2007），頁64～67；R.R.Palmer等著，孫福生等譯，《現代世界史前篇：從歐洲興起到一八七○年》（臺北：麥格羅希爾，2016），頁472～473】,teachers_book,法國,政治,"[拿破崙, 亞歷山大一世, 堅壁清野, 莫斯科, 反法同盟]",V.3/Ch.2/個人、自由、理性,拿破崙征俄,,,
1105,盛行時間<br>1. 第一次：1450年代～1640年代<br>2. 第二次：1750年代～1860年代<br>背景<br>1. 第一次：十五世紀後，新航路使國際貿易範圍擴大，英國對外貿易成長快速，進一步刺激羊毛出口業和毛紡業的發展，養羊成為利潤豐厚的事業<br>2. 第二次：城市人口增多及手工業迅速發展，市場對穀物、肉類的需求大增<br>情形<br>1. 英國貴族與地主為了投資獲利，將原來租給佃農的土地收回，或強占公共草地和林地，或用欺騙、暴力方式奪取農民土地，然後用籬笆和灌木樹籬圍起來成為牧場<br>2. 當時英國的國會主要由這些土地所有者控制，因此數以百計的《圈地令》被通過，使圈地運動合法化<br>結果<br>1. 使英國全國一半以上的土地變成牧場<br>2. 各地頻傳農民暴動，英國國王因此頒布限制圈地運動的法令，卻未能有效實施，反而使圈地日益合法化<br>3. 被驅逐的農民變成遊民，為了避免社會動亂，政府規定農民、遊民必須接受工資低廉的工作，否則將嚴加處罰（鞭笞、割耳、死刑）<br>影響<br>1. 土地運用更有效率，累積的資金可轉投資工業<br>2. 農民變成牧場雇工，或離鄉背井到城市謀生，提供早期工業革命所需的勞動力<br>【改寫自：J. R. Strayer、Hans W. Gatzke著，陸盛譯，《西洋近古史（下）》（臺北：五南，1990），頁533～534；R.R.Palmer等著，孫福生等譯，《現代世界史前篇：從歐洲興起到一八七○年》（臺北：麥格羅希爾，2016），頁486～488】,teachers_book,英國,經濟,"[圈地運動, 羊毛, 佃農, 圈地令, 工業革命]",V.3/Ch.2/個人、自由、理性,圈地運動,,,
1106,工業革命的起點，是棉紡織工作的機械發明、改進與推廣。十七世紀之前，大部分英國人穿的衣服多是厚重又不排汗的毛衣，故輕巧、鮮豔又排汗的印度棉織品輸入後，立刻大受歡迎。1721年，英國由富商階級操縱的國會立法禁止印度棉布進口，但可以合法進口原棉加工成棉布，然而由於技術不足導致品質不佳，市占率很低。1730年代以後，英國的紡織技術才有了飛躍式的進步，包括：飛梭的發明加快織布的速度、珍妮紡紗機與水力紡紗機等提高紡紗的效率。紡車機械化的結果，英國棉布不只變得與印度棉布品質一致，還更為便宜、耐穿，十八世紀印度是全世界最大的棉織品出口國，但到了十九世紀初，英國的棉製品即占了對印度出口的一半以上。印度反成為英國第二大的棉製品市場，主客地位易位。此外，紡織業也從倚賴專業技能的工人，轉為僅需能夠操控機械的工人。紡織業改革的成功引發一連串的連鎖效應，這種現象在蒸汽機更廣泛應用於機器生產後，更普遍見於其他的生產部門，標誌著機械製造業時代的來臨。<br>【改寫自：約翰．達爾文著、黃中憲譯，《帖木兒之後：1405～2000年全球帝國史》（臺北：野人文化，2011），頁206～208；辛希婭．史托克斯．布朗著、楊惠君等譯，《大歷史：從宇宙大霹靂到今天的人類世界》（臺北：馬可孛羅文化，2017），頁336～337】,teachers_book,工業革命,經濟,"[工業革命, 棉紡織, 印度棉布, 珍妮紡紗機, 蒸汽機]",V.3/Ch.2/個人、自由、理性,英國工業革命的序曲：棉紡織業的發展,,,
1107,1736年瓦特出生於蘇格蘭，祖父與父親都是機械工匠，他從小耳濡目染，喜歡修理與操作各式機械，但因體弱多病而在家自學。後來，他到格拉斯哥大學當儀器修理員，有機會與科學家約翰．魯賓遜等討論蒸汽機等相關問題。1765年，瓦特在思考如何改良紐科門蒸汽機效率低的問題時，有了採用分離冷凝器的最初設想。1769～1782年間，瓦特發明將蒸汽機的活塞運動，帶有齒輪和拉桿的機械連動裝置，以及雙向裝置的新汽缸。獲得三次專利，瓦特將蒸汽機的往返直線運動變成連續而均勻的圓周運動，從而可以經由傳動裝置帶動所有機器的運轉，成為能普遍應用於工業和交通運輸業的萬能動力機，因此被各工業部門迅速採用，使工業進入「蒸汽時代」。瓦特為此被譽為「蒸汽大王」、「工業革命之父」，後人也把功率單位定為「瓦特」以紀念他的成就。<br>【改寫自：孫蓀，《影響世界歷史的重大事件》（臺北：大地，2006），頁274～226；黃台香，《改變世界的工程：英國工業革命》（臺北：莎士比亞文化，2009），頁23】,teachers_book,工業革命,經濟,"[瓦特, 蒸汽機, 紐科門蒸汽機, 分離冷凝器, 蒸汽時代]",V.3/Ch.2/個人、自由、理性,瓦特,,,
1108,富爾頓出生於美國的貧苦農家，沒有接受過完整的正規教育，但他很好學並經常天馬行空地想像，小時候就希望可以發明「無帆也可以自動航行的船」。當時，歐美各國想研發蒸汽船的人很多，但都鎩羽而歸。富爾頓早期發明的蒸汽船也試航失敗，甚至沉船，還被取笑是「富爾頓的蠢物」。後來，一位美國駐英國的高級官員羅伯特．利文斯頓看中他的發明，還招他為女婿，使富爾頓可以無後顧之憂地繼續研究。1807年8月9日，一艘全新的「克萊蒙號」在美國紐約哈得孫河試航，由於特製自造的蒸汽機被安裝在船隻的中央，船底兩側各有一個大車輪，推動船體前進，這就是蒸汽船被稱為「輪船」的原因。由於「克萊蒙號」航行成功，使汽船取代帆船，開啟人類航運事業的新紀元，人們因此稱富爾頓為「輪船之父」。,teachers_book,工業革命,經濟,"[富爾頓, 蒸汽船, 克萊蒙號, 輪船, 羅伯特．利文斯頓]",V.3/Ch.2/個人、自由、理性,富爾頓與輪船的發明,,,
1109,史蒂芬生是十九世紀英國的鐵路工程師。1814年，他發明第一輛具有實用價值的火車——「布魯契爾號」，能載重運煤，也可爬斜坡。但這輛火車笨重緩慢且噪音驚人，有人擔心鍋爐會爆炸，也有依靠運貨馬車和客車的人擔心會失去生計。1825年，他設計了世界第一條運用蒸汽火車的公用運貨鐵路，9月27日他製造的「移動號」火車載運450名乘客，鐵路運輸事業正式誕生。1830年，他和兒子製造出的新型蒸汽火車「火箭號」，被視為是世界上第一輛真正的火車，因為它奠定了蒸汽火車的基本原型。同年，世界第一條名符其實的鐵路——連接港口利物浦和工業中心曼徹斯特的鐵路——正式通車，鐵道上行走的就是「火箭號」蒸汽火車。此後，他不斷從事火車製造與鐵路建設工作，直到1848年逝世。因為他的貢獻，人們稱他為「鐵道之父」、「火車之父」。<br><br>【改寫自：黃台香，《改變世界的工程：英國工業革命》（臺北：莎士比亞文化，2009），頁23～26、37；《大國崛起》系列叢書編輯出版委員，《大國崛起—英國》（臺北：青林國際，2007），頁136】,teachers_book,工業革命,經濟,"[史蒂芬生, 火車, 鐵路工程師, 火箭號, 蒸汽火車]",V.3/Ch.2/個人、自由、理性,史蒂芬生與火車的發明,,,
1110,英國雖竭力阻止工業技術外流，但因人民、觀念與機器的流通相當自由，使英國無法維持其壟斷性。十九世紀，工業革命逐漸擴展至歐美等其他國家，首先從輕工業開始，再擴及採礦、冶金與運輸業，最後為機器製造業，過程與英國相似，但各國發展又不盡相同。起初，比利時因地利之便與煤礦資源，領先其他歐陸國家；法國因煤產量太少，工業程度始終有限；德國則因有魯爾區豐富的煤礦，加上政府強力推動，1880年代工業化已超越英國；俄國於1860年代開始工業化，1910年已擁有全世界第四或第五大的重工業複合體；美國則是企業與工廠管理的先驅，首先將可替換的配件運用於武器生產，再擴及其他製造業，使其工業化在1890年代超過德國而領先全世界，至今仍維持其龍頭地位。<br><br>【改寫自：辛希婭·史托克斯·布朗著，楊惠君、蔡耀緯譯，《大歷史：從大霹靂到今天的人類世界》（臺北：馬可孛羅文化，2017），頁339～340；J.R.McNeill等著，張俊盛等譯，《文明之網：無國界的人類進化史》（臺北：書林，2007），頁260～261】,teachers_book,工業革命,經濟,"[工業技術, 輕工業, 魯爾區, 工業化, 可替換的配件]",V.3/Ch.2/個人、自由、理性,歐美其他地區的工業革命,,,
1111,**工業資本主義興起**<br>1. 工廠制度的產生：工業革命後，很多重型機械並非個人可以擁有，也不再適用家庭及小型作坊的生產。於是，資本、原料、機具、工人四者合一，產生工廠制度<br>2. 大型企業的出現：十九世紀之後，工廠規模愈來愈大，分工愈來愈精細，機具也愈來愈複雜，大型企業應運而生，不僅發行股票募集資本，以配股或分紅方式來分配股東利潤，同時雇用專業經理人經營，投資者可透過銀行或證券交易所來投資。各國也因此累積鉅富，將過剩資金轉往國外尋求投資機會<br>**人口驟增**<br>1800年，歐洲人口占全球人口20%，百年後已占27%。之所以增加迅速，要歸功於生活條件的改善及醫學的進步<br>**新興城市興起**<br>工業革命後城市的興起，可說是拜工礦業及鐵路所賜。英國人口原集中在南部，但自中、北部成為工業區後，新城市如曼徹斯特、利物浦、伯明罕興起<br>**中產階級得勢**<br>歐洲早期的中產階級以商人、銀行家為主幹，在工業革命後，工業資本家、高級技術和管理人員成為天之驕子，他們結合原有的中產階級，形成勢力強大的新中產階級；十九世紀的幾次政治運動，如法國1830年7月革命及英國1832年國會改革，都可見到他們的身影，並且從中獲利<br>**工人群眾覺醒**<br>工業革命下產生的工人完全以工資為生，生活品質不佳，加上工作環境惡劣、工時過長、工資不如人意、失業、勞資對立、貧富對立等問題，使這群人形成一個有自我意識的特殊團體；他們為改善生活品質，因而組成工會，以集體行動和資方對抗,teachers_book,工業革命,社會,"[工廠制度, 人口驟增, 新興城市, 中產階級, 工人群眾]",V.3/Ch.2/個人、自由、理性,工業革命對歐洲所造成的影響,,,
1112,1. 雇用女工與童工的原因<br>工業革命後，工廠需要較為靈活的手操作機器、礦區需要身形較小的工人進入坑道內部運煤，因此資本家開始雇用女工和童工，他們比男工聽話、易於訓練，工資也更為低廉<br>2. 女工與童工問題<br>(1) 女工：每天工作15～18小時，常年在悶熱、潮濕、毫無安全措施的車間操作隆隆作響的機器，植物纖維、金屬細屑等飛入她們的肺部，引發肺病與其他呼吸道疾病。女工的衣袖、圍裙、頭巾與長髮等也容易被機器捲入，造成殘疾或死亡。還有其他體罰、性騷擾或性侵事件等<br>(2) 童工：小至4～8歲就進入工廠，工時長，必須忍受無情鞭打與斥責，還有許多工傷事故隨時降臨。另外，在惡劣的勞動條件下從事沉重、有害健康的工作，不僅被剝奪受教的權利，還造成風濕、哮喘、發育畸形、骨盆變形等，甚至斷送性命<br>3. 文學作品：<br>(1) 狄更斯《孤雛淚》：刻劃工業革命所產生的勞工與童工問題<br>(2) 雨果《悲慘世界》：以女主角芳婷等描寫女工的悲慘處境<br><br>【改寫自：黃台香，《改變世界的工程：英國工業革命》（臺北：莎士比亞文化，2009），頁35～36；王曾才著，《西洋近代史》（臺北：正中書局，1990），頁64～67】,teachers_book,工業革命,社會,"[女工, 童工, 資本家, 勞動條件, 狄更斯]",V.3/Ch.2/個人、自由、理性,女工與童工問題,,,
1113,**主張**<br>資本主義主張保護私有財產，強調生產工具的私有化、個人經濟活動的自由與維持市場競爭原則，並肯定牟利的行為<br>**運用**<br>1. 資本主義一詞直到二十世紀才普遍被使用，作為社會主義或共產主義的對比<br>2. 資本主義不僅是一套經濟體系或是自由市場，也是一套由文化和支配階級所支持的社會秩序<br>**類型**<br>**商業資本主義**<br>**背景** 中古後期，歐洲商業復甦、城市興起，資本主義在義大利城市中逐漸萌芽<br>**發展** 大航海時代，隨著世界市場的開拓，資本主義更加興盛，各種新型的商業技術與制度形成，國家銀行、證券交易所等紛紛成立<br>**特色** 此時的經營者以政府、貴族、商人為主，商業與農業色彩濃厚<br><br>**工業資本主義**<br>**背景** 十八世紀末以來，隨著工業革命的開展，機器、工人、原料與資本結合，產生工廠制度<br>**發展** 資本家在投資工業的過程中，不斷累積資金，再將獲利投入工業，持續擴大規模<br>**特色** 合股公司發行股票，以分紅或付息方式來分配利潤，並由專業人才經營管理，許多工業資本家僅是投資者<br><br>【改寫自：R.R.Palmer等著，孫福生等譯，《現代世界史前篇：從歐洲興起到一八七〇年》（臺北：麥格羅希爾，2016），頁493～494；王曾才著，《西洋近代史》（臺北：正中書局，1990），頁60～61】,teachers_book,資本主義,經濟,"[私有財產, 市場競爭, 商業資本主義, 工業資本主義, 工廠制度]",V.3/Ch.2/個人、自由、理性,資本主義,,,
1114,出現於十九世紀英國，代表學者有亞當·史密斯、李嘉圖、馬爾薩斯等人，主要的論點可概括如下：<br>1. 經濟私有化：每個人都有權使用他承襲或合法手段得來的財富，來為自己謀取最大利益<br>2. 自由放任：政府的職責是維持社會秩序，保護人民財產及生命安全，不應干涉經濟活動<br>3. 服從自然法則：經濟領域也有永恆法則，例如供需定律、報酬遞減律等，不可用人為方法控制<br>4. 契約自由：任何人都擁有與他人談判、簽訂對自己有利契約的權利。例如勞工與雇主之間具有對工資、工作時間等協商的自由，不應受到法律或工會集體等力量的阻礙<br>5. 自由競爭與自由貿易：不實施壟斷政策及關稅壁壘，自由競爭與貿易有助於維持貨物低廉價格<br><br>【改寫自：Philip Lee Ralph 等著、文從蘇等譯，《世界文明史》（後篇）（臺北：五南，2006），頁81～82；William H.McNeill 著、黃煜文譯，《世界史》（臺北：商周，2013），頁440】,teachers_book,資本主義,經濟,"[亞當·史密斯, 自由放任, 自然法則, 契約自由, 自由貿易]",V.3/Ch.2/個人、自由、理性,經濟自由主義,,,
1115,**名稱由來**<br>烏托邦一詞源於英國政治家湯瑪斯·摩爾的《烏托邦》一書，希臘文中烏托邦（utopia）意指不存在的地方。該書以柏拉圖的《理想國》為藍本，描述一個想像中的完美世界，藉以諷刺當時英國社會的種種不合理現象<br>**提出者**<br>馬克思認為聖西門、傅立葉、歐文等人的主張與做法不切實際，因此稱他們是「烏托邦社會主義」者，以別於採行科學分析的馬克思社會主義<br>**主張**<br>人類天生是理性與道德的造物，在多加敦促之下，終將會理解到社會主義是唯一道德的社會經濟體系，並將實現理想的合作社會<br>**實踐**<br>烏托邦主義的部分理念曾付諸實施，如傅立葉的「同居社」、歐文的「新和諧移民區」等，可惜因低估人類社會制度的複雜，社會變革的困難，以及人性中盲目追隨傳統、非理性尋求私利的特質，故計畫往往未能成功<br>**影響**<br>他們的一些基本原則，為後來的社會主義者所承襲：<br>1. 經濟的自由競爭是錯誤的政策<br>2. 社會階級的存在是歷史上最重要的因素<br>3. 政府有義務解決人民物質生活的問題<br><br>【參考資料：鄧元忠，《西洋近代文化史》（臺北：五南，1993），頁499；王曾才著，《西洋近世史》（臺北：正中書局，1995），頁417】,teachers_book,社會主義,社會,"[湯瑪斯·摩爾, 烏托邦, 聖西門, 傅立葉, 歐文]",V.3/Ch.2/個人、自由、理性,烏托邦社會主義,,,
1116,**地位**<br>第一個著名的烏托邦社會主義者，人稱「法國社會主義之父」<br>**早年事蹟**<br>1. 曾參加美國獨立戰爭與法國大革命，革命期間放棄貴族頭銜<br>2. 由於目睹資本主義制度的種種弊端，他撰稿寫作進行批判，指出此制度必然要被理想社會替代<br>**主張**<br>1. 他希望實現一個由科學家、工業家與文化領袖主導的國際共同社會，認為「改革家不應當依靠刺刀來實現自己的想法」。在這個理想社會中，人人都要勞動，實行「按能力計報酬、按工效定能力」<br>2. 他將制度存續的希望寄託於統治者的理性和善心，幻想國王和資產者會幫助無產階級建立這個國際共同社會，因為夢想落空，晚年曾企圖開槍自殺，卻只傷了一隻眼<br><br>【改寫自：鄧元忠，《西洋近代文化史》（臺北：五南，1993），頁508～512；郭毓斌，《圖解世界史近代卷（下）》（臺中：好讀，2007），頁112～113】,teachers_book,社會主義,政治,"[聖西門, 烏托邦社會主義, 資本主義, 國際共同社會, 無產階級]",V.3/Ch.2/個人、自由、理性,聖西門,,,
1117,**早年事蹟**<br>1. 出身法國富商家庭，因為經商而周遊歐洲各國，使他有機會深入觀察各種社會現象<br>2. 法國大革命期間，政府搜刮他的錢財，使他仇視暴力革命，也使他嘗試過許多工作，對社會有更深刻的理解，開始構想一個理想的和諧社會<br>**觀點**<br>他認為社會將由低級走向高級，不會長期停滯在一個歷史階段，於是他按照生產性質把人類社會劃分為：原始時期、蒙昧時期、宗法制度、野蠻制度、文明制度、保障制度、協作制度、和諧制度<br>**理想**<br>因為不滿資本主義制度，他規劃一個理想的「和諧社會」，以小團體協作方式（同居社、法郎吉）來自給自足。每個人按愛好分配工作，人人都參加勞動，勞動不再是沉重的負擔和謀生的手段，成為樂趣由來；勞動後的收成則依其勞動、資本和才能分配<br>**影響**<br>1. 他逝世後，不少信徒在英、法、美等國實驗他的計畫，但終歸失敗<br>2. 他的主張影響了稍後的思想家，如普魯東、馬克思；他的理論後來也被蘇聯的集體化農場採用<br><br>【改寫自：鄧元忠，《西洋近代文化史》（臺北：五南，1993），頁501～502；利昂·P·巴拉達特著，張慧芝等譯，《意識形態：起源與影響》（北京：世界圖書，2010），頁173～174】,teachers_book,社會主義,社會,"[傅立葉, 和諧社會, 資本主義, 同居社, 馬克思]",V.3/Ch.2/個人、自由、理性,傅立葉,,,
1118,**早年事蹟**<br>1. 出身貧苦家庭，當過童工，十九歲成為小紡紗廠的經理，因為經營手法出色，不斷被挖角<br>2. 1813年，出版《社會新論》，認為國家若能從改革社會著手，則任何偉大改革計畫均能實踐<br>**具體行動**<br>1. 在自己管理的新拉納克棉紡工廠進行改革，包括增進福利、減少工時、增加工資、建造宿舍、成立消費合作社、設立工人子弟學校與鼓勵工人組織工會等，結果增進了工人的工作興趣，業務也蒸蒸日上<br>2. 歐文認為新拉納克的實驗不算成功，因為工人雖然待遇變好，但還是工廠主之下的奴隸，因此1824年他在美國印地安納州買地，建立「新和諧移民區」進行實驗，實行財產公有制，人盡其能，按需分配，慘澹經營二年後宣告失敗<br>**影響**<br>歐文的許多試驗雖未竟其功，但是他的思想對歐美許多國家的工人運動和社會主義思想發展，都有很大影響，如他訴求溫和的改革途徑，被視為是英國社會主義的創始者，為日後費邊社的社會改革奠定了基調<br><br>【改寫自：鄧元忠，《西洋近代文化史》（臺北：五南，1993），頁502～504；郭毓斌，《圖解世界史近代卷（下）》（臺中：好讀，2007），頁118～119】,teachers_book,社會主義,社會,"[歐文, 社會新論, 新拉納克, 新和諧移民區, 財產公有制]",V.3/Ch.2/個人、自由、理性,歐文,,,
1119,馬克思的理論基本上和烏托邦社會主義相同，相信制度的改變是人類社會進步的唯一途徑。但與前輩不同的是，他不寄望於人道主義，而是主張國家集體經濟體制，他使用「共產主義」這個具有爭議性的名詞作為鼓吹革命的口號，希冀能喚醒群眾的政治熱情。他的思想來自三個淵源：<br>1. 法國的政治革命：法國以革命手段改變社會秩序的先例，使馬克思認為，工人群眾亦可做到中產階級所做之事<br>2. 英國的工業革命：工業革命後所衍生的社會問題，為馬克思的主張提供了經濟理論的基礎<br>3. 德國的哲學思想，如黑格爾（1770～1831）的「正、反、合」辯證哲學：十九世紀許多知識分子都相信科學能解決所有人類問題，將人類從非理性與不正義的黑暗解放出來，馬克思也對此深信不疑，自詡為社會科學家<br><br>【改寫自：王曾才編著，《西洋近世史》（臺北：正中書局，1995），頁418；利昂·P·巴拉達特著，張慧芝等譯，《意識形態：起源與影響》（北京：世界圖書，2010），頁174～175、177】,teachers_book,社會主義,文化,"[馬克思, 共產主義, 烏托邦社會主義, 黑格爾, 辯證哲學]",V.3/Ch.2/個人、自由、理性,馬克思主義的思想淵源,,,
1120,馬克思於1818年出生於日耳曼一個富有的猶太家庭，父親是一名具有自由主義傾向的律師。馬克思曾獲得哲學博士學位，但因為他的革命傾向不為當局所接受，1844～1848年間一再遭到歐陸各國驅趕，生活非常拮据困苦，直到結識了富有的普魯士企業家之子恩格斯，後者成為他終生的革命伙伴與資助人。1849年馬克思避居英國期間，大部分的時間都埋首於大英博物館研究與寫作。他主要的作品有《共產黨宣言》與《資本論》等，提出他的唯物主義的辯證哲學，以及暴力革命與階級鬥爭等路線主張。1864年，馬克思還參與了第一國際的成立大會，負責起草成立宣言。1883年，馬克思因病過世，恩格斯在他的葬禮時總結他一生的貢獻：「正如達爾文之發現有機生物發展的原則，馬克思發現了人類歷史發展的原則。」肯定他的主張是「科學的共產主義」或「科學的社會主義」。<br><br>【改寫自：鄧元忠，《西洋近代文化史》（臺北：五南，1993），頁521；利昂·P·巴拉達特著，張慧芝等譯，《意識形態：起源與影響》（北京：世界圖書，2010），頁175～180】,teachers_book,社會主義,政治,"[馬克思, 恩格斯, 共產黨宣言, 資本論, 階級鬥爭]",V.3/Ch.2/個人、自由、理性,馬克思,,,
1121,**發表背景**<br>馬克思與恩格斯因為不滿工業革命所帶來的不公平，於1848年共同發表《共產主義宣言》，作為「共產主義者同盟」的新章程<br>**內容**<br>1. 主張「一切社會的歷史都是階級鬥爭史」，歷史上每個時期都存在階級現象，而且階級之間經常對立且不公。當一個時代的新階級取代或消滅舊階級後，隨後就會產生新的壓迫條件，形成新的對立，是為歷史辯證法<br>2. 工業革命後，資本家所占有的資本與特權越來越多，勞工的地位與生活被嚴重的剝削，兩者對立加劇，因此推翻資產階級的「無產階級革命」成為人類歷史必經的過程，唯有革命才能建立一個資源共享、沒有階級的平等社會<br>3. 鼓吹全世界的無產階級聯合起來革命，以獲得整個世界<br>**影響**<br>宣言在當時並沒有很大的迴響，但數十年後，憑藉著「推翻私有財產制度」這句話，竟在世界各地引發不同程度的政治與文化革命<br><br>【改寫自：易博士編輯部，《圖解文化研究》（臺北：易博士文化，2006），頁60；鄧元忠，《西洋近代文化史》（臺北：五南，1993），頁524】,teachers_book,社會主義,政治,"[共產黨宣言, 馬克思, 恩格斯, 階級鬥爭史, 無產階級革命]",V.3/Ch.2/個人、自由、理性,共產黨宣言,,,
1122,**經濟史觀**<br>物質生產方式決定人類社會、政治與精神的特質<br>**盲點**<br>忽略非經濟因素在人類活動中的重要性<br>**階級鬥爭**<br>階級是人類社會的組成要素，階級之間的鬥爭是歷史發展的模式<br>**盲點**<br>各種階級之間並非只有鬥爭關係<br>**唯物辯證**<br>無論是階級鬥爭，或是物質生產方式的發展，都遵行一定的法則，即：成長、矛盾與腐化的產生、對立的形式或階級的出現、舊制度與階級被取代<br>**盲點**<br>人類歷史發展有其多樣性及差異性，無法套用單一法則<br>**剩餘價值**<br>一切財富是工人所創造，任何物品的價值只能由生產此物所使用的勞力來衡量。工人創造的物品價值通常大於他所得到的工資，其間的差額，就是資本家所得到的不義之財<br>**盲點**<br>1. 忽略資產設備、行政能力、投資眼光與風險等在工業生產中所扮演的角色<br>2. 工人可藉由工會、國會立法來改善生活<br>**社會主義進化**<br>人類社會是進化的結果，演進程序為：<br>1. 原始社會<br>2. 奴隸社會<br>3. 封建社會<br>4. 資本社會<br>5. 社會主義社會<br>6. 工人階級專政的共產主義社會<br>**盲點**<br>1. 取樣不全，只有歐洲少部分地區有這樣的演進<br>2. 資本主義社會必會走向工人革命的論點與事實不合（無產階級在高度工業化國家幾乎消失，發生革命的地方也非其所預測的工業國家，而是一些貧窮落後的農業地區）<br>3. 中產階級力量增強，並未出現社會上兩極化的財閥及廣大貧窮勞工對立情形<br>4. 共產國家並未給予人民自由；1990年代，共產政權陸續垮臺<br><br>【改寫自：王曾才編著，《西洋近世史》（臺北：正中書局，1995），頁418；國立編譯館主編，《高級中學世界文化史（下）》（臺北：國立編譯館，1998）】,teachers_book,社會主義,政治,"[經濟史觀, 階級鬥爭, 唯物辯證, 剩餘價值, 社會主義進化]",V.3/Ch.2/個人、自由、理性,馬克思主義的理論及盲點,,,
1123,馬克思的時代，在國族主義的影響下，歐洲掀起獨立建國風潮。由於民族國家通常伴隨著資本主義一起發展，馬克思宣稱民族國家是資本家所建立的，上下對立將會激化。馬克思進一步宣稱「工人無祖國」，主張無產階級必須進行跨國合作，因此於1864年創立「國際工人協會」，後來慣稱為「第一國際」。在馬克思等人的領導下，協會支持各國工人罷工，聲援被壓迫的民族解放運動，保衛巴黎公社等。但當1868年俄國的無政府主義者巴枯寧加入後，成員們開始對土地私有制與繼承權等問題產生紛歧的意見，導致內部分裂；而巴黎公社遭到鎮壓、解散，也象徵著國際工人運動的挫敗。1876年協會在美國費城召開的最後一次會議上，正式宣告解散。第一國際的運作時間雖然不長，卻為日後跨國際合作的工人組織模式奠下基礎。<br><br>【改寫自：利昂·P·巴拉達特著，張慧芝等譯，《意識形態：起源與影響》（北京：世界圖書，2010），頁190～191；斯特龍伯格著，劉北成譯，《西方現代思想史》（北京：金城，2012），頁399～400】,teachers_book,社會主義,政治,"[馬克思, 工人無祖國, 國際工人協會, 第一國際, 巴黎公社]",V.3/Ch.2/個人、自由、理性,第一國際,,,
1124,**出現背景**<br>十九世紀後期，因為英國民主憲政的發展以及勞工組織的發達，因此排斥馬克思階級鬥爭及激烈革命的觀點，改採民主溫和的方式，企圖以國家做為推動改革的工具，主張廢止土地私有制、工業國有化，以及實現各種社會福利<br>**重要成員**<br>主要由知識分子所組成，包括蕭伯納、韋伯夫婦、克萊曼·艾德禮（二戰後任英國首相，是工黨在位最久的黨魁）<br>**名稱由來**<br>「費邊」一詞源自羅馬共和名將費邊之名。費邊的戰術是不急戰、不挑釁、消耗敵人戰力及謹慎等待對戰時機成熟，然後再採取行動<br>**主張**<br>1. 以研究社會實況和用投票方式來解決社會問題<br>2. 以烏龜作為小冊子封面，其「社銘」宗旨是：「要像費邊與漢尼拔作戰那樣，儘管許多人指責他拖延時日，他還是極其耐心地在等待時機；一旦時機來到，就得像費邊那樣，全力出擊，否則就白等一場，徒勞無功。」蕭伯納說：「暴力同樣是混亂的產婆，而混亂又是戒嚴令的產婆。」<br><br>【改寫自：王曾才，《西洋近代史》（臺北：正中書局，1990），頁78～79；蕭延中，〈中國費邊主義的思想遺產〉，http://www.cuhk.edu.hk/ics/21c/media/articles/c108-200806036.pdf】,teachers_book,社會主義,政治,"[階級鬥爭, 民主溫和, 蕭伯納, 韋伯夫婦, 費邊]",V.3/Ch.2/個人、自由、理性,費邊社會主義,,,
1125,**成立**<br>1900年的倫敦<br>**發展**<br>1. 1924年取代自由黨，成為英國兩大黨之一<br>2. 經濟大恐慌至二次大戰期間，備受保守黨打壓<br>3. 戰後，在克萊曼·艾德禮領導下，工黨再次執政<br>**貢獻**<br>執政期間，大力推動公用事業和主要工業的國有化，並設立國民保健署，推動免費醫療及教育，使英國逐漸走向社會福利國家<br>**與費邊社的關係**<br>1. 費邊社是協助英國工黨的創始者之一，至今仍是工黨的重要智囊團，使工黨從一個成員複雜、毫無章法的組織演變為英國兩大黨之一<br>2. 1918年韋伯執筆的工黨新黨章與新綱領被通過後，費邊社會主義在往後數十年成為工黨的主導思想，也是工黨在二次大戰後執政期間實行國有化、建設福利國家的理論來源<br>3. 在1990年代工黨的現代化進程中，費邊社也是主要的推動力<br><br>【改寫自：鄒文海，《各國政府與政治》（臺北：正中書局，2000），頁34～36；劉健，〈費邊社對英國工黨的影響：從十九世紀末至今〉，https://www.lxuezhe.exuezhe.com/Qk/art/616331?dbcode=1&flag=2】,teachers_book,英國,政治,"[克萊曼·艾德禮, 國有化, 國民保健署, 社會福利國家, 費邊社]",V.3/Ch.2/個人、自由、理性,工黨,,,
1126,**舉行時間**<br>1814年9月至1815年6月<br>**與會者**<br>與法國或拿破崙作戰過的國家或地區代表，共216人<br>**會議特色**<br>從未召開全體大會，談判是在不斷的慶祝會、招待會、舞會和各種娛樂狀況下進行的，且會議自始至終由英、俄、奧、普四強操縱，所有重大問題預先幕後商定，因此被稱為是「大國主宰、小國陪襯的分贓舞會」<br>**會議基調**<br>嚴防法國式的大革命再起<br>**重要決議**<br>1. 正統：被拿破崙占領的國家恢復原有王室統治權，如西班牙、薩丁尼亞、荷蘭，法國亦由波旁王朝路易十八復辟<br>2. 補償：<br>(1) 英國保有戰時所佔領的荷蘭殖民地，如錫蘭、南非<br>(2) 荷蘭取得奧屬尼德蘭（比利時）<br>(3) 奧地利取得義大利北部的威尼西亞、倫巴底，並得於義大利中部設立由其統治的多斯加尼、帕馬、摩德那三國<br>3. 均勢：<br>(1) 神聖羅馬帝國不再恢復，改組為日耳曼邦聯<br>(2) 華沙大公國改組為波蘭王國，由俄國沙皇兼任國王<br>(3) 瑞士取得永久中立地位<br>**影響**<br>1. 在東歐，使俄、普、奧建立了幾乎長達一世紀的穩定界線；在西歐，維持了近半個世紀的和平，直到克里米亞戰爭爆發<br>2. 對國族主義與民主政治（日後形成十九世紀歷史的兩種主要力量）抱持敵視態度，以致後來為國族主義分子和民主政治運動者所攻擊<br><br>【改寫自：林之滿、蕭楓，《改變時局的世界會議》（瀋陽：遼海，2008），頁18～23；房龍，《人類的故事》（臺北：聯經，2016），頁377～379】,teachers_book,法國,政治,"[拿破崙, 正統, 補償, 均勢, 日耳曼邦聯]",V.3/Ch.2/個人、自由、理性,維也納會議,,,
1127,形成於十八世紀晚期，由法國波旁王朝復辟王黨分子首先使用。十九世紀前期迅速發展，1848年二月革命後沒落。英國政論家伯克在《法國革命感想錄》一書嚴詞批評法國大革命，首次明確表達保守主義思想而奠定基礎，其基本主張包括：<br>1. 個人社會地位及財產的不平等是自然形成的，社會領導權屬於素質優秀的賢人，而非群眾<br>2. 視國家為一個完整的有機體，一旦切割或分離，即無法得到獨立的生存空間<br>3. 政治改革需要經驗，而經驗只能從傳統及社會中獲得，傳統與歷史即為王室政府與封建社會的同義詞<br>4. 反對一切激進的革命、創新，主張以妥協手段調和各種社會勢力的利益衝突<br>5. 人性並非完美無瑕，社會弊病只能減緩，無法加以根除<br><br>【改寫自：馮作民，《自由主義與保守主義》（臺北：燕京文化，1979），頁58、62～63】,teachers_book,法國,政治,"[波旁王朝, 伯克, 法國革命感想錄, 有機體, 激進的革命]",V.3/Ch.2/個人、自由、理性,保守主義,,,
1128,1824年查理十世登基後，著手恢復波旁王朝舊日權威，舉措包括：頒布《賠償法》，規定公債利息從5%降為3%，每年的結餘用以補償法國大革命期間流亡貴族所遭受的損失；頒布《褻瀆聖物法》，褻瀆教堂聖物者處以死刑，盜竊宗教物品者處以終身苦役；頒布《七月敕令》，解散共和派占多數的眾議院，並再度舉行大選，重新選舉眾議院議員，修改選舉法，提高選舉人的各種限制。這些倒行逆施的作為，使痛恨他的人稱他為「被王冠遮瞎雙眼的國王」。尤其是《七月敕令》引發民眾抗議，最後釀成七月革命，這次革命主要是共和黨人以工人、學生和知識分子為核心所發動。三日後查理十世退位、逃往英國，為法國史上著名的「光榮三日」。<br><br>【改寫自：R.R.Palmer等著，孫福生等譯，《現代世界史前篇：從歐洲興起到一八七〇年》（臺北：麥格羅希爾，2016），頁459～464、524～526；郭毓斌，《圖解世界史·近代卷（下）》（臺中：好讀，2007），頁120～122】,teachers_book,法國,政治,"[查理十世, 波旁王朝, 賠償法, 七月敕令, 光榮三日]",V.3/Ch.2/個人、自由、理性,七月革命的背景,,,
1129,由藍白紅（由左至右）所構成的三色旗是今日法國國旗，其中紅、藍代表巴黎，白色代表波旁王室。三色旗起源於法國大革命期間。1789年7月14日，巴黎民兵攻擊巴士底獄時，他們就使用了象徵巴黎的紅、藍色帽徽。其後國民衛隊領袖拉法葉加入了白色，成為「三色帽徽」，並將之獻給前來檢閱國民衛隊的路易十六，宣稱這象徵了王室與人民的堅定聯盟。「三色帽徽」受到革命群眾的歡迎，並於1790年發展成「三色旗」。1794年國民公會期間，法國正式將三色旗定為國旗，成為共和國的象徵。1814年波旁家族復辟，重新恢復代表王室的白色旗。1830年七月革命之後，三色旗重新成為法國國旗。1848年二月革命後，雖然部分群眾主張使用整面的紅旗才能真正代表人民，但未獲共識，最終仍以三色旗為國旗，並沿用至今，與「馬賽曲」、「自由、平等、博愛（應譯為兄弟情誼）」、「7月14日」並列為共和國的象徵。<br><br>【改寫自：https://www.elysee.fr/en/french-presidency/the-french-flag；https://www.diplomatie.gouv.fr/en/coming-to-france/france-facts/symbols-of-the-republic/article/the-french-flag；https://www.gouvernement.fr/en/the-tricolour-flag】,teachers_book,法國,文化,"[三色旗, 法國大革命, 巴士底獄, 拉法葉, 共和國]",V.3/Ch.2/個人、自由、理性,法國國旗——三色旗,,,
1130,**背景**<br>1. 維也納會議將比利時併入荷蘭後，荷、比因語言、宗教、習俗不同而時起衝突，比利時也不滿荷蘭政治上的安排<br>2. 法國七月革命的爆發，激起比利時反抗荷蘭統治的意識<br>**過程**<br>1. 1830年8月，比利時各城市相繼發生示威暴亂，並建立武裝部隊。在向荷蘭政府要求設立獨立議會而遭拒絕後，比利時民眾驅逐荷蘭駐兵<br>2. 同年10月，比利時成立臨時政府並宣布獨立<br>**結果**<br>1. 1831年，奧、俄、法、英、普在倫敦簽署條約，承認比利時獨立<br>2. 荷蘭國王威廉一世不肯承認，繼續派兵征討，遭到英、法軍隊的阻擾<br>3. 1839年，在英、法協調下，荷蘭正式承認比利時獨立，各國簽訂國際條約確保其為永久中立國<br><br>【改寫自：王曾才，《西洋近世史》（臺北：正中書局，1995），頁479～481；房龍，《人類的故事》（臺北：聯經，2016），頁405】,teachers_book,荷蘭,政治,"[維也納會議, 荷蘭, 七月革命, 臨時政府, 永久中立國]",V.3/Ch.2/個人、自由、理性,比利時革命,,,
1131,1830年七月革命時，路易菲力被擁立出任國王，是為七月王朝。他不稱自己為法國國王，而是「法蘭西人的國王」；他並未懸掛波旁王朝鑲有百合花徽的旗幟，而是掛上象徵法國大革命的三色旗。他是無套褲漢的支持者，被稱為「平民皇帝」，但實際上他只知保護中產階級的利益，所以也被稱為「錢袋子國王」或「中產階級的國王」。<br>路易菲力在位期間，通過對中產階級有利的新憲法，降低選民與被選舉人的財產資格，但選民人數僅20萬；同一時期，法國經濟因工業化而蒸蒸日上。1840年，基佐組閣，以「讓你們自己富起來吧！」的口號獲得上層與中產階級支持，但也招致共和派及工人團體的反彈。1845～1846年，法國因農業歉收導致糧食危機，工商業隨之萎縮，於1847年以後造成經濟恐慌，逐漸形成革命形勢。<br><br>【改寫自：R.R.Palmer等著，孫福生等譯，《現代世界史前篇：從歐洲興起到一八七〇年》（臺北：麥格羅希爾，2016），頁543～545；《大國崛起》系列叢書編輯出版委員，《大國崛起—法國》。青林國際，2007年，頁156～158】,teachers_book,法國,政治,"[路易菲力, 七月王朝, 中產階級, 基佐, 經濟恐慌]",V.3/Ch.2/個人、自由、理性,二月革命的背景,,,
1132,因為對七月王朝的不滿，主張議會政治的激進分子要求擴大人民的參政權。他們煽動群眾的方式很有法國特色：舉辦宴會或餐會，在會中發表激烈的演說，然後大家各自解散回家。「宴會運動」引起七月王朝的不滿，尤其是首相基佐。當他聽聞1848年1月有一場宴會要在巴黎舉行時，立即下令禁止。宴會更改至2月22日，但當日基佐卻下令員警拆毀會場，引發大規模遊行示威，民眾高唱《馬賽曲》前往協和廣場，並衝向基佐的官邸，高呼著「打倒基佐」、「改革萬歲」。民眾被員警驅逐後，分散到附近街道，拆毀馬路，推倒公共馬車，築起街壘，連巴黎國民自衛軍都倒戈投向民眾。路易菲力將基佐免職後，民眾仍然衝進王宮，路易菲力等王室成員逃往英國。如同七月革命，二月革命起事三天就讓一個君王退了位。<br><br>【改寫自：章世新，《一本書讀懂世界歷史》（臺北：海鴿，2015），頁313～314；郭毓斌，《圖解世界史·近代卷（下）》（臺中：好讀，2007），頁151～152】,teachers_book,法國,政治,"[七月王朝, 宴會運動, 基佐, 路易菲力, 街壘]",V.3/Ch.2/個人、自由、理性,二月革命的開端——宴會運動,,,
1133,**普魯士**<br>1. 中產階級成功要求普魯士國王威廉四世任命中產階級人士組閣<br>2. 召開法蘭克福會議<br>(1) 通過《憲法》，選舉威廉四世為統一後的德國元首<br>(2) 會中對未來德國的統一路線分為大日耳曼主義及小日耳曼主義兩派，後者較占優勢<br>3. 最終結果<br>(1) 威廉四世拒絕出任新國家的元首<br>(2) 各邦君主不接受《憲法》，西南部各邦人民發動起事維護《憲法》，引來各邦政府鎮壓<br>(3) 起事期間，多數議員被各自政府召回，歷時14個月的法蘭克福會議結束<br>**奧地利**<br>1. 首相梅特涅被推翻，新憲制定，皇帝費迪南一世及皇室逃出維也納<br>2. 起事群眾發生內訌，以致新皇帝約瑟夫一世得以成功進行鎮壓<br>**匈牙利**<br>1. 發表《獨立宣言》，通過《憲法》，廢除哈布斯堡家族的統治<br>2. 俄國與奧地利合作，共同派兵鎮壓<br>**義大利**<br>1. 西西里、米蘭、威尼斯等地陸續起事，執政者迫於壓力，向奧地利宣戰<br>2. 馬志尼等人在羅馬成立共和國<br>3. 法國、西班牙、兩西西里王國派兵鎮壓羅馬共和國及各地起事<br><br>【改寫自：王曾才，《西洋近世史》（臺北：正中書局，1995），頁511～520；郭毓斌，《圖解世界史·近代卷（下）》（臺中：好讀，2007），頁164～173】,teachers_book,德國,政治,"[普魯士, 法蘭克福會議, 梅特涅, 匈牙利, 馬志尼]",V.3/Ch.2/個人、自由、理性,1848年二月革命在歐洲各國的發展,,,
1134,路易拿破崙當選總統後，並不以此為滿足。由於憲法規定總統任期四年且不可連任，他想永久掌權，只能選擇修改憲法或發動政變。修憲需要獲得3/4國會議員的同意，顯然以此合法手段難以達成目的。因此，1851年12月2日——紀念拿破崙贏得奧斯特里茲戰役勝利四十六週年的這一天，他發動軍事政變，宣布解散立法議會，立法議會議員雖進行抗爭，卻遭軍隊弭平。接著，他舉行公投，要求授權草擬新的憲法。12月20日，官方宣布投票的結果，路易拿破崙高票當選為總統，任期定為十年。1852年年初，路易拿破崙下令將國旗旗徽改為象徵拿破崙帝國的鷹徽，接著下令清除建築物上的「自由、平等、博愛」。最後在另一場公投下，他於12月2日登上皇帝寶座，法蘭西第二帝國正式建立。<br><br>【改寫自：馬世力、陳光裕，《一本就通：世界史》（臺北：聯經，2011），頁250～251；《大國崛起》系列叢書編輯出版委員，《大國崛起—法國》（臺北：青林國際，2007），頁159】,teachers_book,法國,政治,"[路易拿破崙, 軍事政變, 立法議會, 公投, 法蘭西第二帝國]",V.3/Ch.2/個人、自由、理性,路易拿破崙稱帝,,,
1135,拿破崙三世於色當會戰兵敗被俘的消息傳來時，法國人心惶惶。所幸十八世紀末以來，法國人已習慣政體改變，因此成千上萬的工人、學生、國民自衛軍等湧上街頭，高喊「打倒帝國！」、「共和國萬歲！」共和派議員甘必大等人直接前往市政廳，宣布成立共和國與臨時政府。在內憂外患之下，法蘭西第三共和於1870年匆匆成立，直到1940年，因為納粹德國入侵法國而結束。這個共和政府一開始不被看好，因為當時大部分的法國人與國民議會議員傾向實行君主立憲制，最後演變為共和派與企圖恢復專制王朝的保王黨激烈的鬥爭。所幸，1870年代末，國會議員選舉結果，共和派取得穩定多數，終於使共和體制獲得進一步的確認。這是法國大革命以來，在政權不斷更替與動亂之下，第一個長久穩定的共和政權，也更堅定法國人民對共和政體的支持。<br><br>【改寫自：楊益、鄭嘉偉編著，《一本書讀懂法國史》（臺北：海鴿，2017），頁243；《大國崛起》系列叢書編輯出版委員，《大國崛起—法國》（臺北：青林國際，2007），頁170～171】,teachers_book,法國,政治,"[拿破崙三世, 色當會戰, 甘必大, 共和派, 保王黨]",V.3/Ch.2/個人、自由、理性,法蘭西第三共和,,,
1136,自1688年光榮革命以來，英國國會從未有新市鎮取得議會代表權。1830年代，英國人民受到1830年法國七月革命風潮的刺激，加上工業革命以來許多新興工業市鎮與中產階級興起，此種現象開始引起爭議。當時英國人口激增，大量北移，造成曼徹斯特、利物浦等新興工業市鎮興起；反之，由於社會變遷，形成一些所謂的「衰廢市鎮」，如：波生列鎮僅剩三戶人家、老沙茹鎮無人居住、丹里墟已沉北海。新興市鎮無權選舉議員，衰廢市鎮卻仍舊可以選派家人、門客出任下議員。此外，國會議席分配亦顯失衡，如：蘇格蘭人口是康瓦爾的八倍之多，但康瓦爾在議會中有44席，蘇格蘭僅有45席。<br><br>【改寫自：高亞偉，《世界通史（中）》（臺北：自行出版，2002），頁208～209；希伯特著、賈士蘅譯，《英國社會史》（臺北：國立編譯館，1995），頁769～770】,teachers_book,英國,政治,"[光榮革命, 工業革命, 新興工業市鎮, 衰廢市鎮, 國會議席]",V.3/Ch.2/個人、自由、理性,衰廢市鎮,,,
1137,**1832年**<br>1. 取消衰廢市鎮、增加新興市鎮的國會議員席次<br>2. 降低選舉權的財產標準，使多數中產階級取得參政權<br>**1833年**<br>1. 通過廢奴法案，規定最遲至1834年9月，英國本土及海外殖民地的黑奴必須全部解放<br>2. 通過《工廠法》，禁止工廠雇用9歲以下孩童，9～13歲孩童一週工時不可超過48小時，13～18歲少年不可超過69小時，13歲以下孩童每天上課2小時，學費由政府支付<br>**1834年**<br>通過《新救濟法》，規定年老及患病貧民由政府救濟；政府設立工廠招收體健貧民從事生產<br>**1835年**<br>通過《市政組織法》，規定各市市長及議員，均由人民選舉產生<br>**1836年**<br>下議院允許報紙報導議院開會情形<br>**1837年**<br>減少判處死刑的刑法條文<br>**1842年**<br>修正《礦物法》，嚴禁婦女及10歲以下孩童在地下工作<br>**1847年**<br>通過《10小時法規》，規定女工及童工一天在工廠的工時不可超過10小時,teachers_book,英國,政治,"[衰廢市鎮, 廢奴法案, 工廠法, 新救濟法, 10小時法規]",V.3/Ch.2/個人、自由、理性,英國在十九世紀初期的各項改革,,,
1138,**1832年 (受惠階級: 中產階級)**<br>1. 廢除56個私人及衰廢市鎮的席次而空出111席，再另把32個城鎮的席次由原來的2席減為1席。總計空出的143席全數分配給因工業革命而興起的新興市鎮，以及之前從未獲有席次的郡區，蘇格蘭與愛爾蘭郡區因此獲得13席<br>2. 在城鎮年付10鎊以上房屋稅之人，在鄉村年付10鎊土地稅的長期土地租用者、年付50鎊土地稅的短期土地租用者，與年付2鎊土地稅的自有土地者，皆有投票權。有選舉權之人占總人口的4%<br>**1867年 (受惠階級: 城市工人)**<br>在城鎮年付10鎊以上的租戶、擁有房屋及在郡區年付12鎊地租的農戶，和土地年產值5鎊以上的土地所有人，皆享有投票權。有選舉權的人數占總人口的8%<br>**1884年 (受惠階級: 鄉村農民)**<br>鄉村中擁有房屋或年付10鎊以上之租戶都獲有選舉權。經由此次改革，英國幾乎達到成男普選的標準（只有約15%的人被排除），有選舉權的人數占總人口的16%<br><br>【改寫自：王曾才，《西洋近世史》（臺北：正中書局，1995），頁496、615、616】,teachers_book,英國,政治,"[中產階級, 衰廢市鎮, 城市工人, 鄉村農民, 成男普選]",V.3/Ch.2/個人、自由、理性,十九世紀英國的三次國會改革,,,
1139,**時間**<br>1838年～1848年<br>**源起**<br>1. 1837年，「倫敦工人協會」成立<br>2. 1838年，協會提出〈人民憲章〉揭橥六項宗旨：<br>(1) 21歲以上成年男子普選<br>(2) 每一選區人口數量相同<br>(3) 不記名投票<br>(4) 取消參選財產限制<br>(5) 給予議員年俸<br>(6) 每年改選國會議員<br>此後爭取實現憲章內容的抗爭就被稱為「憲章運動」<br>**運動進程**<br>1. 1839年，第一屆憲章代表大會在倫敦召開，起草請願書，上呈國會下議院，遭到否決。消息傳出，各地工人紛紛舉行遊行抗議，遭到軍警鎮壓，多名代表遭到逮捕<br>2. 1842年，「全國憲章協會」展開新一波的請願活動，請願書上的簽名高達330萬人，又遭否決，引發8月罷工浪潮，最後遭到鎮壓與關押<br>3. 1848年受到二月革命風潮與馬克思《共產黨宣言》的激勵，再度上書請願，但最後還是遭到否決，運動自此陷入低潮<br>**沒落原因**<br>英國經濟持續繁榮使民眾普遍受惠，當時政府也已漸進推行改革中<br>**影響**<br>1. 憲章運動雖然失敗，但其六項宗旨，除了每年改選國會議員之外，其餘在日後皆陸續獲得實現<br>2. 列寧稱它是「世界上第一次廣泛的、真正群眾的、政治性的無產階級革命運動」<br><br>【改寫自：希伯特著、賈士蘅譯，《英國社會史》（臺北：國立編譯館，1995），頁777～786；W.A史派克著、糜佳譯，《抗拒民主的國家—大不列顛的遲疑與抉擇》（臺北：左岸文化，2002），頁116～119】,teachers_book,英國,社會,"[倫敦工人協會, 人民憲章, 成年男子普選, 不記名投票, 無產階級]",V.3/Ch.2/個人、自由、理性,憲章運動,,,
1140,近代的工會大約出現於1790年前後，可能與英國的棉紡織業有關。十九世紀前期工會組織並不多見，且常為政府查禁的非法團體，但隨著工業革命的傳播與問題叢生，各地工會如雨後春筍般紛紛成立，工會運動也隨之蓬勃發展。以英國為例，1864年馬克思在倫敦成立「國際工人協會」（第一國際）之後，英國工會與激進派聯合起來爭取選舉權。他們看透自由黨與保守黨的合作聯盟，決定以行動抗爭。各大工業城市掀起要求參政權的大型市民示威活動，工會以旗幟組織參加，有的甚至轉向破壞鐵路等廣泛暴動。保守黨的領袖為避免革命爆發，選擇讓步，於1867年提出修正案，使選民總數從135萬增加到225萬，雖未達到成年男子普選，但工業革命後勢力日益上揚的工人階級大體上取得選舉權。<br><br>【改寫自：許介麟，《英國史綱》（臺北：三民書局，1981），頁185～186；王曾才，《西洋近代史》（臺北：正中書局，1990），頁169～170】,teachers_book,英國,社會,"[工會, 工業革命, 國際工人協會, 選舉權, 工人階級]",V.3/Ch.2/個人、自由、理性,英國工會的發展,,,
1141,**多族王朝**<br>十九世紀奧地利帝國的版圖與人口僅次於俄國，但它不是一個民族國家而是一個王朝；境內至少有十餘個主要的民族或語言集團，如日耳曼人、馬札兒人、波蘭人、塞爾維亞人等<br>**奧匈帝國**<br>**由來**<br>在薩奧、普奧戰爭接連失敗後，為了鞏固政權，以及避免非日耳曼民族趁機爭取獨立，奧皇派代表與匈牙利貴族協商制訂「妥協憲法」，據此於1867年成立奧匈雙元帝國<br>**運作**<br>1. 帝國元首是奧地利皇帝兼匈牙利國王<br>2. 奧、匈以萊塔河為界，均為主權國家，有各自的議會、憲法和政府，行政語言分別為德語與馬札兒語，外交、軍事、財政則由雙方共管<br>3. 國家支出按比例分攤，定有貨幣、關稅盟約以確保兩國經濟上的協調或統一<br>4. 兩國共同事務由兩國議會代表團定期開會商討<br>**侷限**<br>1. 二元體制的安排僅是日耳曼人與馬札兒人的互相妥協，無法解決境內其他的民族衝突<br>2. 二十世紀初期，捷克人、義大利人、波蘭人和南斯拉夫人的種族爭議更熾<br>3. 日耳曼人和匈牙利人的統治階級之間也發生衝突，皇帝甚至一度解散匈牙利議會<br><br>【改寫自：王曾才，《西洋近代史》（臺北：正中書局，1990），頁221～229】,teachers_book,東歐,政治,"[民族國家, 妥協憲法, 奧匈雙元帝國, 日耳曼人, 馬札兒人]",V.3/Ch.2/個人、自由、理性,從奧地利帝國到奧匈帝國,,,
1142,加富爾成為薩丁尼亞的首相後，便積極著手義大利建國運動。加富爾對內採行一系列的改革措施，如推動貿易自由化、改革稅制、頒布工業壟斷法、修築鐵路、強化國家銀行職權等。對外，則是締結外交協定與採取軍事行動。他的第一步是聯法制奧，為此他派兵加入看似與薩丁尼亞無關的克里米亞戰爭。戰後，加富爾以戰勝國身分出席巴黎會議，在會議中痛斥奧國對義大利的粗暴干涉，博得歐洲輿論的同情；並得以與拿破崙三世會晤，達成「紳士協定」：薩丁尼亞割讓尼斯與薩伏衣，換取法國提供其遭受奧國攻擊時的協助。薩奧戰爭爆發後，義大利各邦掀起革命運動，要求與薩丁尼亞合併。拿破崙三世對此感到恐懼，竟背信忘義與奧國簽約停戰。受此打擊，加富爾引咎辭職。然而下臺之後，他卻還是成功遊說托斯卡尼等四個邦國與薩丁尼亞合併，並因此而得以復職，繼續主持義大利建國大業。<br><br>【改寫自：R.R.Palmer 等著，孫福生等譯，《現代世界史前篇：從歐洲興起到一八七〇年》（臺北：麥格羅希爾，2016），頁586～588；郭豫斌，《圖解世界史・近代史（下）》（臺中：好讀，2007），頁186～187】,teachers_book,義大利,政治,"[加富爾, 薩丁尼亞, 克里米亞戰爭, 拿破崙三世, 薩奧戰爭]",V.3/Ch.2/個人、自由、理性,加富爾的建國計畫,,,
1143,加里波底早年受到馬志尼的影響，曾加入燒炭黨。在一次叛亂失敗後，他輾轉逃至南美洲，並確立了他的服裝標誌：紅衫、南美洲斗篷、墨西哥帽，他後來招募的「義大利軍團」也因此被稱為「紅衫軍」。1860年，西西里爆發反對波旁王朝的抗爭，加里波底成功登陸，並擊敗波旁王朝。當加里波底的紅衫軍解放西西里島、那不勒斯，實現南義大利的統一時，薩丁尼亞國王反而為此惶惶不安，擔心他會據地稱王。首相加富爾因此派人到巴勒摩、那不勒斯等地進行遊說，宣傳將南義大利併入薩丁尼亞的思想。同時，以「支援」之名調集兩萬大軍南下，實際上是為了阻止加里波底繼續北上。加里波底只好同意以全民公投決定南義大利的歸屬問題，加富爾就這樣輕易地奪取了他的戰果。加里波底最後謝絕國王與加富爾給予的重賞，退隱卡普里島。在法國與薩丁尼亞的監視之下，卡普里島反而成為他的流放地，直到他於1882年去世。<br><br>【改寫自：郭豫斌，《圖解世界史・近代史（下）》（臺中：好讀，2007），頁184～185；王晴天，《圖解歐洲史》（新北：典藏閣、采舍國際，2018），頁290～291】,teachers_book,義大利,政治,"[加里波底, 加富爾, 馬志尼, 紅衫軍, 薩丁尼亞]",V.3/Ch.2/個人、自由、理性,加里波底與加富爾,,,
1144,1862年和1867年，加里波底曾兩次企圖攻占羅馬，但都在法國對教宗國的幫助下失敗。1870年普法戰爭爆發，拿破崙三世撤回在羅馬的駐軍；色當會戰後拿破崙三世垮臺，第二帝國瓦解。薩丁尼亞國王伊曼紐二世向教宗庇護九世提出建議，以保護教宗為名容許義大利軍隊和平進入羅馬，但被拒絕。9月11日義大利軍隊跨越邊界，慢慢地向羅馬推進，並於19日包圍羅馬，兵臨城下。教宗進行象徵性抵抗，次日義軍進入羅馬。在10月2日的公投之後，羅馬被併入義大利王國，隔年7月義大利政府由佛羅倫斯遷都至羅馬。此舉造成教會與國家之間難以彌合的裂痕，教宗被剝奪了占據一千多年的領土，因此教宗庇護九世宣稱自己是「梵蒂岡的囚犯」，閉門不出，繼任者亦繼續過著自我禁閉的生活，直到1929年雙方才解決這個爭端。<br><br>【改寫自：R.R.Palmer 等著，孫福生等譯，《現代世界史前篇：從歐洲興起到一八七○年》（臺北：麥格羅希爾，2016），頁588～589；克里斯托弗・達根著，從飛軍、張晶晶譯，《命定的分裂？意外統一的義大利》（臺北：左岸文化，2002），頁144～146】,teachers_book,義大利,政治,"[加里波底, 羅馬, 普法戰爭, 拿破崙三世, 梵蒂岡的囚犯]",V.3/Ch.2/個人、自由、理性,進占羅馬,,,
1145,**時間**: 1815～1866年（維也納會議～普奧戰爭）<br>**成員**: 共39個邦國，包含1個帝國，5個王國，6個大公國，12個公國，11個侯國、4個城邦<br>**範圍**: 約與過去神聖羅馬帝國的疆域相同<br>**主導者**: 奧國、普魯士<br>**邦聯會議**: 1. 在法蘭克福舉行，由奧地利擔任主席<br>2. 邦聯的決議（至少要2/3與會代表通過）只能約束各邦政府而非臣民<br>3. 遇有戰事，可派遣軍隊（由各邦提供兵源）進行抵禦<br>**衰落**: 1848～1849年革命風潮期間，邦聯一度失去作用，1850年在奧地利強力鎮壓革命後才勉強恢復<br>**結束**: 1866年普奧戰爭結束後，被北日耳曼聯邦所取代<br><br>【改寫自：《大國崛起》系列叢書編輯出版委員，《大國崛起—德國》（臺北：青林國際，2007），頁104～105；瑪麗・富布盧克著，王軍瑋、萬方譯，《妳在哪裡，德意志？一個找不到自我的國家》（臺北：左岸文化，2002），頁139～140】,teachers_book,德國,政治,"[日耳曼邦聯, 維也納會議, 普奧戰爭, 奧國, 普魯士]",V.3/Ch.2/個人、自由、理性,日耳曼邦聯,,,
1146,**成立背景**: 工業革命於十九世紀初傳入日耳曼地區，但各邦國長期分立，貨幣和度量衡制度混亂，關卡林立，阻礙工商業發展，唯有取消境內關卡，建立國內統一市場，方能提升經濟競爭力<br>**成立過程**: 1. 1818年，普魯士實施新稅法，消除境內關稅<br>2. 1828年，普魯士與黑森公國達成最初的關稅協定<br>3. 1834年，18個公國正式成立關稅同盟<br>**奧國態度**: 普魯士主導的關稅同盟成立一事，奧地利原本不以為意，也未加入，1848年後奧地利漸感孤立，因此倡議組成一個德意志各邦之間的貿易及關稅組織，卻無公國附和<br>**重要性**: 消除經濟發展障礙，成為日後日耳曼地區統一的先驅<br><br>【改寫自：瑪麗・富布盧克著，王軍瑋、萬方譯，《妳在哪裡，德意志？一個找不到自我的國家》（臺北：左岸文化，2002），頁152～154；杜美，《德國文化史》（臺北：揚智，1995），頁246～247】,teachers_book,德國,經濟,"[關稅同盟, 工業革命, 普魯士, 奧地利, 統一市場]",V.3/Ch.2/個人、自由、理性,關稅同盟,,,
1147,1862年，正當普魯士國王威廉一世與國會因軍費、徵兵問題爭執得不可開交之際，俾斯麥奉召回國就任首相。他對威廉一世說：「在對國會的衝突中，我絕不背棄國王陛下，願與您同進退。」根據普魯士憲法，首相只需聽從國王，不需理會國會，因此俾斯麥掌握內政和外交實權，大刀闊斧地展開革新計畫，加上對外戰爭，成功藉「鐵血政策」一步步讓威廉一世成為統一德國的君主。<br>威廉一世與俾斯麥其實經常意見不合，每一次爭執時俾斯麥都揚言辭職，最後幾乎都是威廉一世先低頭同意他的做法。威廉一世曾對其他人說：德國可以沒有我，但不能沒有俾斯麥。在國王的力挺之下，俾斯麥才能毫無顧慮地進行統一大業。1888年威廉一世駕崩後，登基的新皇威廉二世不喜歡俾斯麥，於1890年藉故解除他首相職位。<br><br>【改寫自：賽巴斯提安・哈夫納著、周全譯，《從俾斯麥到希特勒：回顧德意志帝國》（臺北：左岸文化，2011），頁80～83；郭毓斌，《圖解世界史・近代卷（下）》（臺中：好讀，2007），頁192～193】,teachers_book,德國,政治,"[俾斯麥, 威廉一世, 普魯士, 鐵血政策, 威廉二世]",V.3/Ch.2/個人、自由、理性,俾斯麥與威廉一世,,,
1148,**背景**: 什列斯威・好斯敦的問題未能解決，俾斯麥趁奧國苦於匈牙利問題時，開始在國際試圖孤立奧國<br>**時間**: 1866年<br>**導火線**: 俾斯麥提議改革日耳曼邦聯，奧國不能接受，以多數優勢展開反擊，於是普魯士宣布日耳曼邦聯遭奧國破壞，戰爭爆發<br>**過程**: 6月 普魯士對奧國宣戰，同盟義大利參戰<br>7月3日 普魯士毛奇指揮薩多瓦（Sadowa）會戰，大敗奧軍<br>8月12日 奧軍潰不成軍，雙方停戰<br>**談和**: 雖然情勢有利，但俾斯麥堅持結束戰爭，因為把奧國勢力趕出日耳曼的目的已經達成，再戰恐怕奧國會和法國結盟，使普魯士兩面受敵，因此迅速媾和<br>**結果**: 1. 普魯士排除了奧國在日耳曼的領導勢力<br>2. 解散日耳曼邦聯，改組為北日耳曼聯邦，成為日後德意志帝國的基礎<br>3. 奧國與匈牙利人妥協，授予同等地位，建立二元君主國奧匈雙元帝國<br><br>【改寫自：黃俊文著，《世界通史》（臺北：考用社，1995），頁248～249；郭毓斌，《圖解世界史・近代卷（下）》（臺中：好讀，2007），頁198～201】,teachers_book,德國,政治,"[普奧戰爭, 俾斯麥, 日耳曼邦聯, 薩多瓦會戰, 奧匈雙元帝國]",V.3/Ch.2/個人、自由、理性,普奧戰爭,,,
1149,**時間**: 1867～1871年<br>**成立**: 普奧戰爭結束後，由北日耳曼地區的22個邦組成，排除奧地利，也排除巴伐利亞等南部幾個公國<br>**運作**: 普魯士王威廉一世擔任聯邦主席，俾斯麥兼任聯邦首相，並且創制一部聯邦憲法；各邦在聯邦議會均有席次，唯普魯士占有17席<br>**意義**: 1. 此一政治形式歷時雖短，卻有助於普魯士控制北日耳曼地區各邦，利於日後德意志帝國的建立<br>2. 普魯士國王成為世襲的領袖，大臣們直接對他本人負責<br><br>【改寫自：瑪麗・富布盧克著，王軍瑋、萬方譯，《妳在哪裡，德意志？一個找不到自我的國家》（臺北：左岸文化，2002），頁169～170；R.R.Palmer 等著，孫福生等譯，《現代世界史前篇：從歐洲興起到一八七○年》（臺北：麥格羅希爾，2016），頁595～596】,teachers_book,德國,政治,"[北日耳曼聯邦, 普奧戰爭, 普魯士, 威廉一世, 俾斯麥]",V.3/Ch.2/個人、自由、理性,北日耳曼聯邦,,,
1150,**時間**: 1870～1871年<br>**背景**: 普魯士欲統一德國，須奪回受法國控制的南日耳曼諸邦，法國不願意也擔心統一的德國將成為一大威脅<br>**導火線**: 俾斯麥藉西班牙王位繼承問題，以「埃姆斯密電」激起普、法人民的民族仇恨，讓法國先行宣戰<br>**戰爭過程**: 1. 法國先發制人，卻被普軍擊潰，只好退回國境，轉攻為守<br>2. 色當之役，拿破崙三世兵敗被俘<br>3. 法國政變，法蘭西第二帝國被推翻，第三共和成立<br>4. 普軍包圍巴黎，普皇威廉一世在凡爾賽宮鏡廳登基為德意志帝國皇帝<br>5. 普、法簽署《法蘭克福條約》，法國賠款、割讓亞爾薩斯與洛林<br>**影響**: 德、法從此結怨，成為一次大戰的遠因<br>▶雨果：「如果人們將之稱為條約的東西變成事實，歐洲將永無寧日。」<br>▶俾斯麥：「我敢肯定在不久的將來，我們兩國之間將會有一場戰爭。」<br><br>【改寫自：賽巴斯提安・哈夫納著、周全譯，《從俾斯麥到希特勒：回顧德意志帝國》（臺北：左岸文化，2011），頁50～59；郭毓斌，《圖解世界史・近代卷（下）》（臺中：好讀，2007），頁202～205】,teachers_book,德國,政治,"[普法戰爭, 俾斯麥, 埃姆斯密電, 拿破崙三世, 凡爾賽宮]",V.3/Ch.2/個人、自由、理性,普法戰爭,,,
1151,1871年，威廉一世在凡爾賽宮鏡廳登基，德意志帝國正式誕生，但人們慣稱這個德意志民族國家為「德意志國」（Deutsches Reich），而不是「德國」（Deutschland），主要原因在於：它從一開始就大於、但同時也小於「德國」這個民族國家。「小於」是因為它將許多德國人排除在外，所以它是「小德意志國」；它只是在普魯士力有所逮的範圍內被建立成一個民族國家，因此它常被認為是「普魯士的德意志國」。但它同時也「大於」德國，因為它可以是「普魯士在最大範圍內所能支配的德國」，或是「德國在最大範圍內所能支配的歐洲或世界」，前者是俾斯麥的見解，後者是希特勒的詮釋。<br><br>【改寫自：賽巴斯提安・哈夫納著、周全譯，《從俾斯麥到希特勒：回顧德意志帝國》（臺北：左岸文化，2011），頁30～31】,teachers_book,德國,政治,"[德意志帝國, 威廉一世, 凡爾賽宮, 德意志國, 普魯士]",V.3/Ch.2/個人、自由、理性,德意志帝國,,,
1152,1871年德意志帝國建國時，有多方不滿的聲浪，因為它並不是真正的民族統一運動，而是普魯士權力的擴張。所以統一後，德國政府必須再強化國民意識的凝聚。國族主義是一種可以將左中右對立的意識形態統一的主義，它可以是保守的，強調傳統與國家的權威；它可以是自由民主的，因為它立足於全民平等之上；它也可以是社會主義的，因為它與解放被壓迫的民族或階級相輔相成。<br>為此，德國政府向民眾灌輸國族主義的精神，尤其加強青少年教育，幾乎每個兒童都被系統化地教導他們的國家是最好的國度，並傳授美化後的民族領袖與建國英雄的事蹟。政策方面，透過成年男子普選產生國民議會，滿足部分自由民主主義分子；實施君主聯邦體制，使各邦君主理論上均享有神授或世襲的權力，滿足部分保守主義分子；1880年代以後，陸續推動疾病、意外、老年與殘疾保險等，則是滿足社會主義分子。最後，在國族主義面前，各種聲浪都逐漸退縮或讓步了。,teachers_book,德國,文化,"[國族主義, 普魯士, 國民議會, 君主聯邦體制, 社會主義]",V.3/Ch.2/個人、自由、理性,統一後的德國國族主義的建立,,,
1153,**經濟衝突**: 1820年代前後美國開始工業革命，北方成為工業區，為抵制英國工業製品的傾銷，主張提高關稅 | 南方仍為農業區，因對歐洲輸出大宗棉花，並自歐洲輸入工業品與奢侈品，故主張降低關稅<br>**政治考量**: 希望加強中央權威，使中央政府有能力給予北方工業發展所需要的安定和秩序 | 為了平衡政治權力，需要新土地以建立更多奴隸州，來抵銷加入北方的自由州<br>**聯邦意識**: 認為聯邦政府是代表各州人民的政府，否認南方有退出聯邦的權利 | 發現南北政治權力難以平衡後，有意脫離聯邦，另組政治組織<br>**黑奴問題**: 工商業發達，不需要黑奴作為生產的勞動力，且社會上民主、平等思想勃興，反奴情緒高張 | 工業革命之後成為工業原料的輸出地，棉花、製糖、菸草業等都需要黑奴，黑奴無異於南方經濟的柱石<br>**領土問題**: 北方人希望在西進領土和南方領土建立自由社會 | 南方人希望將奴隸制度帶入西進領土和南方領土<br> | 西部拓荒者較同情北方，使南方勢力屈居劣勢，而在南方新併領土上則南、北方衝突不斷，最後堪薩斯、內布拉斯加設州問題終使南、北方兵戎相見<br><br>【改寫自：黃俊文，《世界通史》（臺北：考用社，1995），頁229～230；黃台香，《為解放黑奴而戰：美國南北戰爭》（臺北：莎士比亞文化，2009），頁9～10】,teachers_book,美國,政治,"[南北戰爭, 經濟衝突, 政治考量, 黑奴問題, 聯邦意識]",V.3/Ch.2/個人、自由、理性,南北戰爭的背景,,,
1154,1854年，美國共和黨創立，成員多是北方資本家，反對奴隸制度。於1838年開始公開反對蓄奴的林肯，也於1856年加入共和黨。而與共和黨對立的民主黨，則代表南方奴隸主的利益。兩黨都希望在總統大選上獲勝，以維護自身的利益。1860年的美國總統大選，共和黨參選人林肯提出反對奴隸制度與保護關稅綱領。林肯當選後，南部各州紛紛宣布脫離聯邦。1861年2月，南部七個州代表宣布成立「美利堅邦聯」，並推選傑佛遜・戴維斯（Jefferson Davis）為南方總統，4月，開始進行武裝叛亂，醞釀多年的內戰終於爆發。<br><br>【改寫自：張勝柏，〈黑人與美國內戰（1860～1865）〉，《西洋史集刊》，（臺南：成功大學歷史系，1999:9），頁206；黃台香，《為解放黑奴而戰：美國南北戰爭》（臺北：莎士比亞文化，2009），頁12】,teachers_book,美國,政治,"[林肯, 共和黨, 奴隸制度, 美利堅邦聯, 傑佛遜・戴維斯]",V.3/Ch.2/個人、自由、理性,南北戰爭導火線：林肯當選總統,,,
1155,"**州數**: 23州 | 11州<br>**人口**: 約2,200萬人 | 約900萬（其中包括400萬黑奴）<br>**兵力**: 約200萬 | 約100萬<br>**工廠**: 占全美90% | 占全美10%<br>**經濟**: 擁有發達的工業、鐵路網及商船，利於武器製造與戰時運輸物資 | 以農業為主的南方缺乏工廠，在武器方面不如北方<br><br>【改寫自：王曾才，《西洋近世史》（臺北：正中書局，1995），頁648～649】",teachers_book,美國,經濟,"[南北戰爭, 北方, 南方, 工廠, 工業]",V.3/Ch.2/個人、自由、理性,南北戰爭時南北方的實力比較,,,
1156,1864年12月，國會動議美國憲法第十三號修正案，1865年完成訂立，全美國廢止了奴隸制度。1868年訂立第十四號修正案，確定公民權利，並賦予聯邦政府更大的權力，得以要求各州提供平等的法律保障。1870年訂立第十五號修正案，規定「美國或其任何一州，對於美國任何公民之投票權，不得以種族、膚色或曾為奴隸而否定或削奪之」，保證黑人男子投票權利。然而，戰後黑人在社會上仍受到歧視，例如愈來愈多的黑人搬入紐約的哈林區之後，許多當地的白人居民寧可選擇搬離，也不願與之為鄰；可見即使是在美國北方，當時黑人和白人的相處也並不融洽，南北戰爭雖然廢除了奴隸制，但未能消弭種族之間的歧視。,teachers_book,美國,社會,"[憲法第十三號修正案, 公民權利, 投票權, 種族歧視, 奴隸制度]",V.3/Ch.2/個人、自由、理性,憲法修正條文對黑人的保障,,,
1157,斯托夫人出生於牧師家庭，從小受到宗教與自由思想的影響，成為一位堅定的廢奴主義者。她於1852年出版小說《湯姆叔叔的小屋》，描述肯塔基的農場主謝爾比因為欠債，打算賣掉奴隸湯姆與哈里，哈里的母親伊麗莎（也是謝爾比家中的女奴）得知消息後，便帶著哈里逃亡，湯姆則是<br>被賣到另一農場。最後，湯姆因保護逃亡的奴隸，拒絕透露他們的行蹤而被殺害，伊麗莎與哈里則前往獲得自由的奴隸所建立的國家賴比瑞亞。小說寫出了黑人追求自由的苦狀，黑奴家庭與婚姻的破裂，以及黑奴受到的精神、身體虐待，一出版後立刻造成轟動，激起許多人反奴隸制的熱情。就連後來林肯接見斯托夫人時，都曾說道：「你就是那位寫了一本書，引發了一場大戰的小婦人。」<br><br>【改寫自：《大國崛起》系列叢書編輯出版委員，《大國崛起—美國》（臺北：青林國際，2007），頁110；黃台香，《為解放黑奴而戰：美國南北戰爭》（臺北：莎士比亞文化，2009），頁25～26】,teachers_book,美國,文化,"[斯托夫人, 湯姆叔叔的小屋, 廢奴主義者, 黑奴, 林肯]",V.3/Ch.2/個人、自由、理性,湯姆叔叔的小屋,,,
1158,德國在勞工保險這項社會福利政策領先世界的原因，其實是源於俾斯麥對社會民主黨的忌諱與打擊。俾斯麥之所以憎惡社會民主黨，有兩個因素：一是該黨的國際化的態度，二是該黨當時仍堅持革命的立場。兩名激進分子圖謀暗殺皇帝的行動（但不管怎樣牽強附會，這兩個人都不是社會民主黨人），為他提供了藉口。於是1878年起，他對該黨展開一連串的鬥爭，頒布《反對社會民主黨者進行危害公安活動法》，將領導人逐出居住地、查禁集會刊物等；另外，他也嘗試用一些建設性的手段來打擊，包括推出：1883年健康保險、1884年事故保險、1889年傷殘保險等，俾斯麥將之視為對抗社會民主黨的一個環節，希望國家改善工人的待遇後，工人就會脫離該組織，但事與願違，工人仍持續認同社會民主黨。不過這些做法卻成為德國社會保險的濫觴，俾斯麥也因此被譽為現代德意志社會福利國之父。<br><br>【改寫自：賽巴斯提安・哈夫納著、周全譯，《從俾斯麥到希特勒：回顧德意志帝國》（臺北：左岸文化，2011），頁66～68；葉至誠，《年金制度與社會保障：臺灣與世界主要國家制度的介紹》（獨立作家，2016），頁131～132】,teachers_book,德國,社會,"[俾斯麥, 勞工保險, 社會民主黨, 健康保險, 社會福利]",V.3/Ch.2/個人、自由、理性,德國建立世界上最早的勞工保險,,,
1159,**一次大戰前**: 自由黨執政期間，通過：<br>1.《老年年金法》：年滿七十歲以上，每年所得不及二十四磅者，每週可領五先令養老金<br>2.《失業保險法》：凡有季節性或循環性失業的行業，均予保險，失業者可領十五週每週七先令的保險金；保險費由工人、雇主及國家共同負擔<br>3.《最低工資法》：使最低工資獲得保障<br>**一次大戰後**: 經濟大恐慌導致失業率高，通過：<br>1.《失業法》：整合保險及失業救濟法則<br>2.《特別地區法》：將失業者移居較為繁榮地區<br>**二次大戰後**: 工黨政府提出「從搖籃到墳墓」的福利政策：<br>1.《國民保險法》：將原有保險法令整合在一起，還擴大其適用範圍與給付金額<br>2.《工業傷害保險法》：詳細規範對工人在工作中所受傷害之賠償<br>3.《國民保健服務法》：對全英人民提供免費的醫療服務<br><br>【改寫自：黃琛瑜，《英國政府與政治》（臺北：五南，2019），頁504～505；錢乘旦、陳曉律，《在傳統與變革之間：英國文化模式淵源》（香港：香港中和，2013），頁141～146】,teachers_book,英國,社會,"[社會福利, 老年年金法, 失業保險法, 國民保險法, 國民保健服務法]",V.3/Ch.2/個人、自由、理性,二十世紀前期英國的社會福利政策,,,
1160,十八世紀<br>1. 受啟蒙運動天賦人權觀念的影響，女性爭取自我權利的意識逐漸興起<br>2. 1790年代英國瑪莉・吳爾史東克拉芙特（Mary Wollstonecraft）出版《女教論》（Thoughts on the Education of Daughters）與《為女權辯護》（A Vindication of the Rights of Woman），後者是最早的女權主義著作<br>3. 法國大革命期間，奧麗姆・高齊（Olympe de Gouges）發表《女權宣言》（Declaration of the Rights of Women），但隨即成為殉道者<br>1848年<br>美國紐約州召開第一次女權大會，歐洲大型婦運亦隨即而起，但當時革命紛擾，故成效不佳<br>1893年<br>紐西蘭通過公民普選權，是第一個讓成年婦女擁有投票權的區域，但當時紐西蘭仍隸屬於英國<br>1903年<br>艾蜜莉潘克赫斯特成立婦女社會政治聯盟，爭取英國婦女參政權<br>1918年<br>英國國會通過法案，30歲以上婦女獲得選舉權<br>1920年<br>美國國會通過憲法修正案，婦女獲得選舉權<br>1923年<br>美國女權運動人士向參議院提出《平等權利修憲案》（Equal Rights Amendment），要求將性別平等權利載入憲法<br>→1972年此案經參眾兩院通過，但交由各州批准時，未獲通過法案所需的38州支持，修憲案終告失敗<br>1928年<br>英國將婦女選舉權年齡限制降低到21歲<br>1944年<br>女權與女性參政意識的起源地法國，於二戰後期才通過法律確定男女平等參政權<br>1960年代<br>在民權運動的激勵下，第二波女權運動興起，最早從美國開始，然後波及整個西方世界和其他地區，包括爭取性別平等、生育權、墮胎、避孕、離婚與工作權等<br>1967年<br>美國「全國婦女組織」成立，以推動修憲為主要目標，但未成功<br>1972年<br>美國通過教育法案《第九條款》（Title IX），女性獲得平等教育機會<br><br>【改寫自：斯特龍伯格著、劉北成譯，《西方現代思想史》（北京：金城，2012），頁658～671；利昂・P.巴拉達特著，張慧芝等譯，《意識形態：起源與影響》（北京：世界圖書，2010），頁305～308】,teachers_book,女權運動,政治,"[瑪莉・吳爾史東克拉芙特, 為女權辯護, 參政權, 艾蜜莉潘克赫斯特, 平等權利修憲案]",V.3/Ch.2/個人、自由、理性,女權運動的演進,,,
1161,二十世紀之前，女性被鼓勵留在家中，是男性所擁有、不用支付報酬的家庭助手。這個現象在一次大戰爆發後，有了很大的改變。由於男子被大量徵調赴戰場，導致男性勞動力的短缺，女性須扮演原來男性的角色，已婚婦女填補丈夫參戰後空虛的工作，她們種田理家或處理生意；單身婦女多走入軍火工廠、軍需工廠或紡織廠上班，教職更是多由單身女性擔任。幾個世紀以來，女性首次受到前所未有的重視，不但有了就業權利，為了配合女性工作需要，許多國家也廣設托兒所與幼稚園。政治權利方面，一次大戰之後，歐美部分國家確立女性投票權，如1918年英國婦女獲得有限的選舉權、1920年美國給予婦女選舉權等，顯示女性地位逐漸受到重視。<br><br>【改寫自：林麗珊，《女性主義與兩性關係》（臺北：五南，2007），頁110；黃中憲，《另類世界史：打開歷史廣角》（臺北：書林，2003），頁179】,teachers_book,女權運動,社會,"[一次大戰, 勞動力, 就業權利, 投票權, 女性地位]",V.3/Ch.2/個人、自由、理性,一次大戰與婦女地位的改變,,,
1162,艾蜜莉潘克赫斯特是活躍於十九世紀後期至二十世紀初期的英國女性參政運動領袖。她成立「婦女社會政治聯盟」（WSPU）領導志同道合的婦女一起進行抗爭，她們的行動激進，包括攻擊首相府、警察，或縱火焚燒建築物等，因此多次被捕入獄；為了聲援其他被捕人士，她於獄中進行絕食抗議，成功引起社會對婦女參政權的關注。<br>「行動，而非語言，才是我們永遠的座右銘」是潘克赫斯特的名言，她幾乎親臨每一場活動，連兒子過世時也是。一次大戰爆發時，她拋開對政府的成見，暫停聯盟所有的示威活動，強調全國團結一致對外，此舉令部分成員不滿並脫離聯盟。但潘克赫斯特持續說服政府讓女性加入職場，使女性成為戰時重要的生產力，貢獻備受肯定。1918年，英國30歲以上的女性獲得投票權；1928年，潘克赫斯特與世長辭時，英國婦女也獲得普選權。<br><br>【資料來源：斯特龍伯格著、劉北成譯，《西方現代思想史》（北京：金城，2012），頁659】,teachers_book,女權運動,政治,"[艾蜜莉潘克赫斯特, 婦女社會政治聯盟, 參政運動, 絕食抗議, 普選權]",V.3/Ch.2/個人、自由、理性,艾蜜莉潘克赫斯特,,,
1163,1838年的《人民憲章》沒有落實，但相關內容由1867年英國改革法案陸續落實，1867年英國改革法案內容如下：<br>第三條：凡具有下列各項資格的男子，得有權在1868年及以後登記作為選舉人，經登記後得選舉代表某一城鎮的議會議員一人或一人以上。即：<br>（1）已屆成年，並未被褫奪法律行為者。<br>（2）在該年7月最後一日，並在此前12個月中一直以房主或房客資格，在該鎮選區內居留者。<br>（3）在前述居住期限內，根據其所居城鎮選區攤派支付貧民救濟金者。<br>（4）在同年7月20日或21日以前，曾同一般居民根據其居住房屋，按比例誠實繳納自1月5日以來的一切救濟金者。<br>參考資料：張芝聯選譯，《1815～1870年的英國》，北京：商務印書館，1961，頁120～121。,teachers_book,英國,政治,"[英國改革法案, 人民憲章, 選舉人, 議會議員, 選民資格]",V.3/Ch.2/個人、自由、理性,1867年英國改革法案部分條文,,,
1164,2000年南斯拉夫聯邦共和國的總統大選中，在野黨聯盟大獲全勝，但政府卻以該聯盟得票數未過半為由，宣布重新舉辦投票。同時，民眾陸續揭發許多投票過程的可疑點，如部分選區的票數超過選民總數，加上長年累積的民主改革訴求，促使民眾上街抗議。<br>示威活動在10月5日達到高峰，當天一臺裝載機衝向國家電臺，抗議群眾一擁而上控制該電臺。該電臺長期被視為是南斯拉夫政府對外宣傳的象徵，該舉動遂成為這一系列抗議的標誌，稱為推土機革命（Bulldozer Revolution，媒體報導時，將裝載機誤報為推土機，卻因較順口成為通稱）。<br>長年掌權的總統米洛塞維奇（Slobodan Milošević，1989～2000年掌權），基於龐大的民眾壓力，宣布辭職。隔年遭到國際法庭起訴、定罪，2006年死於牢房。時至今日，每年的10月5日，當地都會舉辦相關活動，紀念人們對於民主自由的追求。,teachers_book,東歐,政治,"[南斯拉夫, 推土機革命, 米洛塞維奇, 總統大選, 民主改革]",V.3/Ch.2/個人、自由、理性,2000年南斯拉夫推土機革命,,,